id,name,cate,corp,renamecardimage,cardimage,pre,discontinue,sharestate,annual
1,신한카드 Hi-Point,CRD,신한카드,https://api.card-gorilla.com:8080/storage/card/1/card_img/20083/1card.png,https://api.card-gorilla.com:8080/storage/card/1/card_img/20083/1card.png,16,0,1,2
2,신한카드 Love,CRD,신한카드,https://api.card-gorilla.com:8080/storage/card/2/card_img/20084/2card.png,https://api.card-gorilla.com:8080/storage/card/2/card_img/20084/2card.png,18,0,1,4
3,신한카드 Lady,CHK,신한카드,https://api.card-gorilla.com:8080/storage/card/3/card_img/20085/3card.png,https://api.card-gorilla.com:8080/storage/card/3/card_img/20085/3card.png,36,0,1,1
4,SK에너지 신한카드The you,CHK,신한카드,https://api.card-gorilla.com:8080/storage/card/4/card_img/20086/4card.png,https://api.card-gorilla.com:8080/storage/card/4/card_img/20086/4card.png,25,0,1,8
5,GS칼텍스 신한카드Dream 100,CRD,신한카드,https://api.card-gorilla.com:8080/storage/card/5/card_img/20087/5card.png,https://api.card-gorilla.com:8080/storage/card/5/card_img/20087/5card.png,13,0,1,2
6,신한카드 Cube,CHK,신한카드,https://api.card-gorilla.com:8080/storage/card/6/card_img/20088/6card.png,https://api.card-gorilla.com:8080/storage/card/6/card_img/20088/6card.png,5,0,1,4
7,신한카드 23.5°,CHK,신한카드,https://api.card-gorilla.com:8080/storage/card/7/card_img/20089/7card.png,https://api.card-gorilla.com:8080/storage/card/7/card_img/20089/7card.png,13,0,1,2
8,신한카드 The CLASSIC-Y,CHK,신한카드,https://api.card-gorilla.com:8080/storage/card/8/card_img/20090/8card.png,https://api.card-gorilla.com:8080/storage/card/8/card_img/20090/8card.png,16,0,1,8
9,신한카드 아이행복,CHK,신한카드,https://api.card-gorilla.com:8080/storage/card/9/card_img/20091/9card.png,https://api.card-gorilla.com:8080/storage/card/9/card_img/20091/9card.png,46,0,1,6
10,신한카드 B.Big(삑),CRD,신한카드,https://api.card-gorilla.com:8080/storage/card/10/card_img/24226/10card.png,https://api.card-gorilla.com:8080/storage/card/10/card_img/24226/10card.png,43,0,1,2
11,신한카드 Simple+,CRD,신한카드,https://api.card-gorilla.com:8080/storage/card/11/card_img/20093/11card.png,https://api.card-gorilla.com:8080/storage/card/11/card_img/20093/11card.png,34,0,1,1
12,신한카드 Air Platinum#,CHK,신한카드,https://api.card-gorilla.com:8080/storage/card/12/card_img/20094/12card.png,https://api.card-gorilla.com:8080/storage/card/12/card_img/20094/12card.png,19,0,1,0
13,신한카드 Mr.Life,CRD,신한카드,https://api.card-gorilla.com:8080/storage/card/13/card_img/20095/13card.png,https://api.card-gorilla.com:8080/storage/card/13/card_img/20095/13card.png,20,0,1,1
14,신한카드 YOLO ⓘ,CRD,신한카드,https://api.card-gorilla.com:8080/storage/card/14/card_img/20096/14card.png,https://api.card-gorilla.com:8080/storage/card/14/card_img/20096/14card.png,8,0,1,6
15,신한카드 The CLASSIC+,CRD,신한카드,https://api.card-gorilla.com:8080/storage/card/15/card_img/20097/15card.png,https://api.card-gorilla.com:8080/storage/card/15/card_img/20097/15card.png,41,0,1,7
16,신한카드 RPM+ Platinum#,CRD,신한카드,https://api.card-gorilla.com:8080/storage/card/16/card_img/20098/16card.png,https://api.card-gorilla.com:8080/storage/card/16/card_img/20098/16card.png,31,0,1,1
17,신한카드 YOLO Tasty,CHK,신한카드,https://api.card-gorilla.com:8080/storage/card/17/card_img/20099/17card.png,https://api.card-gorilla.com:8080/storage/card/17/card_img/20099/17card.png,30,0,1,0
18,신한카드 Shopping,CRD,신한카드,https://api.card-gorilla.com:8080/storage/card/18/card_img/20100/18card.png,https://api.card-gorilla.com:8080/storage/card/18/card_img/20100/18card.png,40,0,1,2
19,신한카드 O2O,CRD,신한카드,https://api.card-gorilla.com:8080/storage/card/19/card_img/20101/19card.png,https://api.card-gorilla.com:8080/storage/card/19/card_img/20101/19card.png,17,0,1,0
20,신한카드 Simple Platinum#,CRD,신한카드,https://api.card-gorilla.com:8080/storage/card/21/card_img/20103/21card.png,https://api.card-gorilla.com:8080/storage/card/21/card_img/20103/21card.png,40,0,1,4
21,카카오페이 신한카드,CHK,신한카드,https://api.card-gorilla.com:8080/storage/card/22/card_img/20104/22card.png,https://api.card-gorilla.com:8080/storage/card/22/card_img/20104/22card.png,44,0,1,10
22,신한카드 Always FAN,CHK,신한카드,https://api.card-gorilla.com:8080/storage/card/23/card_img/20105/23card.png,https://api.card-gorilla.com:8080/storage/card/23/card_img/20105/23card.png,21,0,1,10
23,EDIYA 신한카드 Tasty,CHK,신한카드,https://api.card-gorilla.com:8080/storage/card/24/card_img/20106/24card.png,https://api.card-gorilla.com:8080/storage/card/24/card_img/20106/24card.png,45,0,1,6
24,신한카드 Noon,CRD,신한카드,https://api.card-gorilla.com:8080/storage/card/25/card_img/20107/25card.png,https://api.card-gorilla.com:8080/storage/card/25/card_img/20107/25card.png,50,0,1,3
25,신한카드 Edu,CHK,신한카드,https://api.card-gorilla.com:8080/storage/card/26/card_img/20108/26card.png,https://api.card-gorilla.com:8080/storage/card/26/card_img/20108/26card.png,31,0,1,7
26,아시아나 신한카드 Air 1.5,CHK,신한카드,https://api.card-gorilla.com:8080/storage/card/27/card_img/25865/27card.png,https://api.card-gorilla.com:8080/storage/card/27/card_img/25865/27card.png,41,0,1,2
27,신세계 신한카드,CHK,신한카드,https://api.card-gorilla.com:8080/storage/card/28/card_img/20110/28card.png,https://api.card-gorilla.com:8080/storage/card/28/card_img/20110/28card.png,17,0,1,0
28,TLX PASS 신한카드,CRD,신한카드,https://api.card-gorilla.com:8080/storage/card/29/card_img/20111/29card.png,https://api.card-gorilla.com:8080/storage/card/29/card_img/20111/29card.png,20,0,1,3
29,모바일 Tmoney 신한카드,CRD,신한카드,https://api.card-gorilla.com:8080/storage/card/30/card_img/20112/30card.png,https://api.card-gorilla.com:8080/storage/card/30/card_img/20112/30card.png,13,0,1,7
30,신한카드 All Pass,CRD,신한카드,https://api.card-gorilla.com:8080/storage/card/31/card_img/20113/31card.png,https://api.card-gorilla.com:8080/storage/card/31/card_img/20113/31card.png,49,0,1,4
31,신한카드 Deep Dream,CHK,신한카드,https://api.card-gorilla.com:8080/storage/card/32/card_img/20114/32card.png,https://api.card-gorilla.com:8080/storage/card/32/card_img/20114/32card.png,23,0,1,3
32,신한카드 The CLASSIC-L,CHK,신한카드,https://api.card-gorilla.com:8080/storage/card/33/card_img/20115/33card.png,https://api.card-gorilla.com:8080/storage/card/33/card_img/20115/33card.png,8,0,1,10
33,GS칼텍스 신한카드 Shine,CRD,신한카드,https://api.card-gorilla.com:8080/storage/card/35/card_img/20117/35card.png,https://api.card-gorilla.com:8080/storage/card/35/card_img/20117/35card.png,20,0,1,9
34,신한카드 Cube Platinum#,CHK,신한카드,https://api.card-gorilla.com:8080/storage/card/36/card_img/23899/36card.png,https://api.card-gorilla.com:8080/storage/card/36/card_img/23899/36card.png,5,0,1,2
35,신한카드 The BEST-F,CHK,신한카드,https://api.card-gorilla.com:8080/storage/card/37/card_img/20118/37card.png,https://api.card-gorilla.com:8080/storage/card/37/card_img/20118/37card.png,46,0,1,9
36,신한카드 Lesson Platinum#,CRD,신한카드,https://api.card-gorilla.com:8080/storage/card/38/card_img/20119/38card.jpg,https://api.card-gorilla.com:8080/storage/card/38/card_img/20119/38card.jpg,20,0,1,3
37,신한카드 Deep Oil,CRD,신한카드,https://api.card-gorilla.com:8080/storage/card/39/card_img/20120/39card.png,https://api.card-gorilla.com:8080/storage/card/39/card_img/20120/39card.png,14,0,1,6
38,신한카드 Deep Dream Platinum+,CRD,신한카드,https://api.card-gorilla.com:8080/storage/card/40/card_img/20121/40card.png,https://api.card-gorilla.com:8080/storage/card/40/card_img/20121/40card.png,44,0,1,0
39,신한카드 Deep On Platinum+,CHK,신한카드,https://api.card-gorilla.com:8080/storage/card/41/card_img/20122/41card.png,https://api.card-gorilla.com:8080/storage/card/41/card_img/20122/41card.png,47,0,1,1
40,SOCAR 제휴 SOCAR 신한카드,CRD,신한카드,https://api.card-gorilla.com:8080/storage/card/42/card_img/20123/42card.png,https://api.card-gorilla.com:8080/storage/card/42/card_img/20123/42card.png,25,0,1,2
41,신한카드 Deep Store,CRD,신한카드,https://api.card-gorilla.com:8080/storage/card/43/card_img/20124/43card.png,https://api.card-gorilla.com:8080/storage/card/43/card_img/20124/43card.png,24,0,1,2
42,위메프페이 신한카드,CRD,신한카드,https://api.card-gorilla.com:8080/storage/card/44/card_img/20125/44card.png,https://api.card-gorilla.com:8080/storage/card/44/card_img/20125/44card.png,23,0,1,5
43,American Express Blue(아멕스블루),CRD,삼성카드,https://api.card-gorilla.com:8080/storage/card/45/card_img/20126/45card.png,https://api.card-gorilla.com:8080/storage/card/45/card_img/20126/45card.png,50,0,1,2
44,삼성카앤모아카드,CRD,삼성카드,https://api.card-gorilla.com:8080/storage/card/46/card_img/20127/46card.png,https://api.card-gorilla.com:8080/storage/card/46/card_img/20127/46card.png,8,0,1,8
45,삼성카드4,CRD,삼성카드,https://api.card-gorilla.com:8080/storage/card/47/card_img/20128/47card.png,https://api.card-gorilla.com:8080/storage/card/47/card_img/20128/47card.png,11,0,1,6
46,국민행복 삼성카드,CRD,삼성카드,https://api.card-gorilla.com:8080/storage/card/48/card_img/20129/48card.png,https://api.card-gorilla.com:8080/storage/card/48/card_img/20129/48card.png,50,0,1,10
47,삼성카드 & MILEAGE PLATINUM (스카이패스),CHK,삼성카드,https://api.card-gorilla.com:8080/storage/card/49/card_img/24313/49card.png,https://api.card-gorilla.com:8080/storage/card/49/card_img/24313/49card.png,45,0,1,0
48,아시아나 삼성지엔미플래티늄카드,CRD,삼성카드,https://api.card-gorilla.com:8080/storage/card/50/card_img/20131/50card.png,https://api.card-gorilla.com:8080/storage/card/50/card_img/20131/50card.png,25,0,1,4
49,삼성카드 taptap O,CRD,삼성카드,https://api.card-gorilla.com:8080/storage/card/51/card_img/20132/51card.png,https://api.card-gorilla.com:8080/storage/card/51/card_img/20132/51card.png,29,0,1,7
50,삼성카드 taptap S,CRD,삼성카드,https://api.card-gorilla.com:8080/storage/card/52/card_img/20133/52card.png,https://api.card-gorilla.com:8080/storage/card/52/card_img/20133/52card.png,27,0,1,5
51,아시아나 삼성애니패스플래티늄카드,CHK,삼성카드,https://api.card-gorilla.com:8080/storage/card/53/card_img/20134/53card.png,https://api.card-gorilla.com:8080/storage/card/53/card_img/20134/53card.png,34,0,1,4
52,삼성카드 스페셜마일리지 (스카이패스),CRD,삼성카드,https://api.card-gorilla.com:8080/storage/card/54/card_img/20135/54card.png,https://api.card-gorilla.com:8080/storage/card/54/card_img/20135/54card.png,42,0,1,8
53,CU·배달의민족 삼성카드 taptap,CRD,삼성카드,https://api.card-gorilla.com:8080/storage/card/55/card_img/20136/55card.png,https://api.card-gorilla.com:8080/storage/card/55/card_img/20136/55card.png,50,0,1,10
54,삼성카드 지엔미+,CRD,삼성카드,https://api.card-gorilla.com:8080/storage/card/56/card_img/20137/56card.png,https://api.card-gorilla.com:8080/storage/card/56/card_img/20137/56card.png,20,0,1,7
55,삼성카드 애니패스+,CRD,삼성카드,https://api.card-gorilla.com:8080/storage/card/57/card_img/20138/57card.png,https://api.card-gorilla.com:8080/storage/card/57/card_img/20138/57card.png,42,0,1,3
56,카라이프 삼성카드 DISCOUNT+,CHK,삼성카드,https://api.card-gorilla.com:8080/storage/card/58/card_img/20139/58card.png,https://api.card-gorilla.com:8080/storage/card/58/card_img/20139/58card.png,24,0,1,7
57,삼성카드 taptap I,CRD,삼성카드,https://api.card-gorilla.com:8080/storage/card/59/card_img/20141/59card.png,https://api.card-gorilla.com:8080/storage/card/59/card_img/20141/59card.png,0,0,1,4
58,American Express Green,CHK,삼성카드,https://api.card-gorilla.com:8080/storage/card/60/card_img/20142/60card.png,https://api.card-gorilla.com:8080/storage/card/60/card_img/20142/60card.png,46,0,1,8
59,스카이패스 삼성아멕스카드,CHK,삼성카드,https://api.card-gorilla.com:8080/storage/card/61/card_img/20143/61card.png,https://api.card-gorilla.com:8080/storage/card/61/card_img/20143/61card.png,5,0,1,2
60,글로벌쇼핑 삼성카드 5v2,CRD,삼성카드,https://api.card-gorilla.com:8080/storage/card/62/card_img/20144/62card.png,https://api.card-gorilla.com:8080/storage/card/62/card_img/20144/62card.png,23,0,1,5
61,삼성페이 삼성카드 taptap,CRD,삼성카드,https://api.card-gorilla.com:8080/storage/card/63/card_img/20145/63card.png,https://api.card-gorilla.com:8080/storage/card/63/card_img/20145/63card.png,36,0,1,1
62,신세계이마트 삼성카드7,CRD,삼성카드,https://api.card-gorilla.com:8080/storage/card/64/card_img/20146/64card.png,https://api.card-gorilla.com:8080/storage/card/64/card_img/20146/64card.png,13,0,1,5
63,삼성카드 2V3(아지냥이 Edition),CHK,삼성카드,https://api.card-gorilla.com:8080/storage/card/65/card_img/20147/65card.png,https://api.card-gorilla.com:8080/storage/card/65/card_img/20147/65card.png,23,0,1,10
64,삼성카드 6V3,CRD,삼성카드,https://api.card-gorilla.com:8080/storage/card/66/card_img/20148/66card.png,https://api.card-gorilla.com:8080/storage/card/66/card_img/20148/66card.png,15,0,1,8
65,삼성카드 3V3(GS칼텍스),CRD,삼성카드,https://api.card-gorilla.com:8080/storage/card/67/card_img/20149/67card.png,https://api.card-gorilla.com:8080/storage/card/67/card_img/20149/67card.png,44,0,1,8
66,삼성카드 3V3(SK에너지),CHK,삼성카드,https://api.card-gorilla.com:8080/storage/card/68/card_img/20150/68card.png,https://api.card-gorilla.com:8080/storage/card/68/card_img/20150/68card.png,30,0,1,1
67,삼성카드 4V3(포인트),CHK,삼성카드,https://api.card-gorilla.com:8080/storage/card/69/card_img/20151/69card.png,https://api.card-gorilla.com:8080/storage/card/69/card_img/20151/69card.png,23,0,1,0
68,삼성카드 5V3,CHK,삼성카드,https://api.card-gorilla.com:8080/storage/card/70/card_img/20152/70card.png,https://api.card-gorilla.com:8080/storage/card/70/card_img/20152/70card.png,2,0,1,8
69,삼성카드 4V3,CHK,삼성카드,https://api.card-gorilla.com:8080/storage/card/71/card_img/20153/71card.png,https://api.card-gorilla.com:8080/storage/card/71/card_img/20153/71card.png,9,0,1,7
70,트레이더스신세계 삼성카드,CRD,삼성카드,https://api.card-gorilla.com:8080/storage/card/72/card_img/27079/0072card.png,https://api.card-gorilla.com:8080/storage/card/72/card_img/27079/0072card.png,2,0,1,8
71,카드의정석 NEW우리V카드,CRD,우리카드,https://api.card-gorilla.com:8080/storage/card/73/card_img/20155/73card.png,https://api.card-gorilla.com:8080/storage/card/73/card_img/20155/73card.png,50,0,1,10
72,All For Me카드,CHK,우리카드,https://api.card-gorilla.com:8080/storage/card/74/card_img/20156/74card.png,https://api.card-gorilla.com:8080/storage/card/74/card_img/20156/74card.png,3,0,1,9
73,KT 카드의정석 Super DC,CHK,우리카드,https://api.card-gorilla.com:8080/storage/card/75/card_img/20157/75card.png,https://api.card-gorilla.com:8080/storage/card/75/card_img/20157/75card.png,17,0,1,5
74,LGU+ 카드의정석 장기할부,CHK,우리카드,https://api.card-gorilla.com:8080/storage/card/76/card_img/20158/76card.png,https://api.card-gorilla.com:8080/storage/card/76/card_img/20158/76card.png,36,0,1,10
75,위비멤버스카드,CRD,우리카드,https://api.card-gorilla.com:8080/storage/card/77/card_img/20159/77card.png,https://api.card-gorilla.com:8080/storage/card/77/card_img/20159/77card.png,32,0,1,1
76,블루다이아몬드Ⅱ 카드,CRD,우리카드,https://api.card-gorilla.com:8080/storage/card/78/card_img/20160/78card.png,https://api.card-gorilla.com:8080/storage/card/78/card_img/20160/78card.png,1,0,1,10
77,그랑블루Ⅱ카드,CRD,우리카드,https://api.card-gorilla.com:8080/storage/card/79/card_img/20161/79card.png,https://api.card-gorilla.com:8080/storage/card/79/card_img/20161/79card.png,39,0,1,0
78,썸(SUM) 페이 카드,CRD,우리카드,https://api.card-gorilla.com:8080/storage/card/80/card_img/20162/80card.png,https://api.card-gorilla.com:8080/storage/card/80/card_img/20162/80card.png,18,0,1,2
79,위메프 우리카드,CHK,우리카드,https://api.card-gorilla.com:8080/storage/card/81/card_img/20163/81card.png,https://api.card-gorilla.com:8080/storage/card/81/card_img/20163/81card.png,43,0,1,9
80,우리 XGOLF 카드,CRD,우리카드,https://api.card-gorilla.com:8080/storage/card/82/card_img/20164/82card.png,https://api.card-gorilla.com:8080/storage/card/82/card_img/20164/82card.png,49,0,1,10
81,ONLY 나만의카드,CRD,우리카드,https://api.card-gorilla.com:8080/storage/card/83/card_img/20165/83card.png,https://api.card-gorilla.com:8080/storage/card/83/card_img/20165/83card.png,28,0,1,6
82,카드의정석 POINT,CHK,우리카드,https://api.card-gorilla.com:8080/storage/card/84/card_img/20166/84card.png,https://api.card-gorilla.com:8080/storage/card/84/card_img/20166/84card.png,35,0,1,3
83,카드의정석 SHOPPING,CHK,우리카드,https://api.card-gorilla.com:8080/storage/card/85/card_img/20167/85card.png,https://api.card-gorilla.com:8080/storage/card/85/card_img/20167/85card.png,25,0,1,8
84,카드의정석 DISCOUNT,CHK,우리카드,https://api.card-gorilla.com:8080/storage/card/86/card_img/20168/86card.png,https://api.card-gorilla.com:8080/storage/card/86/card_img/20168/86card.png,45,0,1,7
85,DA@카드의정석,CHK,우리카드,https://api.card-gorilla.com:8080/storage/card/87/card_img/20239/87card.png,https://api.card-gorilla.com:8080/storage/card/87/card_img/20239/87card.png,36,0,1,7
86,D4@카드의정석,CRD,우리카드,https://api.card-gorilla.com:8080/storage/card/88/card_img/20241/88card.png,https://api.card-gorilla.com:8080/storage/card/88/card_img/20241/88card.png,37,0,1,2
87,우리Most카드,CHK,우리카드,https://api.card-gorilla.com:8080/storage/card/89/card_img/20242/89card.png,https://api.card-gorilla.com:8080/storage/card/89/card_img/20242/89card.png,29,0,1,5
88,카드의정석 위비온 플러스,CHK,우리카드,https://api.card-gorilla.com:8080/storage/card/90/card_img/20243/90card.png,https://api.card-gorilla.com:8080/storage/card/90/card_img/20243/90card.png,50,0,1,8
89,카드의정석 PREMIUM POINT,CHK,우리카드,https://api.card-gorilla.com:8080/storage/card/91/card_img/20245/91card.png,https://api.card-gorilla.com:8080/storage/card/91/card_img/20245/91card.png,19,0,1,10
90,카드의정석 PREMIUM MILEAGE(SKYPASS),CRD,우리카드,https://api.card-gorilla.com:8080/storage/card/92/card_img/20246/92card.png,https://api.card-gorilla.com:8080/storage/card/92/card_img/20246/92card.png,17,0,1,2
91,카드의정석 PREMIUM MILEAGE(AsianaClub),CHK,우리카드,https://api.card-gorilla.com:8080/storage/card/93/card_img/20247/93card.png,https://api.card-gorilla.com:8080/storage/card/93/card_img/20247/93card.png,3,0,1,4
92,LoL CHAMPIONS KOREA 우리카드,CHK,우리카드,https://api.card-gorilla.com:8080/storage/card/94/card_img/20248/94card.png,https://api.card-gorilla.com:8080/storage/card/94/card_img/20248/94card.png,1,0,1,5
93,갤러리아 씨티카드 프레스티지,CRD,씨티카드,https://api.card-gorilla.com:8080/storage/card/95/card_img/20250/95card.png,https://api.card-gorilla.com:8080/storage/card/95/card_img/20250/95card.png,1,0,1,9
94,씨티 리워드,CRD,씨티카드,https://api.card-gorilla.com:8080/storage/card/96/card_img/20251/96card.png,https://api.card-gorilla.com:8080/storage/card/96/card_img/20251/96card.png,0,0,1,3
95,신세계 씨티 리워드,CRD,씨티카드,https://api.card-gorilla.com:8080/storage/card/97/card_img/20253/97card.png,https://api.card-gorilla.com:8080/storage/card/97/card_img/20253/97card.png,18,0,1,6
96,신세계 씨티카드 콰트로,CHK,씨티카드,https://api.card-gorilla.com:8080/storage/card/98/card_img/20254/98card.png,https://api.card-gorilla.com:8080/storage/card/98/card_img/20254/98card.png,31,0,1,7
97,신세계 씨티 플래티늄 아시아나,CRD,씨티카드,https://api.card-gorilla.com:8080/storage/card/99/card_img/20256/99card.png,https://api.card-gorilla.com:8080/storage/card/99/card_img/20256/99card.png,49,0,1,10
98,씨티 NEW 캐시백,CHK,씨티카드,https://api.card-gorilla.com:8080/storage/card/100/card_img/20257/100card.png,https://api.card-gorilla.com:8080/storage/card/100/card_img/20257/100card.png,5,0,1,9
99,NEW 씨티 클리어,CHK,씨티카드,https://api.card-gorilla.com:8080/storage/card/101/card_img/20258/101card.png,https://api.card-gorilla.com:8080/storage/card/101/card_img/20258/101card.png,33,0,1,7
100,씨티 NEW 프리미어마일 대한항공,CHK,씨티카드,https://api.card-gorilla.com:8080/storage/card/102/card_img/20260/102card.png,https://api.card-gorilla.com:8080/storage/card/102/card_img/20260/102card.png,0,0,1,9
101,씨티 NEW 프리미어마일 아시아나,CRD,씨티카드,https://api.card-gorilla.com:8080/storage/card/103/card_img/20261/103card.png,https://api.card-gorilla.com:8080/storage/card/103/card_img/20261/103card.png,15,0,1,5
102,대백 씨티카드 아인스,CRD,씨티카드,https://api.card-gorilla.com:8080/storage/card/104/card_img/20262/104card.png,https://api.card-gorilla.com:8080/storage/card/104/card_img/20262/104card.png,19,0,1,1
103,이마트 KB국민카드,CHK,국민카드,https://api.card-gorilla.com:8080/storage/card/105/card_img/20263/105card.png,https://api.card-gorilla.com:8080/storage/card/105/card_img/20263/105card.png,23,0,1,4
104,굿데이카드,CRD,국민카드,https://api.card-gorilla.com:8080/storage/card/106/card_img/20264/106card.png,https://api.card-gorilla.com:8080/storage/card/106/card_img/20264/106card.png,35,0,1,4
105,SK LPG SAVE KB국민카드,CHK,국민카드,https://api.card-gorilla.com:8080/storage/card/107/card_img/20265/107card.png,https://api.card-gorilla.com:8080/storage/card/107/card_img/20265/107card.png,17,0,1,1
106,와이즈카드,CRD,국민카드,https://api.card-gorilla.com:8080/storage/card/108/card_img/20266/108card.png,https://api.card-gorilla.com:8080/storage/card/108/card_img/20266/108card.png,10,0,1,5
107,SK에너지 러브유 KB국민카드,CRD,국민카드,https://api.card-gorilla.com:8080/storage/card/109/card_img/20267/109card.png,https://api.card-gorilla.com:8080/storage/card/109/card_img/20267/109card.png,21,0,1,9
108,서울도시가스 KB국민카드,CHK,국민카드,https://api.card-gorilla.com:8080/storage/card/110/card_img/20268/110card.png,https://api.card-gorilla.com:8080/storage/card/110/card_img/20268/110card.png,50,0,1,6
109,혜담Ⅱ카드,CRD,국민카드,https://api.card-gorilla.com:8080/storage/card/111/card_img/20269/111card.png,https://api.card-gorilla.com:8080/storage/card/111/card_img/20269/111card.png,47,0,1,0
110,GS행복가득카드,CRD,국민카드,https://api.card-gorilla.com:8080/storage/card/112/card_img/20270/112card.png,https://api.card-gorilla.com:8080/storage/card/112/card_img/20270/112card.png,17,0,1,7
111,마일리지 가온카드(대한항공),CHK,국민카드,https://api.card-gorilla.com:8080/storage/card/113/card_img/20271/113card.png,https://api.card-gorilla.com:8080/storage/card/113/card_img/20271/113card.png,15,0,1,8
112,마일리지 가온카드(아시아나),CRD,국민카드,https://api.card-gorilla.com:8080/storage/card/114/card_img/20272/114card.png,https://api.card-gorilla.com:8080/storage/card/114/card_img/20272/114card.png,48,0,1,2
113,굿데이올림카드,CHK,국민카드,https://api.card-gorilla.com:8080/storage/card/115/card_img/20273/115card.png,https://api.card-gorilla.com:8080/storage/card/115/card_img/20273/115card.png,46,0,1,0
114,청춘대로카드,CRD,국민카드,https://api.card-gorilla.com:8080/storage/card/116/card_img/20274/116card.png,https://api.card-gorilla.com:8080/storage/card/116/card_img/20274/116card.png,6,0,1,0
115,청춘대로 티타늄 카드,CHK,국민카드,https://api.card-gorilla.com:8080/storage/card/117/card_img/20349/117card.png,https://api.card-gorilla.com:8080/storage/card/117/card_img/20349/117card.png,2,0,1,4
116,FINETECH카드(아시아나),CHK,국민카드,https://api.card-gorilla.com:8080/storage/card/118/card_img/24264/118card.png,https://api.card-gorilla.com:8080/storage/card/118/card_img/24264/118card.png,38,0,1,7
117,FINETECH카드(대한항공),CHK,국민카드,https://api.card-gorilla.com:8080/storage/card/119/card_img/24263/119card.png,https://api.card-gorilla.com:8080/storage/card/119/card_img/24263/119card.png,37,0,1,5
118,ONE카드,CHK,국민카드,https://api.card-gorilla.com:8080/storage/card/120/card_img/20352/120card.png,https://api.card-gorilla.com:8080/storage/card/120/card_img/20352/120card.png,44,0,1,6
119,다담카드,CRD,국민카드,https://api.card-gorilla.com:8080/storage/card/121/card_img/20353/121card.png,https://api.card-gorilla.com:8080/storage/card/121/card_img/20353/121card.png,10,0,1,7
120,모바일101카드,CRD,국민카드,https://api.card-gorilla.com:8080/storage/card/122/card_img/20354/122card.png,https://api.card-gorilla.com:8080/storage/card/122/card_img/20354/122card.png,4,0,1,3
121,아이행복카드(S-type),CRD,국민카드,https://api.card-gorilla.com:8080/storage/card/123/card_img/23900/123card.png,https://api.card-gorilla.com:8080/storage/card/123/card_img/23900/123card.png,21,0,1,10
122,아이행복카드(T-type),CHK,국민카드,https://api.card-gorilla.com:8080/storage/card/124/card_img/23901/124card.png,https://api.card-gorilla.com:8080/storage/card/124/card_img/23901/124card.png,13,0,1,7
123,E1 LPG KB국민카드,CRD,국민카드,https://api.card-gorilla.com:8080/storage/card/125/card_img/20355/125card.png,https://api.card-gorilla.com:8080/storage/card/125/card_img/20355/125card.png,38,0,1,5
124,아시아나 올림카드,CHK,국민카드,https://api.card-gorilla.com:8080/storage/card/126/card_img/20356/126card.png,https://api.card-gorilla.com:8080/storage/card/126/card_img/20356/126card.png,40,0,1,8
125,청춘대로 매니아i카드,CHK,국민카드,https://api.card-gorilla.com:8080/storage/card/127/card_img/20357/127card.png,https://api.card-gorilla.com:8080/storage/card/127/card_img/20357/127card.png,33,0,1,9
126,Liiv Mate카드,CHK,국민카드,https://api.card-gorilla.com:8080/storage/card/128/card_img/23902/128card.png,https://api.card-gorilla.com:8080/storage/card/128/card_img/23902/128card.png,5,0,1,7
127,청춘대로 톡톡카드,CRD,국민카드,https://api.card-gorilla.com:8080/storage/card/129/card_img/20358/129card.png,https://api.card-gorilla.com:8080/storage/card/129/card_img/20358/129card.png,22,0,1,1
128,BeV V카드(포인트형),CHK,국민카드,https://api.card-gorilla.com:8080/storage/card/130/card_img/20359/130card.png,https://api.card-gorilla.com:8080/storage/card/130/card_img/20359/130card.png,30,0,1,8
129,BeV V카드(스카이패스형),CHK,국민카드,https://api.card-gorilla.com:8080/storage/card/131/card_img/20360/131card.png,https://api.card-gorilla.com:8080/storage/card/131/card_img/20360/131card.png,16,0,1,5
130,청춘대로 1코노미 카드,CRD,국민카드,https://api.card-gorilla.com:8080/storage/card/132/card_img/20361/132card.png,https://api.card-gorilla.com:8080/storage/card/132/card_img/20361/132card.png,37,0,1,7
131,BeV Ⅲ 카드,CRD,국민카드,https://api.card-gorilla.com:8080/storage/card/133/card_img/20362/133card.png,https://api.card-gorilla.com:8080/storage/card/133/card_img/20362/133card.png,26,0,1,4
132,탄탄대로 온리유카드,CRD,국민카드,https://api.card-gorilla.com:8080/storage/card/134/card_img/20363/134card.png,https://api.card-gorilla.com:8080/storage/card/134/card_img/20363/134card.png,29,0,1,5
133,탄탄대로 이지홈카드,CRD,국민카드,https://api.card-gorilla.com:8080/storage/card/135/card_img/23903/135card.png,https://api.card-gorilla.com:8080/storage/card/135/card_img/23903/135card.png,47,0,1,9
134,가온 워킹업카드,CHK,국민카드,https://api.card-gorilla.com:8080/storage/card/136/card_img/20364/136card.png,https://api.card-gorilla.com:8080/storage/card/136/card_img/20364/136card.png,15,0,1,9
135,탄탄대로 Miz&Mr카드,CRD,국민카드,https://api.card-gorilla.com:8080/storage/card/137/card_img/20365/137card.png,https://api.card-gorilla.com:8080/storage/card/137/card_img/20365/137card.png,22,0,1,10
136,스카이패스 KB국민카드,CHK,국민카드,https://api.card-gorilla.com:8080/storage/card/138/card_img/20366/138card.png,https://api.card-gorilla.com:8080/storage/card/138/card_img/20366/138card.png,33,0,1,5
137,아시아나항공 KB국민카드,CRD,국민카드,https://api.card-gorilla.com:8080/storage/card/139/card_img/20367/139card.png,https://api.card-gorilla.com:8080/storage/card/139/card_img/20367/139card.png,15,0,1,3
138,S-OIL LPG KB국민카드,CHK,국민카드,https://api.card-gorilla.com:8080/storage/card/140/card_img/20368/140card.png,https://api.card-gorilla.com:8080/storage/card/140/card_img/20368/140card.png,23,0,1,1
139,KB국민 펫코노미 카드,CRD,국민카드,https://api.card-gorilla.com:8080/storage/card/141/card_img/20369/141card.png,https://api.card-gorilla.com:8080/storage/card/141/card_img/20369/141card.png,40,0,1,6
140,톡톡 Pay카드,CRD,국민카드,https://api.card-gorilla.com:8080/storage/card/142/card_img/20370/142card.png,https://api.card-gorilla.com:8080/storage/card/142/card_img/20370/142card.png,12,0,1,0
141,청춘대로 꿀맛α카드,CHK,국민카드,https://api.card-gorilla.com:8080/storage/card/143/card_img/20371/143card.png,https://api.card-gorilla.com:8080/storage/card/143/card_img/20371/143card.png,11,0,1,8
142,청춘대로 꿀잠α카드,CHK,국민카드,https://api.card-gorilla.com:8080/storage/card/144/card_img/23904/144card.png,https://api.card-gorilla.com:8080/storage/card/144/card_img/23904/144card.png,17,0,1,9
143,청춘대로 꿀잼α카드,CRD,국민카드,https://api.card-gorilla.com:8080/storage/card/145/card_img/23905/145card.png,https://api.card-gorilla.com:8080/storage/card/145/card_img/23905/145card.png,34,0,1,4
144,The Easy카드,CHK,국민카드,https://api.card-gorilla.com:8080/storage/card/146/card_img/20372/146card.png,https://api.card-gorilla.com:8080/storage/card/146/card_img/20372/146card.png,5,0,1,2
145,레일포인트 KB국민카드,CHK,국민카드,https://api.card-gorilla.com:8080/storage/card/147/card_img/23906/147card.png,https://api.card-gorilla.com:8080/storage/card/147/card_img/23906/147card.png,43,0,1,8
146,삼성페이 KB국민카드,CRD,국민카드,https://api.card-gorilla.com:8080/storage/card/148/card_img/20374/148card.png,https://api.card-gorilla.com:8080/storage/card/148/card_img/20374/148card.png,38,0,1,6
147,탄탄대로 올쇼핑카드,CRD,국민카드,https://api.card-gorilla.com:8080/storage/card/149/card_img/20377/149card.png,https://api.card-gorilla.com:8080/storage/card/149/card_img/20377/149card.png,4,0,1,2
148,탄탄대로 Miz&Mr 티타늄카드,CRD,국민카드,https://api.card-gorilla.com:8080/storage/card/150/card_img/23907/150card.png,https://api.card-gorilla.com:8080/storage/card/150/card_img/23907/150card.png,31,0,1,9
149,탄탄대로 오토카드,CRD,국민카드,https://api.card-gorilla.com:8080/storage/card/151/card_img/20378/151card.png,https://api.card-gorilla.com:8080/storage/card/151/card_img/20378/151card.png,40,0,1,6
150,에듀카드,CHK,국민카드,https://api.card-gorilla.com:8080/storage/card/152/card_img/20379/152card.png,https://api.card-gorilla.com:8080/storage/card/152/card_img/20379/152card.png,17,0,1,2
151,Lady다솜카드,CRD,NH농협카드,https://api.card-gorilla.com:8080/storage/card/155/card_img/23908/155card.png,https://api.card-gorilla.com:8080/storage/card/155/card_img/23908/155card.png,44,0,1,10
152,Shopping Save카드,CHK,NH농협카드,https://api.card-gorilla.com:8080/storage/card/156/card_img/20380/156card.png,https://api.card-gorilla.com:8080/storage/card/156/card_img/20380/156card.png,19,0,1,6
153,아시아나클럽카드,CHK,NH농협카드,https://api.card-gorilla.com:8080/storage/card/157/card_img/23909/157card.png,https://api.card-gorilla.com:8080/storage/card/157/card_img/23909/157card.png,49,0,1,5
154,스카이패스카드,CHK,NH농협카드,https://api.card-gorilla.com:8080/storage/card/158/card_img/23910/158card.png,https://api.card-gorilla.com:8080/storage/card/158/card_img/23910/158card.png,28,0,1,3
155,TAKE(테이크)5카드,CHK,NH농협카드,https://api.card-gorilla.com:8080/storage/card/159/card_img/26570/159card.png,https://api.card-gorilla.com:8080/storage/card/159/card_img/26570/159card.png,31,0,1,9
156,알뜰주유카드(할인형),CRD,NH농협카드,https://api.card-gorilla.com:8080/storage/card/160/card_img/23912/160card.png,https://api.card-gorilla.com:8080/storage/card/160/card_img/23912/160card.png,14,0,1,8
157,NC다이노스카드,CRD,NH농협카드,https://api.card-gorilla.com:8080/storage/card/161/card_img/20381/161card.png,https://api.card-gorilla.com:8080/storage/card/161/card_img/20381/161card.png,48,0,1,8
158,#ing(샵핑)카드,CHK,NH농협카드,https://api.card-gorilla.com:8080/storage/card/162/card_img/20382/162card.png,https://api.card-gorilla.com:8080/storage/card/162/card_img/20382/162card.png,22,0,1,2
159,#ing+(샵핑플러스)카드,CRD,NH농협카드,https://api.card-gorilla.com:8080/storage/card/163/card_img/20383/163card.png,https://api.card-gorilla.com:8080/storage/card/163/card_img/20383/163card.png,14,0,1,6
160,ME+(미플러스)카드,CHK,NH농협카드,https://api.card-gorilla.com:8080/storage/card/164/card_img/20384/164card.png,https://api.card-gorilla.com:8080/storage/card/164/card_img/20384/164card.png,4,0,1,7
161,ME(미)카드,CRD,NH농협카드,https://api.card-gorilla.com:8080/storage/card/165/card_img/23913/165card.png,https://api.card-gorilla.com:8080/storage/card/165/card_img/23913/165card.png,49,0,1,6
162,BAZIC(베이직)카드,CHK,NH농협카드,https://api.card-gorilla.com:8080/storage/card/166/card_img/20389/166card.png,https://api.card-gorilla.com:8080/storage/card/166/card_img/20389/166card.png,17,0,1,8
163,BAZIC+(베이직플러스)카드,CRD,NH농협카드,https://api.card-gorilla.com:8080/storage/card/167/card_img/20390/167card.png,https://api.card-gorilla.com:8080/storage/card/167/card_img/20390/167card.png,19,0,1,9
164,아이행복카드(교육)(비씨),CHK,NH농협카드,https://api.card-gorilla.com:8080/storage/card/168/card_img/23915/168card.png,https://api.card-gorilla.com:8080/storage/card/168/card_img/23915/168card.png,17,0,1,8
165,아이행복카드(쇼핑)(비씨),CHK,NH농협카드,https://api.card-gorilla.com:8080/storage/card/169/card_img/23914/169card.png,https://api.card-gorilla.com:8080/storage/card/169/card_img/23914/169card.png,15,0,1,3
166,jumjum(점점)카드(할인)(비씨),CHK,NH농협카드,https://api.card-gorilla.com:8080/storage/card/170/card_img/23916/170card.png,https://api.card-gorilla.com:8080/storage/card/170/card_img/23916/170card.png,25,0,1,8
167,jumjum(점점)카드(적립)(비씨),CRD,NH농협카드,https://api.card-gorilla.com:8080/storage/card/171/card_img/23917/171card.png,https://api.card-gorilla.com:8080/storage/card/171/card_img/23917/171card.png,15,0,1,9
168,NH올원카드,CRD,NH농협카드,https://api.card-gorilla.com:8080/storage/card/172/card_img/23918/172card.png,https://api.card-gorilla.com:8080/storage/card/172/card_img/23918/172card.png,13,0,1,3
169,NH올원+(플러스)카드,CHK,NH농협카드,https://api.card-gorilla.com:8080/storage/card/173/card_img/20385/173card.png,https://api.card-gorilla.com:8080/storage/card/173/card_img/20385/173card.png,40,0,1,8
170,국민행복카드(비씨),CRD,NH농협카드,https://api.card-gorilla.com:8080/storage/card/174/card_img/20386/174card.png,https://api.card-gorilla.com:8080/storage/card/174/card_img/20386/174card.png,7,0,1,4
171,NH올원 하나로카드,CRD,NH농협카드,https://api.card-gorilla.com:8080/storage/card/175/card_img/20387/175card.png,https://api.card-gorilla.com:8080/storage/card/175/card_img/20387/175card.png,20,0,1,1
172,부자되세요 HomeShopping카드(비씨),CRD,NH농협카드,https://api.card-gorilla.com:8080/storage/card/176/card_img/20391/176card.png,https://api.card-gorilla.com:8080/storage/card/176/card_img/20391/176card.png,35,0,1,10
173,NH올원 All100(올백)카드,CRD,NH농협카드,https://api.card-gorilla.com:8080/storage/card/177/card_img/20393/177card.png,https://api.card-gorilla.com:8080/storage/card/177/card_img/20393/177card.png,9,0,1,0
174,NH올원 Shopping&11번가카드(R1타입),CRD,NH농협카드,https://api.card-gorilla.com:8080/storage/card/178/card_img/20394/178card.png,https://api.card-gorilla.com:8080/storage/card/178/card_img/20394/178card.png,19,0,1,7
175,NH올원 Shopping&11번가카드(R2타입),CHK,NH농협카드,https://api.card-gorilla.com:8080/storage/card/179/card_img/20395/179card.png,https://api.card-gorilla.com:8080/storage/card/179/card_img/20395/179card.png,20,0,1,9
176,위카드,CRD,NH농협카드,https://api.card-gorilla.com:8080/storage/card/180/card_img/20396/180card.png,https://api.card-gorilla.com:8080/storage/card/180/card_img/20396/180card.png,33,0,1,6
177,NH올원 파이카드,CHK,NH농협카드,https://api.card-gorilla.com:8080/storage/card/181/card_img/20398/181card.png,https://api.card-gorilla.com:8080/storage/card/181/card_img/20398/181card.png,29,0,1,6
178,SolSol++(쏠쏠투플러스)카드,CRD,NH농협카드,https://api.card-gorilla.com:8080/storage/card/182/card_img/20399/182card.png,https://api.card-gorilla.com:8080/storage/card/182/card_img/20399/182card.png,37,0,1,10
179,SolSol(쏠쏠)카드,CHK,NH농협카드,https://api.card-gorilla.com:8080/storage/card/183/card_img/20400/183card.png,https://api.card-gorilla.com:8080/storage/card/183/card_img/20400/183card.png,24,0,1,10
180,NH20 해봄카드,CRD,NH농협카드,https://api.card-gorilla.com:8080/storage/card/184/card_img/20401/184card.png,https://api.card-gorilla.com:8080/storage/card/184/card_img/20401/184card.png,48,0,1,7
181,NH농협 부자되세요 아파트카드(비씨),CRD,NH농협카드,https://api.card-gorilla.com:8080/storage/card/185/card_img/20402/185card.png,https://api.card-gorilla.com:8080/storage/card/185/card_img/20402/185card.png,39,0,1,6
182,NH농협 콕카드,CRD,NH농협카드,https://api.card-gorilla.com:8080/storage/card/186/card_img/20403/186card.png,https://api.card-gorilla.com:8080/storage/card/186/card_img/20403/186card.png,32,0,1,6
183,올바른POINT카드,CHK,NH농협카드,https://api.card-gorilla.com:8080/storage/card/187/card_img/20404/187card.png,https://api.card-gorilla.com:8080/storage/card/187/card_img/20404/187card.png,28,0,1,5
184,올바른OIL카드,CRD,NH농협카드,https://api.card-gorilla.com:8080/storage/card/188/card_img/20406/188card.png,https://api.card-gorilla.com:8080/storage/card/188/card_img/20406/188card.png,21,0,1,9
185,올바른TRAVEL카드(일본특화),CHK,NH농협카드,https://api.card-gorilla.com:8080/storage/card/189/card_img/20407/189card.png,https://api.card-gorilla.com:8080/storage/card/189/card_img/20407/189card.png,23,0,1,6
186,올바른TRAVEL카드(중국특화),CRD,NH농협카드,https://api.card-gorilla.com:8080/storage/card/190/card_img/20410/190card.png,https://api.card-gorilla.com:8080/storage/card/190/card_img/20410/190card.png,17,0,1,7
187,T라이트카드,CRD,NH농협카드,https://api.card-gorilla.com:8080/storage/card/191/card_img/20411/191card.png,https://api.card-gorilla.com:8080/storage/card/191/card_img/20411/191card.png,32,0,1,6
188,KT수퍼할부카드(비씨),CHK,NH농협카드,https://api.card-gorilla.com:8080/storage/card/192/card_img/20412/192card.png,https://api.card-gorilla.com:8080/storage/card/192/card_img/20412/192card.png,48,0,1,9
189,NH올원 LGU+카드,CHK,NH농협카드,https://api.card-gorilla.com:8080/storage/card/193/card_img/20413/193card.png,https://api.card-gorilla.com:8080/storage/card/193/card_img/20413/193card.png,28,0,1,2
190,롯데포인트 플러스 카드,CRD,롯데카드,https://api.card-gorilla.com:8080/storage/card/194/card_img/20414/194card.png,https://api.card-gorilla.com:8080/storage/card/194/card_img/20414/194card.png,42,0,1,4
191,VEEX 플래티넘 카드,CHK,롯데카드,https://api.card-gorilla.com:8080/storage/card/195/card_img/20415/195card.png,https://api.card-gorilla.com:8080/storage/card/195/card_img/20415/195card.png,36,0,1,1
192,뉴 에듀드림롯데카드,CHK,롯데카드,https://api.card-gorilla.com:8080/storage/card/196/card_img/20416/196card.png,https://api.card-gorilla.com:8080/storage/card/196/card_img/20416/196card.png,47,0,1,4
193,올마이쇼핑 카드 (교통),CHK,롯데카드,https://api.card-gorilla.com:8080/storage/card/197/card_img/20417/197card.png,https://api.card-gorilla.com:8080/storage/card/197/card_img/20417/197card.png,48,0,1,10
194,올마이쇼핑 카드 (통신),CHK,롯데카드,https://api.card-gorilla.com:8080/storage/card/198/card_img/20418/198card.png,https://api.card-gorilla.com:8080/storage/card/198/card_img/20418/198card.png,38,0,1,9
195,올마이쇼핑 카드 (점심),CRD,롯데카드,https://api.card-gorilla.com:8080/storage/card/199/card_img/20419/199card.png,https://api.card-gorilla.com:8080/storage/card/199/card_img/20419/199card.png,6,0,1,4
196,올마이쇼핑 카드 (해외),CRD,롯데카드,https://api.card-gorilla.com:8080/storage/card/200/card_img/20420/200card.png,https://api.card-gorilla.com:8080/storage/card/200/card_img/20420/200card.png,20,0,1,8
197,롯데백화점 롯데카드,CRD,롯데카드,https://api.card-gorilla.com:8080/storage/card/201/card_img/20421/201card.png,https://api.card-gorilla.com:8080/storage/card/201/card_img/20421/201card.png,39,0,1,1
198,SKYPASS THE DREAM 롯데카드,CHK,롯데카드,https://api.card-gorilla.com:8080/storage/card/202/card_img/20423/202card.png,https://api.card-gorilla.com:8080/storage/card/202/card_img/20423/202card.png,13,0,1,5
199,ALL MY DC,CHK,롯데카드,https://api.card-gorilla.com:8080/storage/card/203/card_img/20424/203card.png,https://api.card-gorilla.com:8080/storage/card/203/card_img/20424/203card.png,32,0,1,9
200,ALL MY POINT,CHK,롯데카드,https://api.card-gorilla.com:8080/storage/card/204/card_img/20426/204card.png,https://api.card-gorilla.com:8080/storage/card/204/card_img/20426/204card.png,5,0,1,8
201,ALL MY LIVING,CHK,롯데카드,https://api.card-gorilla.com:8080/storage/card/205/card_img/20428/205card.png,https://api.card-gorilla.com:8080/storage/card/205/card_img/20428/205card.png,6,0,1,6
202,ALL MY DRIVING,CHK,롯데카드,https://api.card-gorilla.com:8080/storage/card/206/card_img/20430/206card.png,https://api.card-gorilla.com:8080/storage/card/206/card_img/20430/206card.png,40,0,1,4
203,경차 smart 롯데카드,CRD,롯데카드,https://api.card-gorilla.com:8080/storage/card/207/card_img/20431/207card.png,https://api.card-gorilla.com:8080/storage/card/207/card_img/20431/207card.png,20,0,1,4
204,LIKIT FUN 카드,CHK,롯데카드,https://api.card-gorilla.com:8080/storage/card/208/card_img/20432/208card.png,https://api.card-gorilla.com:8080/storage/card/208/card_img/20432/208card.png,0,0,1,8
205,LIKIT ON 카드,CRD,롯데카드,https://api.card-gorilla.com:8080/storage/card/209/card_img/20435/209card.png,https://api.card-gorilla.com:8080/storage/card/209/card_img/20435/209card.png,7,0,1,3
206,LIKIT ALL 카드,CHK,롯데카드,https://api.card-gorilla.com:8080/storage/card/210/card_img/20509/210card.png,https://api.card-gorilla.com:8080/storage/card/210/card_img/20509/210card.png,14,0,1,1
207,트래블패스 시그니처카드,CHK,롯데카드,https://api.card-gorilla.com:8080/storage/card/211/card_img/20437/211card.png,https://api.card-gorilla.com:8080/storage/card/211/card_img/20437/211card.png,29,0,1,7
208,포인트플러스 GRANDE카드,CHK,롯데카드,https://api.card-gorilla.com:8080/storage/card/212/card_img/20438/212card.jpg,https://api.card-gorilla.com:8080/storage/card/212/card_img/20438/212card.jpg,33,0,1,1
209,I’m WONDERFUL,CRD,롯데카드,https://api.card-gorilla.com:8080/storage/card/213/card_img/20439/213card.png,https://api.card-gorilla.com:8080/storage/card/213/card_img/20439/213card.png,35,0,1,6
210,I’m GREAT,CRD,롯데카드,https://api.card-gorilla.com:8080/storage/card/214/card_img/20440/214card.png,https://api.card-gorilla.com:8080/storage/card/214/card_img/20440/214card.png,32,0,1,9
211,I’m CHEERFUL,CHK,롯데카드,https://api.card-gorilla.com:8080/storage/card/215/card_img/20441/215card.png,https://api.card-gorilla.com:8080/storage/card/215/card_img/20441/215card.png,7,0,1,8
212,I’m HEARTFUL,CHK,롯데카드,https://api.card-gorilla.com:8080/storage/card/216/card_img/20442/216card.png,https://api.card-gorilla.com:8080/storage/card/216/card_img/20442/216card.png,16,0,1,2
213,I’m JOYFUL,CHK,롯데카드,https://api.card-gorilla.com:8080/storage/card/217/card_img/20443/217card.png,https://api.card-gorilla.com:8080/storage/card/217/card_img/20443/217card.png,8,0,1,10
214,L.pay 롯데카드,CRD,롯데카드,https://api.card-gorilla.com:8080/storage/card/218/card_img/20444/218card.png,https://api.card-gorilla.com:8080/storage/card/218/card_img/20444/218card.png,46,0,1,9
215,I’m YOLO,CHK,롯데카드,https://api.card-gorilla.com:8080/storage/card/219/card_img/20445/219card.png,https://api.card-gorilla.com:8080/storage/card/219/card_img/20445/219card.png,10,0,1,9
216,L.CLASS L20 (스카이패스형),CRD,롯데카드,https://api.card-gorilla.com:8080/storage/card/220/card_img/20446/220card.png,https://api.card-gorilla.com:8080/storage/card/220/card_img/20446/220card.png,6,0,1,4
217,L.CLASS L20 (아시아나클럽형),CHK,롯데카드,https://api.card-gorilla.com:8080/storage/card/221/card_img/20447/221card.png,https://api.card-gorilla.com:8080/storage/card/221/card_img/20447/221card.png,47,0,1,0
218,L.CLASS L20 (L.POINT형),CHK,롯데카드,https://api.card-gorilla.com:8080/storage/card/222/card_img/20448/222card.png,https://api.card-gorilla.com:8080/storage/card/222/card_img/20448/222card.png,16,0,1,0
219,뉴 CJ헬로 롯데카드,CRD,롯데카드,https://api.card-gorilla.com:8080/storage/card/223/card_img/20449/223card.png,https://api.card-gorilla.com:8080/storage/card/223/card_img/20449/223card.png,4,0,1,6
220,카카오페이 롯데카드,CHK,롯데카드,https://api.card-gorilla.com:8080/storage/card/224/card_img/20450/224card.png,https://api.card-gorilla.com:8080/storage/card/224/card_img/20450/224card.png,11,0,1,6
221,PAYCO 플래티넘 롯데카드,CRD,롯데카드,https://api.card-gorilla.com:8080/storage/card/225/card_img/20451/225card.png,https://api.card-gorilla.com:8080/storage/card/225/card_img/20451/225card.png,19,0,1,7
222,터치원카드(Touch1),CHK,하나카드,https://api.card-gorilla.com:8080/storage/card/226/card_img/20452/226card.png,https://api.card-gorilla.com:8080/storage/card/226/card_img/20452/226card.png,0,0,1,7
223,CLUB SK(클럽 SK)카드,CRD,하나카드,https://api.card-gorilla.com:8080/storage/card/227/card_img/20453/227card.png,https://api.card-gorilla.com:8080/storage/card/227/card_img/20453/227card.png,38,0,1,4
224,Smart Any 카드(스마트애니),CRD,하나카드,https://api.card-gorilla.com:8080/storage/card/228/card_img/20454/228card.png,https://api.card-gorilla.com:8080/storage/card/228/card_img/20454/228card.png,24,0,1,0
225,미생카드,CRD,하나카드,https://api.card-gorilla.com:8080/storage/card/229/card_img/20455/229card.png,https://api.card-gorilla.com:8080/storage/card/229/card_img/20455/229card.png,31,0,1,5
226,아이행복카드,CRD,하나카드,https://api.card-gorilla.com:8080/storage/card/230/card_img/20456/230card.png,https://api.card-gorilla.com:8080/storage/card/230/card_img/20456/230card.png,28,0,1,8
227,하나멤버스 1Q(원큐) 카드 Living,CRD,하나카드,https://api.card-gorilla.com:8080/storage/card/231/card_img/20458/231card.png,https://api.card-gorilla.com:8080/storage/card/231/card_img/20458/231card.png,39,0,1,8
228,하나멤버스 1Q(원큐) 카드 Shopping,CRD,하나카드,https://api.card-gorilla.com:8080/storage/card/232/card_img/20459/232card.png,https://api.card-gorilla.com:8080/storage/card/232/card_img/20459/232card.png,27,0,1,5
229,카카오페이 신용카드,CHK,하나카드,https://api.card-gorilla.com:8080/storage/card/233/card_img/20460/233card.png,https://api.card-gorilla.com:8080/storage/card/233/card_img/20460/233card.png,44,0,1,0
230,하나멤버스 1Q(원큐) 카드 Daily,CHK,하나카드,https://api.card-gorilla.com:8080/storage/card/234/card_img/20461/234card.png,https://api.card-gorilla.com:8080/storage/card/234/card_img/20461/234card.png,46,0,1,8
231,Ohmyzip(오마이집) 카드,CRD,하나카드,https://api.card-gorilla.com:8080/storage/card/235/card_img/20462/235card.png,https://api.card-gorilla.com:8080/storage/card/235/card_img/20462/235card.png,38,0,1,8
232,Simple Life,CHK,하나카드,https://api.card-gorilla.com:8080/storage/card/236/card_img/20463/236card.png,https://api.card-gorilla.com:8080/storage/card/236/card_img/20463/236card.png,28,0,1,4
233,하나멤버스 1Q카드 내맘대로,CHK,하나카드,https://api.card-gorilla.com:8080/storage/card/237/card_img/20464/237card.png,https://api.card-gorilla.com:8080/storage/card/237/card_img/20464/237card.png,20,0,1,10
234,1Q Daily+,CHK,하나카드,https://api.card-gorilla.com:8080/storage/card/238/card_img/20465/238card.png,https://api.card-gorilla.com:8080/storage/card/238/card_img/20465/238card.png,19,0,1,2
235,1Q Shopping+,CHK,하나카드,https://api.card-gorilla.com:8080/storage/card/239/card_img/20466/239card.png,https://api.card-gorilla.com:8080/storage/card/239/card_img/20466/239card.png,5,0,1,2
236,1Q Living+,CRD,하나카드,https://api.card-gorilla.com:8080/storage/card/240/card_img/20467/240card.png,https://api.card-gorilla.com:8080/storage/card/240/card_img/20467/240card.png,31,0,1,8
237,1Q Special+,CHK,하나카드,https://api.card-gorilla.com:8080/storage/card/241/card_img/20468/241card.png,https://api.card-gorilla.com:8080/storage/card/241/card_img/20468/241card.png,9,0,1,10
238,Mile 1.6 대한항공,CRD,하나카드,https://api.card-gorilla.com:8080/storage/card/242/card_img/20469/242card.png,https://api.card-gorilla.com:8080/storage/card/242/card_img/20469/242card.png,4,0,1,0
239,Mile 1.6 아시아나,CHK,하나카드,https://api.card-gorilla.com:8080/storage/card/243/card_img/20470/243card.png,https://api.card-gorilla.com:8080/storage/card/243/card_img/20470/243card.png,35,0,1,1
240,Mile 1.8 대한항공,CHK,하나카드,https://api.card-gorilla.com:8080/storage/card/244/card_img/20471/244card.png,https://api.card-gorilla.com:8080/storage/card/244/card_img/20471/244card.png,31,0,1,5
241,Mile 1.8 아시아나,CHK,하나카드,https://api.card-gorilla.com:8080/storage/card/245/card_img/20472/245card.png,https://api.card-gorilla.com:8080/storage/card/245/card_img/20472/245card.png,11,0,1,10
242,통커 카드,CRD,하나카드,https://api.card-gorilla.com:8080/storage/card/246/card_img/20473/246card.png,https://api.card-gorilla.com:8080/storage/card/246/card_img/20473/246card.png,16,0,1,4
243,#tag1카드 Orange,CHK,하나카드,https://api.card-gorilla.com:8080/storage/card/247/card_img/20474/247card.png,https://api.card-gorilla.com:8080/storage/card/247/card_img/20474/247card.png,9,0,1,4
244,#tag1카드 Navy,CRD,하나카드,https://api.card-gorilla.com:8080/storage/card/248/card_img/20475/248card.png,https://api.card-gorilla.com:8080/storage/card/248/card_img/20475/248card.png,25,0,1,1
245,1Q Coupon 카드,CHK,하나카드,https://api.card-gorilla.com:8080/storage/card/249/card_img/20476/249card.png,https://api.card-gorilla.com:8080/storage/card/249/card_img/20476/249card.png,49,0,1,9
246,my pass 마패 카드,CRD,하나카드,https://api.card-gorilla.com:8080/storage/card/250/card_img/20477/250card.png,https://api.card-gorilla.com:8080/storage/card/250/card_img/20477/250card.png,13,0,1,8
247,1Q Global VIVA,CRD,하나카드,https://api.card-gorilla.com:8080/storage/card/251/card_img/20479/251card.png,https://api.card-gorilla.com:8080/storage/card/251/card_img/20479/251card.png,30,0,1,3
248,Any PLUS 카드,CHK,하나카드,https://api.card-gorilla.com:8080/storage/card/252/card_img/20480/252card.png,https://api.card-gorilla.com:8080/storage/card/252/card_img/20480/252card.png,6,0,1,0
249,Any PLUS 카드,CHK,하나카드,https://api.card-gorilla.com:8080/storage/card/252/card_img/20480/252card.png,https://api.card-gorilla.com:8080/storage/card/252/card_img/20480/252card.png,45,0,1,10
250,1Q My Lunch,CHK,하나카드,https://api.card-gorilla.com:8080/storage/card/254/card_img/20482/254card.png,https://api.card-gorilla.com:8080/storage/card/254/card_img/20482/254card.png,10,0,1,10
251,1Q My Edu,CRD,하나카드,https://api.card-gorilla.com:8080/storage/card/255/card_img/20483/255card.png,https://api.card-gorilla.com:8080/storage/card/255/card_img/20483/255card.png,50,0,1,10
252,Oil & Life카드(Oil카드),CHK,IBK기업은행,https://api.card-gorilla.com:8080/storage/card/258/card_img/20484/258card.png,https://api.card-gorilla.com:8080/storage/card/258/card_img/20484/258card.png,32,0,1,0
253,Oil & Life카드(Life카드),CRD,IBK기업은행,https://api.card-gorilla.com:8080/storage/card/259/card_img/20485/259card.png,https://api.card-gorilla.com:8080/storage/card/259/card_img/20485/259card.png,8,0,1,3
254,국민행복카드(신용),CRD,IBK기업은행,https://api.card-gorilla.com:8080/storage/card/260/card_img/20486/260card.png,https://api.card-gorilla.com:8080/storage/card/260/card_img/20486/260card.png,19,0,1,5
255,참! 좋은 kt wiz 카드(신용),CHK,IBK기업은행,https://api.card-gorilla.com:8080/storage/card/263/card_img/20487/263card.png,https://api.card-gorilla.com:8080/storage/card/263/card_img/20487/263card.png,29,0,1,7
256,olleh Super DC IBK카드,CHK,IBK기업은행,https://api.card-gorilla.com:8080/storage/card/264/card_img/20488/264card.png,https://api.card-gorilla.com:8080/storage/card/264/card_img/20488/264card.png,46,0,1,0
257,일상의 기쁨카드(신용),CHK,IBK기업은행,https://api.card-gorilla.com:8080/storage/card/266/card_img/23586/266card.png,https://api.card-gorilla.com:8080/storage/card/266/card_img/23586/266card.png,24,0,1,7
258,마일앤조이카드(대한항공),CRD,IBK기업은행,https://api.card-gorilla.com:8080/storage/card/267/card_img/20490/267card.png,https://api.card-gorilla.com:8080/storage/card/267/card_img/20490/267card.png,19,0,1,9
259,마일앤조이카드(아시아나),CHK,IBK기업은행,https://api.card-gorilla.com:8080/storage/card/268/card_img/20491/268card.png,https://api.card-gorilla.com:8080/storage/card/268/card_img/20491/268card.png,5,0,1,6
260,IBK-Hybrid(하이브리드)카드,CRD,IBK기업은행,https://api.card-gorilla.com:8080/storage/card/269/card_img/20492/269card.png,https://api.card-gorilla.com:8080/storage/card/269/card_img/20492/269card.png,0,0,1,5
261,아모레퍼시픽 IBK카드,CHK,IBK기업은행,https://api.card-gorilla.com:8080/storage/card/270/card_img/20493/270card.png,https://api.card-gorilla.com:8080/storage/card/270/card_img/20493/270card.png,1,0,1,0
262,일년의 설렘카드,CRD,IBK기업은행,https://api.card-gorilla.com:8080/storage/card/271/card_img/23585/271card.png,https://api.card-gorilla.com:8080/storage/card/271/card_img/23585/271card.png,31,0,1,6
263,참! 좋은 다이소카드(신용),CHK,IBK기업은행,https://api.card-gorilla.com:8080/storage/card/273/card_img/20495/273card.png,https://api.card-gorilla.com:8080/storage/card/273/card_img/20495/273card.png,46,0,1,10
264,쇼핑앤조이 카드,CHK,IBK기업은행,https://api.card-gorilla.com:8080/storage/card/274/card_img/20496/274card.png,https://api.card-gorilla.com:8080/storage/card/274/card_img/20496/274card.png,42,0,1,5
265,제주항공 Refresh Point 카드,CRD,IBK기업은행,https://api.card-gorilla.com:8080/storage/card/275/card_img/20497/275card.png,https://api.card-gorilla.com:8080/storage/card/275/card_img/20497/275card.png,30,0,1,8
266,플러스마일카드,CHK,SC제일은행,https://api.card-gorilla.com:8080/storage/card/276/card_img/20498/276card.png,https://api.card-gorilla.com:8080/storage/card/276/card_img/20498/276card.png,39,0,1,6
267,시그마카드,CHK,SC제일은행,https://api.card-gorilla.com:8080/storage/card/277/card_img/20499/277card.png,https://api.card-gorilla.com:8080/storage/card/277/card_img/20499/277card.png,43,0,1,10
268,FANtastic S 신한카드 체크,CHK,신한카드,https://api.card-gorilla.com:8080/storage/card/278/card_img/20500/278card.png,https://api.card-gorilla.com:8080/storage/card/278/card_img/20500/278card.png,44,0,1,9
269,CJ ONE 신한카드 체크,CRD,신한카드,https://api.card-gorilla.com:8080/storage/card/279/card_img/20501/279card.png,https://api.card-gorilla.com:8080/storage/card/279/card_img/20501/279card.png,39,0,1,4
270,11번가 팝 신한카드 체크,CRD,신한카드,https://api.card-gorilla.com:8080/storage/card/280/card_img/20502/280card.png,https://api.card-gorilla.com:8080/storage/card/280/card_img/20502/280card.png,0,0,1,3
271,신한카드 Deep Dream 체크,CRD,신한카드,https://api.card-gorilla.com:8080/storage/card/281/card_img/20503/281card.png,https://api.card-gorilla.com:8080/storage/card/281/card_img/20503/281card.png,13,0,1,4
272,신세계 신한카드 체크,CHK,신한카드,https://api.card-gorilla.com:8080/storage/card/282/card_img/20504/282card.png,https://api.card-gorilla.com:8080/storage/card/282/card_img/20504/282card.png,46,0,1,8
273,쿠팡 신한카드 체크,CRD,신한카드,https://api.card-gorilla.com:8080/storage/card/283/card_img/20505/283card.png,https://api.card-gorilla.com:8080/storage/card/283/card_img/20505/283card.png,14,0,1,0
274,신한카드 주거래 체크,CRD,신한카드,https://api.card-gorilla.com:8080/storage/card/284/card_img/20506/284card.png,https://api.card-gorilla.com:8080/storage/card/284/card_img/20506/284card.png,10,0,1,9
275,G마켓/옥션 신한카드 Smile365 체크,CRD,신한카드,https://api.card-gorilla.com:8080/storage/card/285/card_img/20507/285card.png,https://api.card-gorilla.com:8080/storage/card/285/card_img/20507/285card.png,48,0,1,3
276,카카오페이 신한 체크카드,CRD,신한카드,https://api.card-gorilla.com:8080/storage/card/286/card_img/20508/286card.png,https://api.card-gorilla.com:8080/storage/card/286/card_img/20508/286card.png,22,0,1,5
277,NCSOFT 신한카드 체크,CHK,신한카드,https://api.card-gorilla.com:8080/storage/card/287/card_img/20510/287card.png,https://api.card-gorilla.com:8080/storage/card/287/card_img/20510/287card.png,31,0,1,3
278,신한카드 YOLO Triplus 체크,CHK,신한카드,https://api.card-gorilla.com:8080/storage/card/288/card_img/20511/288card.png,https://api.card-gorilla.com:8080/storage/card/288/card_img/20511/288card.png,3,0,1,3
279,신한 글로벌패스 Check&Debit (라이프),CHK,신한카드,https://api.card-gorilla.com:8080/storage/card/289/card_img/20512/289card.png,https://api.card-gorilla.com:8080/storage/card/289/card_img/20512/289card.png,27,0,1,2
280,신한카드 4Tune 체크,CHK,신한카드,https://api.card-gorilla.com:8080/storage/card/290/card_img/20513/290card.png,https://api.card-gorilla.com:8080/storage/card/290/card_img/20513/290card.png,28,0,1,1
281,팝 신한카드 S-Choice 체크,CRD,신한카드,https://api.card-gorilla.com:8080/storage/card/291/card_img/20514/291card.png,https://api.card-gorilla.com:8080/storage/card/291/card_img/20514/291card.png,31,0,1,5
282,신한카드 아이행복 체크카드,CRD,신한카드,https://api.card-gorilla.com:8080/storage/card/292/card_img/20515/292card.png,https://api.card-gorilla.com:8080/storage/card/292/card_img/20515/292card.png,30,0,1,4
283,신한 빅플러스 체크카드,CRD,신한카드,https://api.card-gorilla.com:8080/storage/card/293/card_img/20516/293card.jpg,https://api.card-gorilla.com:8080/storage/card/293/card_img/20516/293card.jpg,9,0,1,3
284,신한카드 S-Line 체크,CRD,신한카드,https://api.card-gorilla.com:8080/storage/card/294/card_img/20517/294card.png,https://api.card-gorilla.com:8080/storage/card/294/card_img/20517/294card.png,42,0,1,6
285,신한 S20 Pink(핑크)체크카드,CRD,신한카드,https://api.card-gorilla.com:8080/storage/card/295/card_img/20518/295card.png,https://api.card-gorilla.com:8080/storage/card/295/card_img/20518/295card.png,45,0,1,8
286,신한 S-Choice체크카드,CRD,신한카드,https://api.card-gorilla.com:8080/storage/card/296/card_img/20519/296card.gif,https://api.card-gorilla.com:8080/storage/card/296/card_img/20519/296card.gif,36,0,1,0
287,해피포인트 신한카드 BigPlus 체크,CRD,신한카드,https://api.card-gorilla.com:8080/storage/card/297/card_img/20520/297card.png,https://api.card-gorilla.com:8080/storage/card/297/card_img/20520/297card.png,45,0,1,9
288,신한 S20 체크카드,CHK,신한카드,https://api.card-gorilla.com:8080/storage/card/298/card_img/20521/298card.png,https://api.card-gorilla.com:8080/storage/card/298/card_img/20521/298card.png,33,0,1,4
289,신한카드 EV 체크,CRD,신한카드,https://api.card-gorilla.com:8080/storage/card/299/card_img/20522/299card.png,https://api.card-gorilla.com:8080/storage/card/299/card_img/20522/299card.png,10,0,1,4
290,SOCAR 제휴 SOCAR 신한카드 체크,CHK,신한카드,https://api.card-gorilla.com:8080/storage/card/300/card_img/20523/300card.png,https://api.card-gorilla.com:8080/storage/card/300/card_img/20523/300card.png,20,0,1,6
291,KT 신한카드 체크,CRD,신한카드,https://api.card-gorilla.com:8080/storage/card/301/card_img/20524/301card.png,https://api.card-gorilla.com:8080/storage/card/301/card_img/20524/301card.png,38,0,1,7
292,LG U+ 신한카드 Smart 체크,CHK,신한카드,https://api.card-gorilla.com:8080/storage/card/302/card_img/20525/302card.png,https://api.card-gorilla.com:8080/storage/card/302/card_img/20525/302card.png,14,0,1,9
293,GS칼텍스 신한카드 경차사랑 체크,CHK,신한카드,https://api.card-gorilla.com:8080/storage/card/303/card_img/20526/303card.png,https://api.card-gorilla.com:8080/storage/card/303/card_img/20526/303card.png,38,0,1,2
294,SRT 신한카드 체크,CRD,신한카드,https://api.card-gorilla.com:8080/storage/card/304/card_img/20527/304card.png,https://api.card-gorilla.com:8080/storage/card/304/card_img/20527/304card.png,13,0,1,5
295,KBO 제휴 신한카드 MY KBO 체크,CHK,신한카드,https://api.card-gorilla.com:8080/storage/card/305/card_img/20550/305card.png,https://api.card-gorilla.com:8080/storage/card/305/card_img/20550/305card.png,8,0,1,3
296,리디 신한카드 체크,CRD,신한카드,https://api.card-gorilla.com:8080/storage/card/306/card_img/20551/306card.png,https://api.card-gorilla.com:8080/storage/card/306/card_img/20551/306card.png,30,0,1,4
297,더본 신한카드 체크,CRD,신한카드,https://api.card-gorilla.com:8080/storage/card/307/card_img/20552/307card.png,https://api.card-gorilla.com:8080/storage/card/307/card_img/20552/307card.png,7,0,1,10
298,요기요 신한카드 체크,CRD,신한카드,https://api.card-gorilla.com:8080/storage/card/308/card_img/20553/308card.png,https://api.card-gorilla.com:8080/storage/card/308/card_img/20553/308card.png,37,0,1,8
299,EDIYA 신한카드 체크,CHK,신한카드,https://api.card-gorilla.com:8080/storage/card/309/card_img/20554/309card.png,https://api.card-gorilla.com:8080/storage/card/309/card_img/20554/309card.png,37,0,1,8
300,마이 홈플러스 신한카드 체크,CRD,신한카드,https://api.card-gorilla.com:8080/storage/card/310/card_img/20555/310card.png,https://api.card-gorilla.com:8080/storage/card/310/card_img/20555/310card.png,29,0,1,7
301,몰테일 신한카드 체크,CRD,신한카드,https://api.card-gorilla.com:8080/storage/card/311/card_img/20556/311card.png,https://api.card-gorilla.com:8080/storage/card/311/card_img/20556/311card.png,43,0,1,10
302,카드의정석 COOKIE CHECK,CRD,우리카드,https://api.card-gorilla.com:8080/storage/card/312/card_img/20557/312card.png,https://api.card-gorilla.com:8080/storage/card/312/card_img/20557/312card.png,48,0,1,1
303,LoL CHAMPIONS KOREA 우리체크카드,CRD,우리카드,https://api.card-gorilla.com:8080/storage/card/313/card_img/20558/313card.png,https://api.card-gorilla.com:8080/storage/card/313/card_img/20558/313card.png,2,0,1,1
304,카드의정석 SSO3 CHECK,CRD,우리카드,https://api.card-gorilla.com:8080/storage/card/314/card_img/20559/314card.png,https://api.card-gorilla.com:8080/storage/card/314/card_img/20559/314card.png,30,0,1,8
305,카카오페이 체크카드,CHK,우리카드,https://api.card-gorilla.com:8080/storage/card/315/card_img/20560/315card.png,https://api.card-gorilla.com:8080/storage/card/315/card_img/20560/315card.png,21,0,1,9
306,카드의정석 L.POINT CHECK,CRD,우리카드,https://api.card-gorilla.com:8080/storage/card/316/card_img/20562/316card.png,https://api.card-gorilla.com:8080/storage/card/316/card_img/20562/316card.png,47,0,1,4
307,카드의정석 POINT CHECK,CRD,우리카드,https://api.card-gorilla.com:8080/storage/card/317/card_img/20563/317card.png,https://api.card-gorilla.com:8080/storage/card/317/card_img/20563/317card.png,49,0,1,8
308,위메프 우리체크,CHK,우리카드,https://api.card-gorilla.com:8080/storage/card/318/card_img/20564/318card.png,https://api.card-gorilla.com:8080/storage/card/318/card_img/20564/318card.png,15,0,1,4
309,배달의민족 우리체크,CRD,우리카드,https://api.card-gorilla.com:8080/storage/card/319/card_img/20565/319card.png,https://api.card-gorilla.com:8080/storage/card/319/card_img/20565/319card.png,45,0,1,9
310,롯데마트 라서 즐거운 체크카드,CHK,우리카드,https://api.card-gorilla.com:8080/storage/card/320/card_img/20566/320card.png,https://api.card-gorilla.com:8080/storage/card/320/card_img/20566/320card.png,11,0,1,5
311,우리 아이행복체크카드,CHK,우리카드,https://api.card-gorilla.com:8080/storage/card/322/card_img/20567/322card.png,https://api.card-gorilla.com:8080/storage/card/322/card_img/20567/322card.png,39,0,1,6
312,우리국민행복체크카드,CHK,우리카드,https://api.card-gorilla.com:8080/storage/card/323/card_img/20568/323card.png,https://api.card-gorilla.com:8080/storage/card/323/card_img/20568/323card.png,33,0,1,10
313,우리 YG 체크카드,CHK,우리카드,https://api.card-gorilla.com:8080/storage/card/324/card_img/20569/324card.png,https://api.card-gorilla.com:8080/storage/card/324/card_img/20569/324card.png,32,0,1,6
314,그랑블루 체크카드,CRD,우리카드,https://api.card-gorilla.com:8080/storage/card/325/card_img/20570/325card.png,https://api.card-gorilla.com:8080/storage/card/325/card_img/20570/325card.png,26,0,1,5
315,해피포인트 우리체크카드,CRD,우리카드,https://api.card-gorilla.com:8080/storage/card/326/card_img/20571/326card.png,https://api.card-gorilla.com:8080/storage/card/326/card_img/20571/326card.png,27,0,1,1
316,라떼 우리체크카드,CRD,우리카드,https://api.card-gorilla.com:8080/storage/card/328/card_img/20572/328card.png,https://api.card-gorilla.com:8080/storage/card/328/card_img/20572/328card.png,17,0,1,8
317,갤러리아 체크카드,CHK,우리카드,https://api.card-gorilla.com:8080/storage/card/329/card_img/20573/329card.png,https://api.card-gorilla.com:8080/storage/card/329/card_img/20573/329card.png,25,0,1,4
318,카드의정석 CREAM TEENS CHECK,CHK,우리카드,https://api.card-gorilla.com:8080/storage/card/330/card_img/20574/330card.png,https://api.card-gorilla.com:8080/storage/card/330/card_img/20574/330card.png,1,0,1,4
319,New 현대백화점 체크카드,CHK,우리카드,https://api.card-gorilla.com:8080/storage/card/331/card_img/20575/331card.png,https://api.card-gorilla.com:8080/storage/card/331/card_img/20575/331card.png,10,0,1,3
320,카카오페이 KB국민 체크카드,CHK,국민카드,https://api.card-gorilla.com:8080/storage/card/332/card_img/20576/332card.png,https://api.card-gorilla.com:8080/storage/card/332/card_img/20576/332card.png,5,0,1,4
321,Liiv Mate 체크카드,CHK,국민카드,https://api.card-gorilla.com:8080/storage/card/333/card_img/20577/333card.png,https://api.card-gorilla.com:8080/storage/card/333/card_img/20577/333card.png,40,0,1,7
322,아시아나 체크카드,CHK,국민카드,https://api.card-gorilla.com:8080/storage/card/334/card_img/20578/334card.png,https://api.card-gorilla.com:8080/storage/card/334/card_img/20578/334card.png,18,0,1,3
323,청춘대로 싱글 체크카드,CHK,국민카드,https://api.card-gorilla.com:8080/storage/card/335/card_img/20579/335card.png,https://api.card-gorilla.com:8080/storage/card/335/card_img/20579/335card.png,3,0,1,1
324,가온체크카드,CRD,국민카드,https://api.card-gorilla.com:8080/storage/card/336/card_img/20580/336card.png,https://api.card-gorilla.com:8080/storage/card/336/card_img/20580/336card.png,8,0,1,0
325,ONE 체크카드,CHK,국민카드,https://api.card-gorilla.com:8080/storage/card/337/card_img/20582/337card.png,https://api.card-gorilla.com:8080/storage/card/337/card_img/20582/337card.png,20,0,1,3
326,누리체크카드,CRD,국민카드,https://api.card-gorilla.com:8080/storage/card/338/card_img/20583/338card.png,https://api.card-gorilla.com:8080/storage/card/338/card_img/20583/338card.png,43,0,1,7
327,음 체크카드,CHK,국민카드,https://api.card-gorilla.com:8080/storage/card/339/card_img/20584/339card.png,https://api.card-gorilla.com:8080/storage/card/339/card_img/20584/339card.png,1,0,1,1
328,락스타 체크카드,CRD,국민카드,https://api.card-gorilla.com:8080/storage/card/340/card_img/20585/340card.png,https://api.card-gorilla.com:8080/storage/card/340/card_img/20585/340card.png,38,0,1,6
329,훈 체크카드,CHK,국민카드,https://api.card-gorilla.com:8080/storage/card/341/card_img/20586/341card.png,https://api.card-gorilla.com:8080/storage/card/341/card_img/20586/341card.png,34,0,1,1
330,해피노리체크카드,CHK,국민카드,https://api.card-gorilla.com:8080/storage/card/342/card_img/20587/342card.png,https://api.card-gorilla.com:8080/storage/card/342/card_img/20587/342card.png,33,0,1,10
331,포인트리체크카드,CRD,국민카드,https://api.card-gorilla.com:8080/storage/card/343/card_img/20588/343card.png,https://api.card-gorilla.com:8080/storage/card/343/card_img/20588/343card.png,34,0,1,8
332,아이행복 체크카드,CRD,국민카드,https://api.card-gorilla.com:8080/storage/card/344/card_img/20589/344card.png,https://api.card-gorilla.com:8080/storage/card/344/card_img/20589/344card.png,35,0,1,5
333,정 체크카드,CHK,국민카드,https://api.card-gorilla.com:8080/storage/card/345/card_img/20590/345card.png,https://api.card-gorilla.com:8080/storage/card/345/card_img/20590/345card.png,15,0,1,2
334,민 체크카드,CHK,국민카드,https://api.card-gorilla.com:8080/storage/card/346/card_img/20591/346card.png,https://api.card-gorilla.com:8080/storage/card/346/card_img/20591/346card.png,6,0,1,7
335,비트윈체크카드,CHK,국민카드,https://api.card-gorilla.com:8080/storage/card/347/card_img/20592/347card.png,https://api.card-gorilla.com:8080/storage/card/347/card_img/20592/347card.png,45,0,1,1
336,노리체크카드,CRD,국민카드,https://api.card-gorilla.com:8080/storage/card/348/card_img/20581/348card.png,https://api.card-gorilla.com:8080/storage/card/348/card_img/20581/348card.png,35,0,1,7
337,해피락스타 체크카드,CHK,국민카드,https://api.card-gorilla.com:8080/storage/card/349/card_img/20593/349card.png,https://api.card-gorilla.com:8080/storage/card/349/card_img/20593/349card.png,43,0,1,4
338,직장인보너스체크카드,CRD,국민카드,https://api.card-gorilla.com:8080/storage/card/350/card_img/20594/350card.png,https://api.card-gorilla.com:8080/storage/card/350/card_img/20594/350card.png,46,0,1,6
339,스타체크카드,CHK,국민카드,https://api.card-gorilla.com:8080/storage/card/351/card_img/20595/351card.png,https://api.card-gorilla.com:8080/storage/card/351/card_img/20595/351card.png,41,0,1,0
340,해피CU포인트 체크카드,CRD,국민카드,https://api.card-gorilla.com:8080/storage/card/353/card_img/20596/353card.png,https://api.card-gorilla.com:8080/storage/card/353/card_img/20596/353card.png,39,0,1,5
341,LG U+ 체크카드,CRD,국민카드,https://api.card-gorilla.com:8080/storage/card/354/card_img/20597/354card.png,https://api.card-gorilla.com:8080/storage/card/354/card_img/20597/354card.png,48,0,1,2
342,H.Point 체크카드,CHK,국민카드,https://api.card-gorilla.com:8080/storage/card/355/card_img/20598/355card.png,https://api.card-gorilla.com:8080/storage/card/355/card_img/20598/355card.png,38,0,1,1
343,AK KB국민 체크카드,CHK,국민카드,https://api.card-gorilla.com:8080/storage/card/357/card_img/20599/357card.png,https://api.card-gorilla.com:8080/storage/card/357/card_img/20599/357card.png,8,0,1,0
344,아모레퍼시픽 체크카드,CRD,국민카드,https://api.card-gorilla.com:8080/storage/card/359/card_img/20600/359card.png,https://api.card-gorilla.com:8080/storage/card/359/card_img/20600/359card.png,23,0,1,3
345,올바른POINT체크카드,CHK,NH농협카드,https://api.card-gorilla.com:8080/storage/card/360/card_img/25852/360card.png,https://api.card-gorilla.com:8080/storage/card/360/card_img/25852/360card.png,12,0,1,9
346,콕체크카드,CRD,NH농협카드,https://api.card-gorilla.com:8080/storage/card/361/card_img/20602/361card.png,https://api.card-gorilla.com:8080/storage/card/361/card_img/20602/361card.png,23,0,1,1
347,NH20해봄체크카드,CRD,NH농협카드,https://api.card-gorilla.com:8080/storage/card/362/card_img/20603/362card.png,https://api.card-gorilla.com:8080/storage/card/362/card_img/20603/362card.png,11,0,1,4
348,Global Unlimited(글로벌 언리미티드)체크카드,CHK,NH농협카드,https://api.card-gorilla.com:8080/storage/card/363/card_img/20604/363card.png,https://api.card-gorilla.com:8080/storage/card/363/card_img/20604/363card.png,7,0,1,4
349,국민행복체크카드(비씨),CHK,NH농협카드,https://api.card-gorilla.com:8080/storage/card/364/card_img/20605/364card.png,https://api.card-gorilla.com:8080/storage/card/364/card_img/20605/364card.png,4,0,1,2
350,DC줌체크카드(비씨),CRD,NH농협카드,https://api.card-gorilla.com:8080/storage/card/365/card_img/20606/365card.png,https://api.card-gorilla.com:8080/storage/card/365/card_img/20606/365card.png,2,0,1,7
351,jumjum(점점) 체크카드(비씨),CHK,NH농협카드,https://api.card-gorilla.com:8080/storage/card/366/card_img/20607/366card.png,https://api.card-gorilla.com:8080/storage/card/366/card_img/20607/366card.png,1,0,1,6
352,내일배움체크카드,CRD,NH농협카드,https://api.card-gorilla.com:8080/storage/card/367/card_img/20608/367card.png,https://api.card-gorilla.com:8080/storage/card/367/card_img/20608/367card.png,42,0,1,7
353,NH올원체크카드,CHK,NH농협카드,https://api.card-gorilla.com:8080/storage/card/368/card_img/20609/368card.jpg,https://api.card-gorilla.com:8080/storage/card/368/card_img/20609/368card.jpg,10,0,1,1
354,아이행복체크카드(비씨),CRD,NH농협카드,https://api.card-gorilla.com:8080/storage/card/369/card_img/20610/369card.png,https://api.card-gorilla.com:8080/storage/card/369/card_img/20610/369card.png,37,0,1,2
355,BAZIC(베이직)체크카드,CHK,NH농협카드,https://api.card-gorilla.com:8080/storage/card/370/card_img/20867/370card.png,https://api.card-gorilla.com:8080/storage/card/370/card_img/20867/370card.png,42,0,1,7
356,#ing(샵핑) 체크카드,CRD,NH농협카드,https://api.card-gorilla.com:8080/storage/card/371/card_img/20868/371card.png,https://api.card-gorilla.com:8080/storage/card/371/card_img/20868/371card.png,10,0,1,9
357,NC다이노스체크카드,CHK,NH농협카드,https://api.card-gorilla.com:8080/storage/card/372/card_img/20869/372card.jpg,https://api.card-gorilla.com:8080/storage/card/372/card_img/20869/372card.jpg,28,0,1,1
358,Global체크카드,CRD,NH농협카드,https://api.card-gorilla.com:8080/storage/card/373/card_img/20871/373card.png,https://api.card-gorilla.com:8080/storage/card/373/card_img/20871/373card.png,17,0,1,4
359,청년동행체크카드(비씨),CRD,NH농협카드,https://api.card-gorilla.com:8080/storage/card/374/card_img/20872/374card.png,https://api.card-gorilla.com:8080/storage/card/374/card_img/20872/374card.png,37,0,1,2
360,올바른GLOBAL체크카드,CRD,NH농협카드,https://api.card-gorilla.com:8080/storage/card/375/card_img/20874/375card.png,https://api.card-gorilla.com:8080/storage/card/375/card_img/20874/375card.png,38,0,1,9
361,문화융성체크카드,CHK,NH농협카드,https://api.card-gorilla.com:8080/storage/card/376/card_img/20876/376card.png,https://api.card-gorilla.com:8080/storage/card/376/card_img/20876/376card.png,39,0,1,4
362,행복건강체크카드,CHK,NH농협카드,https://api.card-gorilla.com:8080/storage/card/377/card_img/20877/377card.png,https://api.card-gorilla.com:8080/storage/card/377/card_img/20877/377card.png,34,0,1,8
363,VIVA+ 체크카드,CRD,하나카드,https://api.card-gorilla.com:8080/storage/card/378/card_img/20878/378card.jpg,https://api.card-gorilla.com:8080/storage/card/378/card_img/20878/378card.jpg,36,0,1,3
364,VIVA e-Platinum 체크카드,CRD,하나카드,https://api.card-gorilla.com:8080/storage/card/379/card_img/20879/379card.jpg,https://api.card-gorilla.com:8080/storage/card/379/card_img/20879/379card.jpg,13,0,1,5
365,하나멤버스 1Q 체크카드,CRD,하나카드,https://api.card-gorilla.com:8080/storage/card/380/card_img/20880/380card.png,https://api.card-gorilla.com:8080/storage/card/380/card_img/20880/380card.png,7,0,1,9
366,뷰티풀해피 체크카드,CHK,하나카드,https://api.card-gorilla.com:8080/storage/card/381/card_img/20881/381card.jpg,https://api.card-gorilla.com:8080/storage/card/381/card_img/20881/381card.jpg,44,0,1,2
367,카카오페이 체크카드,CRD,하나카드,https://api.card-gorilla.com:8080/storage/card/382/card_img/20882/382card.png,https://api.card-gorilla.com:8080/storage/card/382/card_img/20882/382card.png,5,0,1,8
368,해피포인트 체크카드,CRD,하나카드,https://api.card-gorilla.com:8080/storage/card/383/card_img/20883/383card.png,https://api.card-gorilla.com:8080/storage/card/383/card_img/20883/383card.png,26,0,1,8
369,VIVA G platinum 체크카드,CRD,하나카드,https://api.card-gorilla.com:8080/storage/card/385/card_img/20884/385card.jpg,https://api.card-gorilla.com:8080/storage/card/385/card_img/20884/385card.jpg,1,0,1,8
370,CJ ONE 체크카드,CHK,하나카드,https://api.card-gorilla.com:8080/storage/card/386/card_img/20885/386card.jpg,https://api.card-gorilla.com:8080/storage/card/386/card_img/20885/386card.jpg,42,0,1,2
371,비바2 플래티늄 체크카드,CHK,하나카드,https://api.card-gorilla.com:8080/storage/card/387/card_img/20886/387card.jpg,https://api.card-gorilla.com:8080/storage/card/387/card_img/20886/387card.jpg,14,0,1,5
372,하나멤버스 Mega 체크카드,CRD,하나카드,https://api.card-gorilla.com:8080/storage/card/388/card_img/20887/388card.png,https://api.card-gorilla.com:8080/storage/card/388/card_img/20887/388card.png,16,0,1,10
373,시코르 체크카드,CRD,하나카드,https://api.card-gorilla.com:8080/storage/card/389/card_img/20888/389card.png,https://api.card-gorilla.com:8080/storage/card/389/card_img/20888/389card.png,32,0,1,0
374,신세계 하나 체크카드,CHK,하나카드,https://api.card-gorilla.com:8080/storage/card/390/card_img/20889/390card.png,https://api.card-gorilla.com:8080/storage/card/390/card_img/20889/390card.png,40,0,1,3
375,신한카드 하이패스(전용) 체크,CRD,신한카드,https://api.card-gorilla.com:8080/storage/card/391/card_img/20890/391card.png,https://api.card-gorilla.com:8080/storage/card/391/card_img/20890/391card.png,40,0,1,4
376,국민행복 삼성체크카드,CRD,삼성카드,https://api.card-gorilla.com:8080/storage/card/392/card_img/20891/392card.png,https://api.card-gorilla.com:8080/storage/card/392/card_img/20891/392card.png,12,0,1,6
377,삼성체크카드 & POINT,CHK,삼성카드,https://api.card-gorilla.com:8080/storage/card/393/card_img/20892/393card.png,https://api.card-gorilla.com:8080/storage/card/393/card_img/20892/393card.png,15,0,1,5
378,삼성체크카드 & CASHBACK,CHK,삼성카드,https://api.card-gorilla.com:8080/storage/card/394/card_img/20893/394card.png,https://api.card-gorilla.com:8080/storage/card/394/card_img/20893/394card.png,46,0,1,0
379,삼성체크카드 & YOUNG,CHK,삼성카드,https://api.card-gorilla.com:8080/storage/card/395/card_img/20894/395card.png,https://api.card-gorilla.com:8080/storage/card/395/card_img/20894/395card.png,21,0,1,4
380,씨티 캐시백 체크카드,CRD,씨티카드,https://api.card-gorilla.com:8080/storage/card/396/card_img/20895/396card.png,https://api.card-gorilla.com:8080/storage/card/396/card_img/20895/396card.png,8,0,1,4
381,신세계 씨티 플러스 체크카드,CHK,씨티카드,https://api.card-gorilla.com:8080/storage/card/397/card_img/20896/397card.png,https://api.card-gorilla.com:8080/storage/card/397/card_img/20896/397card.png,46,0,1,10
382,롯데 아이행복 체크카드,CRD,롯데카드,https://api.card-gorilla.com:8080/storage/card/398/card_img/20897/398card.png,https://api.card-gorilla.com:8080/storage/card/398/card_img/20897/398card.png,7,0,1,9
383,위클리 체크카드,CHK,롯데카드,https://api.card-gorilla.com:8080/storage/card/399/card_img/20898/399card.png,https://api.card-gorilla.com:8080/storage/card/399/card_img/20898/399card.png,22,0,1,1
384,롯데포인트플러스 체크카드,CHK,롯데카드,https://api.card-gorilla.com:8080/storage/card/400/card_img/20899/400card.png,https://api.card-gorilla.com:8080/storage/card/400/card_img/20899/400card.png,10,0,1,1
385,롯데 플래티넘 체크카드,CRD,롯데카드,https://api.card-gorilla.com:8080/storage/card/402/card_img/20900/402card.png,https://api.card-gorilla.com:8080/storage/card/402/card_img/20900/402card.png,22,0,1,4
386,롯데체크카드,CHK,롯데카드,https://api.card-gorilla.com:8080/storage/card/403/card_img/20901/403card.png,https://api.card-gorilla.com:8080/storage/card/403/card_img/20901/403card.png,42,0,1,3
387,롯데 국민행복 체크카드,CHK,롯데카드,https://api.card-gorilla.com:8080/storage/card/404/card_img/20902/404card.png,https://api.card-gorilla.com:8080/storage/card/404/card_img/20902/404card.png,46,0,1,6
388,에이스플러스체크카드(미키90주년),CHK,SC제일은행,https://api.card-gorilla.com:8080/storage/card/405/card_img/20903/405card.png,https://api.card-gorilla.com:8080/storage/card/405/card_img/20903/405card.png,15,0,1,9
389,부자되세요 더 마일리지 체크카드,CRD,SC제일은행,https://api.card-gorilla.com:8080/storage/card/406/card_img/20904/406card.jpg,https://api.card-gorilla.com:8080/storage/card/406/card_img/20904/406card.jpg,46,0,1,6
390,현대카드M CHECK,CRD,현대카드,https://api.card-gorilla.com:8080/storage/card/407/card_img/20905/407card.png,https://api.card-gorilla.com:8080/storage/card/407/card_img/20905/407card.png,10,0,1,5
391,현대카드X CHECK,CRD,현대카드,https://api.card-gorilla.com:8080/storage/card/408/card_img/20906/408card.png,https://api.card-gorilla.com:8080/storage/card/408/card_img/20906/408card.png,44,0,1,8
392,부자되세요 더 마일리지 카드(체크),CHK,IBK기업은행,https://api.card-gorilla.com:8080/storage/card/409/card_img/20907/409card.png,https://api.card-gorilla.com:8080/storage/card/409/card_img/20907/409card.png,16,0,1,4
393,현대카드ZERO(할인형),CRD,현대카드,https://api.card-gorilla.com:8080/storage/card/410/card_img/20908/410card.png,https://api.card-gorilla.com:8080/storage/card/410/card_img/20908/410card.png,24,0,1,7
394,현대카드X Edition2,CHK,현대카드,https://api.card-gorilla.com:8080/storage/card/411/card_img/20909/411card.png,https://api.card-gorilla.com:8080/storage/card/411/card_img/20909/411card.png,18,0,1,4
395,현대카드X2 Edition2,CRD,현대카드,https://api.card-gorilla.com:8080/storage/card/412/card_img/20910/412card.png,https://api.card-gorilla.com:8080/storage/card/412/card_img/20910/412card.png,31,0,1,6
396,현대카드M2 Edition2,CRD,현대카드,https://api.card-gorilla.com:8080/storage/card/413/card_img/20911/413card.png,https://api.card-gorilla.com:8080/storage/card/413/card_img/20911/413card.png,12,0,1,0
397,현대카드M HYBRID,CRD,현대카드,https://api.card-gorilla.com:8080/storage/card/414/card_img/20912/414card.png,https://api.card-gorilla.com:8080/storage/card/414/card_img/20912/414card.png,50,0,1,7
398,현대카드X HYBRID,CHK,현대카드,https://api.card-gorilla.com:8080/storage/card/415/card_img/20913/415card.png,https://api.card-gorilla.com:8080/storage/card/415/card_img/20913/415card.png,43,0,1,0
399,현대카드X3 Edition2,CHK,현대카드,https://api.card-gorilla.com:8080/storage/card/416/card_img/20914/416card.png,https://api.card-gorilla.com:8080/storage/card/416/card_img/20914/416card.png,24,0,1,0
400,현대카드T3 Edition2,CRD,현대카드,https://api.card-gorilla.com:8080/storage/card/417/card_img/20915/417card.png,https://api.card-gorilla.com:8080/storage/card/417/card_img/20915/417card.png,40,0,1,5
401,현대카드ZERO MOBILE(포인트형),CHK,현대카드,https://api.card-gorilla.com:8080/storage/card/418/card_img/20916/418card.png,https://api.card-gorilla.com:8080/storage/card/418/card_img/20916/418card.png,7,0,1,10
402,현대카드ZERO MOBILE(할인형),CRD,현대카드,https://api.card-gorilla.com:8080/storage/card/419/card_img/20917/419card.png,https://api.card-gorilla.com:8080/storage/card/419/card_img/20917/419card.png,33,0,1,6
403,현대카드ZERO(포인트형),CHK,현대카드,https://api.card-gorilla.com:8080/storage/card/420/card_img/20918/420card.png,https://api.card-gorilla.com:8080/storage/card/420/card_img/20918/420card.png,49,0,1,2
404,현대카드M-경차전용카드(유류세 환급),CRD,현대카드,https://api.card-gorilla.com:8080/storage/card/421/card_img/20919/421card.png,https://api.card-gorilla.com:8080/storage/card/421/card_img/20919/421card.png,2,0,1,5
405,the Green,CHK,현대카드,https://api.card-gorilla.com:8080/storage/card/422/card_img/20920/422card.png,https://api.card-gorilla.com:8080/storage/card/422/card_img/20920/422card.png,2,0,1,5
406,the Red Edition3,CHK,현대카드,https://api.card-gorilla.com:8080/storage/card/423/card_img/20921/423card.png,https://api.card-gorilla.com:8080/storage/card/423/card_img/20921/423card.png,36,0,1,7
407,the Purple Edition2,CHK,현대카드,https://api.card-gorilla.com:8080/storage/card/424/card_img/20922/424card.png,https://api.card-gorilla.com:8080/storage/card/424/card_img/20922/424card.png,15,0,1,0
408,코스트코 리워드 현대카드,CRD,현대카드,https://api.card-gorilla.com:8080/storage/card/425/card_img/20923/425card.png,https://api.card-gorilla.com:8080/storage/card/425/card_img/20923/425card.png,10,0,1,4
409,알파원카드,CHK,국민카드,https://api.card-gorilla.com:8080/storage/card/426/card_img/20924/426card.png,https://api.card-gorilla.com:8080/storage/card/426/card_img/20924/426card.png,29,0,1,5
410,내일배움카드,CRD,NH농협카드,https://api.card-gorilla.com:8080/storage/card/427/card_img/20925/427card.png,https://api.card-gorilla.com:8080/storage/card/427/card_img/20925/427card.png,3,0,1,4
411,아시아나클럽 롯데 플래티넘 카드,CRD,롯데카드,https://api.card-gorilla.com:8080/storage/card/430/card_img/20926/430card.png,https://api.card-gorilla.com:8080/storage/card/430/card_img/20926/430card.png,46,0,1,1
412,아시아나클럽 롯데 골드 아멕스카드,CHK,롯데카드,https://api.card-gorilla.com:8080/storage/card/431/card_img/20927/431card.png,https://api.card-gorilla.com:8080/storage/card/431/card_img/20927/431card.png,43,0,1,8
413,SKYPASS 롯데 아멕스카드,CHK,롯데카드,https://api.card-gorilla.com:8080/storage/card/432/card_img/20929/432card.jpg,https://api.card-gorilla.com:8080/storage/card/432/card_img/20929/432card.jpg,44,0,1,7
414,롯데카드 텔로 SKT,CRD,롯데카드,https://api.card-gorilla.com:8080/storage/card/433/card_img/20930/433card.png,https://api.card-gorilla.com:8080/storage/card/433/card_img/20930/433card.png,45,0,1,0
415,SSG카드,CHK,SSGPAY. CARD,https://api.card-gorilla.com:8080/storage/card/434/card_img/20933/434card.png,https://api.card-gorilla.com:8080/storage/card/434/card_img/20933/434card.png,48,0,1,5
416,카카오뱅크 프렌즈 체크카드,CRD,카카오뱅크,https://api.card-gorilla.com:8080/storage/card/435/card_img/20935/435card.png,https://api.card-gorilla.com:8080/storage/card/435/card_img/20935/435card.png,44,0,1,5
417,케이뱅크 X KT멤버십더블혜택 체크카드,CRD,케이뱅크,https://api.card-gorilla.com:8080/storage/card/436/card_img/20937/436card.png,https://api.card-gorilla.com:8080/storage/card/436/card_img/20937/436card.png,17,0,1,1
418,케이뱅크X네이버페이 체크카드2,CHK,케이뱅크,https://api.card-gorilla.com:8080/storage/card/437/card_img/20940/437card.png,https://api.card-gorilla.com:8080/storage/card/437/card_img/20940/437card.png,7,0,1,7
419,케이뱅크 체크카드 포인트적립형,CRD,케이뱅크,https://api.card-gorilla.com:8080/storage/card/438/card_img/20941/438card.png,https://api.card-gorilla.com:8080/storage/card/438/card_img/20941/438card.png,11,0,1,9
420,케이뱅크X해피포인트 체크카드,CRD,케이뱅크,https://api.card-gorilla.com:8080/storage/card/439/card_img/20945/439card.png,https://api.card-gorilla.com:8080/storage/card/439/card_img/20945/439card.png,36,0,1,9
421,GD카드(체크),CRD,IBK기업은행,https://api.card-gorilla.com:8080/storage/card/440/card_img/20946/440card.png,https://api.card-gorilla.com:8080/storage/card/440/card_img/20946/440card.png,39,0,1,6
422,일상의 기쁨카드(체크),CRD,IBK기업은행,https://api.card-gorilla.com:8080/storage/card/441/card_img/20947/441card.png,https://api.card-gorilla.com:8080/storage/card/441/card_img/20947/441card.png,9,0,1,7
423,IBK 국민행복 체크카드,CRD,IBK기업은행,https://api.card-gorilla.com:8080/storage/card/442/card_img/22257/442card.png,https://api.card-gorilla.com:8080/storage/card/442/card_img/22257/442card.png,46,0,1,4
424,아이행복카드(체크),CHK,IBK기업은행,https://api.card-gorilla.com:8080/storage/card/443/card_img/20949/443card.png,https://api.card-gorilla.com:8080/storage/card/443/card_img/20949/443card.png,45,0,1,6
425,참! 좋은 글로벌 체크카드,CHK,IBK기업은행,https://api.card-gorilla.com:8080/storage/card/444/card_img/20950/444card.png,https://api.card-gorilla.com:8080/storage/card/444/card_img/20950/444card.png,10,0,1,4
426,문화융성카드(체크),CHK,IBK기업은행,https://api.card-gorilla.com:8080/storage/card/445/card_img/20951/445card.png,https://api.card-gorilla.com:8080/storage/card/445/card_img/20951/445card.png,11,0,1,3
427,IBK 나라사랑카드,CHK,IBK기업은행,https://api.card-gorilla.com:8080/storage/card/446/card_img/20952/446card.png,https://api.card-gorilla.com:8080/storage/card/446/card_img/20952/446card.png,25,0,1,10
428,CLUB Premier Travel 카드,CHK,하나카드,https://api.card-gorilla.com:8080/storage/card/447/card_img/20955/447card.png,https://api.card-gorilla.com:8080/storage/card/447/card_img/20955/447card.png,41,0,1,3
429,CLUB Premier Hotel 카드,CHK,하나카드,https://api.card-gorilla.com:8080/storage/card/448/card_img/20956/448card.png,https://api.card-gorilla.com:8080/storage/card/448/card_img/20956/448card.png,5,0,1,4
430,CLUB Signature SKYPASS 카드,CRD,하나카드,https://api.card-gorilla.com:8080/storage/card/449/card_img/20961/449card.png,https://api.card-gorilla.com:8080/storage/card/449/card_img/20961/449card.png,26,0,1,2
431,CLUB Signature Asiana Club 카드,CHK,하나카드,https://api.card-gorilla.com:8080/storage/card/450/card_img/20963/450card.png,https://api.card-gorilla.com:8080/storage/card/450/card_img/20963/450card.png,2,0,1,4
432,CLUB Primus Point 카드,CRD,하나카드,https://api.card-gorilla.com:8080/storage/card/451/card_img/20965/451card.png,https://api.card-gorilla.com:8080/storage/card/451/card_img/20965/451card.png,6,0,1,7
433,CLUB Primus Skypass 카드,CHK,하나카드,https://api.card-gorilla.com:8080/storage/card/452/card_img/20966/452card.png,https://api.card-gorilla.com:8080/storage/card/452/card_img/20966/452card.png,14,0,1,2
434,CLUB Primus Asiana Club 카드,CRD,하나카드,https://api.card-gorilla.com:8080/storage/card/453/card_img/20968/453card.png,https://api.card-gorilla.com:8080/storage/card/453/card_img/20968/453card.png,14,0,1,4
435,가온 올포인트 체크카드,CRD,국민카드,https://api.card-gorilla.com:8080/storage/card/454/card_img/20970/454card.png,https://api.card-gorilla.com:8080/storage/card/454/card_img/20970/454card.png,27,0,1,10
436,롯데 국민행복카드,CHK,롯데카드,https://api.card-gorilla.com:8080/storage/card/455/card_img/20971/455card.png,https://api.card-gorilla.com:8080/storage/card/455/card_img/20971/455card.png,22,0,1,5
437,롯데 아이행복 카드,CHK,롯데카드,https://api.card-gorilla.com:8080/storage/card/456/card_img/20975/456card.png,https://api.card-gorilla.com:8080/storage/card/456/card_img/20975/456card.png,7,0,1,7
438,썸타는 우리 체크,CHK,우리카드,https://api.card-gorilla.com:8080/storage/card/457/card_img/20978/457card.png,https://api.card-gorilla.com:8080/storage/card/457/card_img/20978/457card.png,24,0,1,1
439,네이버페이 taptap,CRD,삼성카드,https://api.card-gorilla.com:8080/storage/card/458/card_img/20979/458card.png,https://api.card-gorilla.com:8080/storage/card/458/card_img/20979/458card.png,34,0,1,2
440,카드의정석 WOWRI,CHK,우리카드,https://api.card-gorilla.com:8080/storage/card/459/card_img/20980/459card.png,https://api.card-gorilla.com:8080/storage/card/459/card_img/20980/459card.png,40,0,1,7
441,네이버페이 신한카드 체크,CRD,신한카드,https://api.card-gorilla.com:8080/storage/card/460/card_img/20981/460card.png,https://api.card-gorilla.com:8080/storage/card/460/card_img/20981/460card.png,18,0,1,3
442,현대카드M Edition2,CRD,현대카드,https://api.card-gorilla.com:8080/storage/card/461/card_img/20982/461card.png,https://api.card-gorilla.com:8080/storage/card/461/card_img/20982/461card.png,9,0,1,8
443,현대카드M3 Edition2,CHK,현대카드,https://api.card-gorilla.com:8080/storage/card/462/card_img/20983/462card.png,https://api.card-gorilla.com:8080/storage/card/462/card_img/20983/462card.png,26,0,1,6
444,신세계 씨티 클리어 카드,CHK,씨티카드,https://api.card-gorilla.com:8080/storage/card/463/card_img/20984/463card.png,https://api.card-gorilla.com:8080/storage/card/463/card_img/20984/463card.png,34,0,1,4
445,K리그 축덕 하나멤버스 1Q Play1 카드,CRD,하나카드,https://api.card-gorilla.com:8080/storage/card/465/card_img/21157/465card.png,https://api.card-gorilla.com:8080/storage/card/465/card_img/21157/465card.png,36,0,1,1
446,신한카드 Air One,CRD,신한카드,https://api.card-gorilla.com:8080/storage/card/466/card_img/21158/466card.png,https://api.card-gorilla.com:8080/storage/card/466/card_img/21158/466card.png,44,0,1,3
447,Easy pick카드,CHK,국민카드,https://api.card-gorilla.com:8080/storage/card/469/card_img/21159/469card.png,https://api.card-gorilla.com:8080/storage/card/469/card_img/21159/469card.png,3,0,1,6
448,Easy on카드,CRD,국민카드,https://api.card-gorilla.com:8080/storage/card/470/card_img/21160/470card.png,https://api.card-gorilla.com:8080/storage/card/470/card_img/21160/470card.png,24,0,1,8
449,LOTTE ONers 롯데카드,CRD,롯데카드,https://api.card-gorilla.com:8080/storage/card/471/card_img/21161/471card.png,https://api.card-gorilla.com:8080/storage/card/471/card_img/21161/471card.png,21,0,1,10
450,카드의정석 일본여행,CHK,우리카드,https://api.card-gorilla.com:8080/storage/card/472/card_img/21162/472card.png,https://api.card-gorilla.com:8080/storage/card/472/card_img/21162/472card.png,26,0,1,6
451,카드의정석 UniMile,CHK,우리카드,https://api.card-gorilla.com:8080/storage/card/473/card_img/21163/473card.png,https://api.card-gorilla.com:8080/storage/card/473/card_img/21163/473card.png,7,0,1,5
452,카카오페이 신한 체크카드(무지),CRD,신한카드,https://api.card-gorilla.com:8080/storage/card/474/card_img/21164/474card.png,https://api.card-gorilla.com:8080/storage/card/474/card_img/21164/474card.png,34,0,1,3
453,ONE AIR(UniMile),CRD,IBK기업은행,https://api.card-gorilla.com:8080/storage/card/475/card_img/21165/475card.png,https://api.card-gorilla.com:8080/storage/card/475/card_img/21165/475card.png,0,0,1,7
454,신한카드 Deep Making,CHK,신한카드,https://api.card-gorilla.com:8080/storage/card/476/card_img/21166/476card.png,https://api.card-gorilla.com:8080/storage/card/476/card_img/21166/476card.png,26,0,1,1
455,신한카드 Deep Taking,CHK,신한카드,https://api.card-gorilla.com:8080/storage/card/477/card_img/21167/477card.png,https://api.card-gorilla.com:8080/storage/card/477/card_img/21167/477card.png,17,0,1,9
456,마이 홈플러스 신한카드,CRD,신한카드,https://api.card-gorilla.com:8080/storage/card/478/card_img/21168/478card.png,https://api.card-gorilla.com:8080/storage/card/478/card_img/21168/478card.png,38,0,1,4
457,마이 홈플러스 체크카드,CRD,신한카드,https://api.card-gorilla.com:8080/storage/card/479/card_img/21169/479card.png,https://api.card-gorilla.com:8080/storage/card/479/card_img/21169/479card.png,36,0,1,1
458,카카오 T 하나카드,CRD,하나카드,https://api.card-gorilla.com:8080/storage/card/480/card_img/21170/480card.png,https://api.card-gorilla.com:8080/storage/card/480/card_img/21170/480card.png,48,0,1,0
459,카드의정석 댕댕냥이(강아지),CRD,우리카드,https://api.card-gorilla.com:8080/storage/card/481/card_img/21171/481card.png,https://api.card-gorilla.com:8080/storage/card/481/card_img/21171/481card.png,5,0,1,0
460,카드의정석 댕댕냥이(고양이),CRD,우리카드,https://api.card-gorilla.com:8080/storage/card/482/card_img/21172/482card.png,https://api.card-gorilla.com:8080/storage/card/482/card_img/21172/482card.png,49,0,1,3
461,뉴타임카드,CRD,SC제일은행,https://api.card-gorilla.com:8080/storage/card/483/card_img/21173/483card.png,https://api.card-gorilla.com:8080/storage/card/483/card_img/21173/483card.png,43,0,1,1
462,탄탄대로 Biz 티타늄카드,CRD,국민카드,https://api.card-gorilla.com:8080/storage/card/484/card_img/21174/484card.png,https://api.card-gorilla.com:8080/storage/card/484/card_img/21174/484card.png,48,0,1,0
463,탄탄대로 올쇼핑 티타늄카드,CHK,국민카드,https://api.card-gorilla.com:8080/storage/card/485/card_img/21175/485card.png,https://api.card-gorilla.com:8080/storage/card/485/card_img/21175/485card.png,44,0,1,10
464,CJ ONE 우리카드 체크,CRD,우리카드,https://api.card-gorilla.com:8080/storage/card/486/card_img/21176/486card.png,https://api.card-gorilla.com:8080/storage/card/486/card_img/21176/486card.png,13,0,1,8
465,신한카드 B.Big(마이펫 스노우볼 삑),CHK,신한카드,https://api.card-gorilla.com:8080/storage/card/487/card_img/21177/487card.png,https://api.card-gorilla.com:8080/storage/card/487/card_img/21177/487card.png,44,0,1,8
466,Easy auto 티타늄카드,CRD,국민카드,https://api.card-gorilla.com:8080/storage/card/488/card_img/21178/488card.png,https://api.card-gorilla.com:8080/storage/card/488/card_img/21178/488card.png,47,0,1,5
467,Easy fly 티타늄카드,CHK,국민카드,https://api.card-gorilla.com:8080/storage/card/489/card_img/21179/489card.png,https://api.card-gorilla.com:8080/storage/card/489/card_img/21179/489card.png,25,0,1,5
468,11번가 신한카드,CHK,신한카드,https://api.card-gorilla.com:8080/storage/card/490/card_img/21180/490card.png,https://api.card-gorilla.com:8080/storage/card/490/card_img/21180/490card.png,39,0,1,10
469,11번가 신한카드 체크,CHK,신한카드,https://api.card-gorilla.com:8080/storage/card/491/card_img/21181/491card.png,https://api.card-gorilla.com:8080/storage/card/491/card_img/21181/491card.png,49,0,1,1
470,현대카드M Edition3,CRD,현대카드,https://api.card-gorilla.com:8080/storage/card/492/card_img/21182/492card.png,https://api.card-gorilla.com:8080/storage/card/492/card_img/21182/492card.png,27,0,1,4
471,현대카드M2 Edition3,CHK,현대카드,https://api.card-gorilla.com:8080/storage/card/493/card_img/21183/493card.png,https://api.card-gorilla.com:8080/storage/card/493/card_img/21183/493card.png,18,0,1,9
472,현대카드M3 Edition3,CHK,현대카드,https://api.card-gorilla.com:8080/storage/card/494/card_img/21184/494card.png,https://api.card-gorilla.com:8080/storage/card/494/card_img/21184/494card.png,28,0,1,1
473,씨티 글로벌 월렛 체크카드,CRD,씨티카드,https://api.card-gorilla.com:8080/storage/card/496/card_img/21185/496card.png,https://api.card-gorilla.com:8080/storage/card/496/card_img/21185/496card.png,44,0,1,9
474,NEW농촌사랑체크카드,CHK,NH농협카드,https://api.card-gorilla.com:8080/storage/card/497/card_img/21186/497card.png,https://api.card-gorilla.com:8080/storage/card/497/card_img/21186/497card.png,50,0,1,3
475,농부의마음 Farmers Heart 체크카드,CRD,NH농협카드,https://api.card-gorilla.com:8080/storage/card/498/card_img/21187/498card.png,https://api.card-gorilla.com:8080/storage/card/498/card_img/21187/498card.png,50,0,1,9
476,체크카드,CHK,NH농협카드,https://api.card-gorilla.com:8080/storage/card/499/card_img/21188/499card.png,https://api.card-gorilla.com:8080/storage/card/499/card_img/21188/499card.png,17,0,1,4
477,신세계면세점 SSG카드,CHK,SSGPAY. CARD,https://api.card-gorilla.com:8080/storage/card/500/card_img/21189/500card.png,https://api.card-gorilla.com:8080/storage/card/500/card_img/21189/500card.png,37,0,1,2
478,이마트에브리데이 SSG카드,CRD,SSGPAY. CARD,https://api.card-gorilla.com:8080/storage/card/501/card_img/21190/501card.png,https://api.card-gorilla.com:8080/storage/card/501/card_img/21190/501card.png,50,0,1,6
479,네이버페이 플래티넘 롯데카드,CRD,롯데카드,https://api.card-gorilla.com:8080/storage/card/502/card_img/21191/502card.png,https://api.card-gorilla.com:8080/storage/card/502/card_img/21191/502card.png,22,0,1,4
480,씨티 메가마일 스카이패스,CHK,씨티카드,https://api.card-gorilla.com:8080/storage/card/503/card_img/21192/503card.png,https://api.card-gorilla.com:8080/storage/card/503/card_img/21192/503card.png,28,0,1,8
481,씨티 메가마일 아시아나,CRD,씨티카드,https://api.card-gorilla.com:8080/storage/card/504/card_img/21193/504card.png,https://api.card-gorilla.com:8080/storage/card/504/card_img/21193/504card.png,28,0,1,9
482,적립조아카드,CHK,NH농협카드,https://api.card-gorilla.com:8080/storage/card/505/card_img/21194/505card.png,https://api.card-gorilla.com:8080/storage/card/505/card_img/21194/505card.png,14,0,1,0
483,할인조아카드,CHK,NH농협카드,https://api.card-gorilla.com:8080/storage/card/506/card_img/21195/506card.png,https://api.card-gorilla.com:8080/storage/card/506/card_img/21195/506card.png,44,0,1,1
484,쇼핑조아카드,CHK,NH농협카드,https://api.card-gorilla.com:8080/storage/card/507/card_img/21196/507card.png,https://api.card-gorilla.com:8080/storage/card/507/card_img/21196/507card.png,24,0,1,1
485,올바른 Edu 카드,CHK,NH농협카드,https://api.card-gorilla.com:8080/storage/card/508/card_img/21197/508card.png,https://api.card-gorilla.com:8080/storage/card/508/card_img/21197/508card.png,11,0,1,6
486,올바른 POINT UP 카드,CRD,NH농협카드,https://api.card-gorilla.com:8080/storage/card/512/card_img/21198/512card.png,https://api.card-gorilla.com:8080/storage/card/512/card_img/21198/512card.png,9,0,1,1
487,올바른 POINT UP+ 카드,CHK,NH농협카드,https://api.card-gorilla.com:8080/storage/card/513/card_img/21199/513card.png,https://api.card-gorilla.com:8080/storage/card/513/card_img/21199/513card.png,21,0,1,10
488,올바른 BAZIC 카드,CHK,NH농협카드,https://api.card-gorilla.com:8080/storage/card/514/card_img/21200/514card.png,https://api.card-gorilla.com:8080/storage/card/514/card_img/21200/514card.png,10,0,1,0
489,올바른 BAZIC+ 카드,CHK,NH농협카드,https://api.card-gorilla.com:8080/storage/card/516/card_img/21201/516card.png,https://api.card-gorilla.com:8080/storage/card/516/card_img/21201/516card.png,5,0,1,5
490,NH1934 체크카드,CHK,NH농협카드,https://api.card-gorilla.com:8080/storage/card/517/card_img/21202/517card.png,https://api.card-gorilla.com:8080/storage/card/517/card_img/21202/517card.png,20,0,1,3
491,신한카드 Deep ECO,CRD,신한카드,https://api.card-gorilla.com:8080/storage/card/518/card_img/21203/518card.png,https://api.card-gorilla.com:8080/storage/card/518/card_img/21203/518card.png,19,0,1,1
492,신한카드 D-day,CHK,신한카드,https://api.card-gorilla.com:8080/storage/card/519/card_img/21204/519card.png,https://api.card-gorilla.com:8080/storage/card/519/card_img/21204/519card.png,40,0,1,6
493,스마일 신용카드,CHK,현대카드,https://api.card-gorilla.com:8080/storage/card/520/card_img/21205/520card.png,https://api.card-gorilla.com:8080/storage/card/520/card_img/21205/520card.png,3,0,1,3
494,카드의정석 베트남여행,CRD,우리카드,https://api.card-gorilla.com:8080/storage/card/521/card_img/21206/521card.png,https://api.card-gorilla.com:8080/storage/card/521/card_img/21206/521card.png,48,0,1,3
495,Liiv M 카드,CHK,국민카드,https://api.card-gorilla.com:8080/storage/card/522/card_img/21207/522card.png,https://api.card-gorilla.com:8080/storage/card/522/card_img/21207/522card.png,1,0,1,10
496,Liiv M 체크카드,CHK,국민카드,https://api.card-gorilla.com:8080/storage/card/523/card_img/21208/523card.png,https://api.card-gorilla.com:8080/storage/card/523/card_img/21208/523card.png,20,0,1,5
497,한국야쿠르트 팝 신한카드 체크,CHK,신한카드,https://api.card-gorilla.com:8080/storage/card/524/card_img/21209/524card.png,https://api.card-gorilla.com:8080/storage/card/524/card_img/21209/524card.png,31,0,1,5
498,에너지플러스카드,CHK,현대카드,https://api.card-gorilla.com:8080/storage/card/525/card_img/21211/525card.png,https://api.card-gorilla.com:8080/storage/card/525/card_img/21211/525card.png,23,0,1,8
499,NH농협 올바른LIFE카드(할인형),CRD,NH농협카드,https://api.card-gorilla.com:8080/storage/card/526/card_img/21212/526card.png,https://api.card-gorilla.com:8080/storage/card/526/card_img/21212/526card.png,32,0,1,0
500,NH농협 올바른LIFE카드(적립형),CRD,NH농협카드,https://api.card-gorilla.com:8080/storage/card/527/card_img/21214/527card.png,https://api.card-gorilla.com:8080/storage/card/527/card_img/21214/527card.png,6,0,1,5
501,라이언 치즈 체크카드,CHK,NH농협카드,https://api.card-gorilla.com:8080/storage/card/528/card_img/21216/528card.png,https://api.card-gorilla.com:8080/storage/card/528/card_img/21216/528card.png,16,0,1,4
502,the Red Edition4,CHK,현대카드,https://api.card-gorilla.com:8080/storage/card/529/card_img/21218/529card.png,https://api.card-gorilla.com:8080/storage/card/529/card_img/21218/529card.png,43,0,1,1
503,LCC UniMile카드,CHK,NH농협카드,https://api.card-gorilla.com:8080/storage/card/530/card_img/21219/530card.png,https://api.card-gorilla.com:8080/storage/card/530/card_img/21219/530card.png,44,0,1,3
504,NH농협 올바른 하나로(Hanaro) 카드,CRD,NH농협카드,https://api.card-gorilla.com:8080/storage/card/531/card_img/21221/531card.png,https://api.card-gorilla.com:8080/storage/card/531/card_img/21221/531card.png,1,0,1,0
505,NH농협 올바른 하나로(Hanaro) 체크카드,CHK,NH농협카드,https://api.card-gorilla.com:8080/storage/card/532/card_img/21229/532card.png,https://api.card-gorilla.com:8080/storage/card/532/card_img/21229/532card.png,15,0,1,0
506,I’m DRIVING,CRD,롯데카드,https://api.card-gorilla.com:8080/storage/card/533/card_img/21231/533card.png,https://api.card-gorilla.com:8080/storage/card/533/card_img/21231/533card.png,31,0,1,7
507,인터파크 롯데카드,CHK,롯데카드,https://api.card-gorilla.com:8080/storage/card/534/card_img/21232/534card.png,https://api.card-gorilla.com:8080/storage/card/534/card_img/21232/534card.png,43,0,1,6
508,샤롯데 플래티넘 스타 카드,CHK,롯데카드,https://api.card-gorilla.com:8080/storage/card/535/card_img/21234/535card.png,https://api.card-gorilla.com:8080/storage/card/535/card_img/21234/535card.png,2,0,1,7
509,신한카드 Deep Once,CRD,신한카드,https://api.card-gorilla.com:8080/storage/card/536/card_img/21235/536card.png,https://api.card-gorilla.com:8080/storage/card/536/card_img/21235/536card.png,47,0,1,0
510,신한카드 Deep Once Plus,CHK,신한카드,https://api.card-gorilla.com:8080/storage/card/537/card_img/21236/537card.png,https://api.card-gorilla.com:8080/storage/card/537/card_img/21236/537card.png,14,0,1,4
511,Easy study 티타늄카드,CHK,국민카드,https://api.card-gorilla.com:8080/storage/card/538/card_img/21237/538card.jpg,https://api.card-gorilla.com:8080/storage/card/538/card_img/21237/538card.jpg,27,0,1,5
512,샤롯데 비앤 롯데카드,CRD,롯데카드,https://api.card-gorilla.com:8080/storage/card/539/card_img/21240/539card.png,https://api.card-gorilla.com:8080/storage/card/539/card_img/21240/539card.png,43,0,1,7
513,I’m ACTIVE,CRD,롯데카드,https://api.card-gorilla.com:8080/storage/card/540/card_img/21243/540card.png,https://api.card-gorilla.com:8080/storage/card/540/card_img/21243/540card.png,14,0,1,2
514,I’m Wonderful Plus,CHK,롯데카드,https://api.card-gorilla.com:8080/storage/card/541/card_img/21245/541card.png,https://api.card-gorilla.com:8080/storage/card/541/card_img/21245/541card.png,40,0,1,8
515,갤러리아 우리카드,CRD,우리카드,https://api.card-gorilla.com:8080/storage/card/542/card_img/21246/542card.png,https://api.card-gorilla.com:8080/storage/card/542/card_img/21246/542card.png,6,0,1,6
516,카드의정석 APT,CHK,우리카드,https://api.card-gorilla.com:8080/storage/card/543/card_img/21248/543card.png,https://api.card-gorilla.com:8080/storage/card/543/card_img/21248/543card.png,16,0,1,5
517,카드의정석 APT Platinum,CHK,우리카드,https://api.card-gorilla.com:8080/storage/card/544/card_img/21249/544card.png,https://api.card-gorilla.com:8080/storage/card/544/card_img/21249/544card.png,13,0,1,10
518,카드의정석 APT CHECK,CRD,우리카드,https://api.card-gorilla.com:8080/storage/card/545/card_img/21251/545card.png,https://api.card-gorilla.com:8080/storage/card/545/card_img/21251/545card.png,2,0,1,4
519,다둥이 행복카드,CHK,우리카드,https://api.card-gorilla.com:8080/storage/card/546/card_img/21252/546card.png,https://api.card-gorilla.com:8080/storage/card/546/card_img/21252/546card.png,31,0,1,5
520,카드의정석 MILEAGE SKYPASS,CRD,우리카드,https://api.card-gorilla.com:8080/storage/card/548/card_img/23980/0548card.png,https://api.card-gorilla.com:8080/storage/card/548/card_img/23980/0548card.png,29,0,1,4
521,아이행복카드,CRD,IBK기업은행,https://api.card-gorilla.com:8080/storage/card/549/card_img/21254/549card.png,https://api.card-gorilla.com:8080/storage/card/549/card_img/21254/549card.png,12,0,1,6
522,에이스플러스체크카드 (벨리미키),CRD,SC제일은행,https://api.card-gorilla.com:8080/storage/card/550/card_img/21255/550card.png,https://api.card-gorilla.com:8080/storage/card/550/card_img/21255/550card.png,46,0,1,10
523,Easy link 티타늄카드,CHK,국민카드,https://api.card-gorilla.com:8080/storage/card/551/card_img/21256/551card.png,https://api.card-gorilla.com:8080/storage/card/551/card_img/21256/551card.png,13,0,1,2
524,삼성카드 2 V4,CRD,삼성카드,https://api.card-gorilla.com:8080/storage/card/552/card_img/21257/552card.png,https://api.card-gorilla.com:8080/storage/card/552/card_img/21257/552card.png,49,0,1,2
525,삼성카드 3 V4,CHK,삼성카드,https://api.card-gorilla.com:8080/storage/card/553/card_img/21258/553card.png,https://api.card-gorilla.com:8080/storage/card/553/card_img/21258/553card.png,13,0,1,10
526,삼성카드 6 V4,CRD,삼성카드,https://api.card-gorilla.com:8080/storage/card/554/card_img/21259/554card.png,https://api.card-gorilla.com:8080/storage/card/554/card_img/21259/554card.png,19,0,1,1
527,삼성카드 4 V4,CRD,삼성카드,https://api.card-gorilla.com:8080/storage/card/555/card_img/21260/555card.png,https://api.card-gorilla.com:8080/storage/card/555/card_img/21260/555card.png,49,0,1,0
528,삼성카드 4 V4 (포인트),CHK,삼성카드,https://api.card-gorilla.com:8080/storage/card/556/card_img/21261/556card.png,https://api.card-gorilla.com:8080/storage/card/556/card_img/21261/556card.png,15,0,1,9
529,삼성카드 5 V4,CHK,삼성카드,https://api.card-gorilla.com:8080/storage/card/557/card_img/21262/557card.png,https://api.card-gorilla.com:8080/storage/card/557/card_img/21262/557card.png,15,0,1,6
530,카드의정석 MILEAGE Asiana Club,CHK,우리카드,https://api.card-gorilla.com:8080/storage/card/558/card_img/23979/0588card.png,https://api.card-gorilla.com:8080/storage/card/558/card_img/23979/0588card.png,41,0,1,1
531,펭수 노리 체크카드(펭카),CRD,국민카드,https://api.card-gorilla.com:8080/storage/card/559/card_img/21264/559card.png,https://api.card-gorilla.com:8080/storage/card/559/card_img/21264/559card.png,7,0,1,7
532,위 레아카드(아시아나클럽),CHK,NH농협카드,https://api.card-gorilla.com:8080/storage/card/560/card_img/21265/560card.png,https://api.card-gorilla.com:8080/storage/card/560/card_img/21265/560card.png,9,0,1,9
533,펭수 노리 체크카드(펭모티콘),CRD,국민카드,https://api.card-gorilla.com:8080/storage/card/561/card_img/21266/561card.png,https://api.card-gorilla.com:8080/storage/card/561/card_img/21266/561card.png,27,0,1,8
534,올바른 GIVE 카드,CHK,NH농협카드,https://api.card-gorilla.com:8080/storage/card/562/card_img/21267/562card.png,https://api.card-gorilla.com:8080/storage/card/562/card_img/21267/562card.png,20,0,1,2
535,위 레아카드(스카이패스),CRD,NH농협카드,https://api.card-gorilla.com:8080/storage/card/563/card_img/21270/563card.png,https://api.card-gorilla.com:8080/storage/card/563/card_img/21270/563card.png,7,0,1,1
536,위 레아카드(포인트),CHK,NH농협카드,https://api.card-gorilla.com:8080/storage/card/564/card_img/21271/564card.png,https://api.card-gorilla.com:8080/storage/card/564/card_img/21271/564card.png,49,0,1,5
537,위 테라카드(스카이패스),CHK,NH농협카드,https://api.card-gorilla.com:8080/storage/card/565/card_img/21272/565card.png,https://api.card-gorilla.com:8080/storage/card/565/card_img/21272/565card.png,12,0,1,0
538,위 테라카드(아시아나클럽),CRD,NH농협카드,https://api.card-gorilla.com:8080/storage/card/566/card_img/21273/566card.png,https://api.card-gorilla.com:8080/storage/card/566/card_img/21273/566card.png,29,0,1,10
539,위 테라카드(포인트),CRD,NH농협카드,https://api.card-gorilla.com:8080/storage/card/567/card_img/21274/567card.png,https://api.card-gorilla.com:8080/storage/card/567/card_img/21274/567card.png,48,0,1,8
540,부릉 삼성카드 BIZ,CHK,삼성카드,https://api.card-gorilla.com:8080/storage/card/568/card_img/21275/568card.png,https://api.card-gorilla.com:8080/storage/card/568/card_img/21275/568card.png,5,0,1,5
541,현대카드 DIGITAL LOVER,CHK,현대카드,https://api.card-gorilla.com:8080/storage/card/569/card_img/21302/569card.png,https://api.card-gorilla.com:8080/storage/card/569/card_img/21302/569card.png,45,0,1,1
542,이로운카드,CRD,IBK기업은행,https://api.card-gorilla.com:8080/storage/card/570/card_img/21303/570card.png,https://api.card-gorilla.com:8080/storage/card/570/card_img/21303/570card.png,35,0,1,4
543,어디서나 체크카드,CHK,우체국,https://api.card-gorilla.com:8080/storage/card/571/card_img/21304/571card.png,https://api.card-gorilla.com:8080/storage/card/571/card_img/21304/571card.png,28,0,1,1
544,포미 하이브리드 체크카드,CHK,우체국,https://api.card-gorilla.com:8080/storage/card/572/card_img/21305/572card.png,https://api.card-gorilla.com:8080/storage/card/572/card_img/21305/572card.png,12,0,1,3
545,다드림 체크카드,CRD,우체국,https://api.card-gorilla.com:8080/storage/card/573/card_img/21306/573card.png,https://api.card-gorilla.com:8080/storage/card/573/card_img/21306/573card.png,42,0,1,7
546,드림플러스 아시아나 체크카드,CHK,우체국,https://api.card-gorilla.com:8080/storage/card/574/card_img/21307/574card.png,https://api.card-gorilla.com:8080/storage/card/574/card_img/21307/574card.png,27,0,1,6
547,라이프+플러스 체크카드,CRD,우체국,https://api.card-gorilla.com:8080/storage/card/575/card_img/21312/575card.png,https://api.card-gorilla.com:8080/storage/card/575/card_img/21312/575card.png,42,0,1,10
548,young利한(영리한) 체크카드,CRD,우체국,https://api.card-gorilla.com:8080/storage/card/576/card_img/21313/576card.png,https://api.card-gorilla.com:8080/storage/card/576/card_img/21313/576card.png,31,0,1,7
549,네이버페이 신한카드,CHK,신한카드,https://api.card-gorilla.com:8080/storage/card/577/card_img/21314/577card.png,https://api.card-gorilla.com:8080/storage/card/577/card_img/21314/577card.png,32,0,1,1
550,금융포인트리카드,CHK,국민카드,https://api.card-gorilla.com:8080/storage/card/578/card_img/21317/578card.png,https://api.card-gorilla.com:8080/storage/card/578/card_img/21317/578card.png,39,0,1,1
551,I’m YOLO 플래티넘,CRD,롯데카드,https://api.card-gorilla.com:8080/storage/card/579/card_img/21320/579card.png,https://api.card-gorilla.com:8080/storage/card/579/card_img/21320/579card.png,11,0,1,3
552,Easy pick 티타늄 카드,CHK,국민카드,https://api.card-gorilla.com:8080/storage/card/580/card_img/21321/580card.png,https://api.card-gorilla.com:8080/storage/card/580/card_img/21321/580card.png,2,0,1,5
553,I’m Powerful,CRD,롯데카드,https://api.card-gorilla.com:8080/storage/card/581/card_img/21322/581card.png,https://api.card-gorilla.com:8080/storage/card/581/card_img/21322/581card.png,17,0,1,4
554,I’m WONDERFUL platinum,CRD,롯데카드,https://api.card-gorilla.com:8080/storage/card/582/card_img/21323/582card.png,https://api.card-gorilla.com:8080/storage/card/582/card_img/21323/582card.png,3,0,1,0
555,알뜰교통카드,CHK,우리카드,https://api.card-gorilla.com:8080/storage/card/583/card_img/21326/583card.png,https://api.card-gorilla.com:8080/storage/card/583/card_img/21326/583card.png,8,0,1,6
556,알뜰교통카드 COOKIE CHECK,CHK,우리카드,https://api.card-gorilla.com:8080/storage/card/584/card_img/21328/584card.png,https://api.card-gorilla.com:8080/storage/card/584/card_img/21328/584card.png,5,0,1,5
557,행복한 체크카드,CRD,우체국,https://api.card-gorilla.com:8080/storage/card/585/card_img/21340/585card.png,https://api.card-gorilla.com:8080/storage/card/585/card_img/21340/585card.png,31,0,1,10
558,어피치 스윗 체크카드,CHK,NH농협카드,https://api.card-gorilla.com:8080/storage/card/586/card_img/21342/586card.png,https://api.card-gorilla.com:8080/storage/card/586/card_img/21342/586card.png,33,0,1,5
559,모두의 쇼핑,CRD,하나카드,https://api.card-gorilla.com:8080/storage/card/587/card_img/21344/587card.png,https://api.card-gorilla.com:8080/storage/card/587/card_img/21344/587card.png,49,0,1,10
560,네이버페이 우리카드 체크,CRD,우리카드,https://api.card-gorilla.com:8080/storage/card/588/card_img/21345/588card.png,https://api.card-gorilla.com:8080/storage/card/588/card_img/21345/588card.png,8,0,1,0
561,토스 신용카드,CRD,하나카드,https://api.card-gorilla.com:8080/storage/card/589/card_img/21346/589card.png,https://api.card-gorilla.com:8080/storage/card/589/card_img/21346/589card.png,21,0,1,3
562,카카오뱅크 신한카드,CRD,신한카드,https://api.card-gorilla.com:8080/storage/card/590/card_img/21347/590card.png,https://api.card-gorilla.com:8080/storage/card/590/card_img/21347/590card.png,8,0,1,7
563,카카오뱅크 KB국민카드,CRD,국민카드,https://api.card-gorilla.com:8080/storage/card/591/card_img/21348/591card.png,https://api.card-gorilla.com:8080/storage/card/591/card_img/21348/591card.png,46,0,1,8
564,카카오뱅크 삼성카드,CRD,삼성카드,https://api.card-gorilla.com:8080/storage/card/592/card_img/26010/592card.png,https://api.card-gorilla.com:8080/storage/card/592/card_img/26010/592card.png,37,0,1,7
565,카카오뱅크 씨티카드,CHK,씨티카드,https://api.card-gorilla.com:8080/storage/card/593/card_img/21360/593card.png,https://api.card-gorilla.com:8080/storage/card/593/card_img/21360/593card.png,14,0,1,1
566,카드의정석 삼성디지털프라자,CHK,우리카드,https://api.card-gorilla.com:8080/storage/card/594/card_img/21361/594card.png,https://api.card-gorilla.com:8080/storage/card/594/card_img/21361/594card.png,36,0,1,2
567,아이파킹 크레딧 카,CHK,우리카드,https://api.card-gorilla.com:8080/storage/card/595/card_img/21362/595card.png,https://api.card-gorilla.com:8080/storage/card/595/card_img/21362/595card.png,40,0,1,3
568,셀리턴 우리카드,CRD,우리카드,https://api.card-gorilla.com:8080/storage/card/596/card_img/21363/596card.png,https://api.card-gorilla.com:8080/storage/card/596/card_img/21363/596card.png,40,0,1,7
569,AK우리카드,CRD,우리카드,https://api.card-gorilla.com:8080/storage/card/597/card_img/21364/597card.png,https://api.card-gorilla.com:8080/storage/card/597/card_img/21364/597card.png,49,0,1,8
570,AK우리카드 VIP,CRD,우리카드,https://api.card-gorilla.com:8080/storage/card/598/card_img/21365/598card.png,https://api.card-gorilla.com:8080/storage/card/598/card_img/21365/598card.png,5,0,1,2
571,AK우리카드 체크,CRD,우리카드,https://api.card-gorilla.com:8080/storage/card/599/card_img/21366/599card.png,https://api.card-gorilla.com:8080/storage/card/599/card_img/21366/599card.png,49,0,1,0
572,대한항공카드 030,CHK,현대카드,https://api.card-gorilla.com:8080/storage/card/600/card_img/21367/600card.png,https://api.card-gorilla.com:8080/storage/card/600/card_img/21367/600card.png,42,0,1,7
573,대한항공카드 070,CHK,현대카드,https://api.card-gorilla.com:8080/storage/card/601/card_img/21368/601card.png,https://api.card-gorilla.com:8080/storage/card/601/card_img/21368/601card.png,43,0,1,8
574,대한항공카드 150,CRD,현대카드,https://api.card-gorilla.com:8080/storage/card/602/card_img/21369/602card.png,https://api.card-gorilla.com:8080/storage/card/602/card_img/21369/602card.png,22,0,1,9
575,대한항공카드 the First,CHK,현대카드,https://api.card-gorilla.com:8080/storage/card/603/card_img/21370/603card.png,https://api.card-gorilla.com:8080/storage/card/603/card_img/21370/603card.png,23,0,1,8
576,씨티 프리미어마일 대한항공,CHK,씨티카드,https://api.card-gorilla.com:8080/storage/card/604/card_img/21371/604card.png,https://api.card-gorilla.com:8080/storage/card/604/card_img/21371/604card.png,25,0,1,7
577,씨티 프리미어마일 아시아나,CHK,씨티카드,https://api.card-gorilla.com:8080/storage/card/605/card_img/21372/605card.png,https://api.card-gorilla.com:8080/storage/card/605/card_img/21372/605card.png,31,0,1,6
578,카드의정석 UNTACT,CRD,우리카드,https://api.card-gorilla.com:8080/storage/card/606/card_img/21373/606card.png,https://api.card-gorilla.com:8080/storage/card/606/card_img/21373/606card.png,33,0,1,2
579,카드의정석 UNTACT PLATINUM,CHK,우리카드,https://api.card-gorilla.com:8080/storage/card/607/card_img/21374/607card.png,https://api.card-gorilla.com:8080/storage/card/607/card_img/21374/607card.png,49,0,1,2
580,현대카드ZERO Edition2(할인형),CRD,현대카드,https://api.card-gorilla.com:8080/storage/card/608/card_img/27229/608card.png,https://api.card-gorilla.com:8080/storage/card/608/card_img/27229/608card.png,41,0,1,7
581,현대카드ZERO MOBILE Edition2(할인형),CRD,현대카드,https://api.card-gorilla.com:8080/storage/card/609/card_img/27230/608card.png,https://api.card-gorilla.com:8080/storage/card/609/card_img/27230/608card.png,38,0,1,6
582,현대카드ZERO Edition2(포인트형),CRD,현대카드,https://api.card-gorilla.com:8080/storage/card/610/card_img/27232/608card.png,https://api.card-gorilla.com:8080/storage/card/610/card_img/27232/608card.png,41,0,1,10
583,현대카드ZERO MOBILE Edition2(포인트형),CRD,현대카드,https://api.card-gorilla.com:8080/storage/card/611/card_img/27231/608card.png,https://api.card-gorilla.com:8080/storage/card/611/card_img/27231/608card.png,4,0,1,6
584,펫블리(PETvely) 카드,CHK,NH농협카드,https://api.card-gorilla.com:8080/storage/card/612/card_img/21379/612card.png,https://api.card-gorilla.com:8080/storage/card/612/card_img/21379/612card.png,48,0,1,8
585,신한카드 YaY,CRD,신한카드,https://api.card-gorilla.com:8080/storage/card/613/card_img/21380/613card.gif,https://api.card-gorilla.com:8080/storage/card/613/card_img/21380/613card.gif,7,0,1,0
586,위글위글 첵첵 체크카드,CHK,국민카드,https://api.card-gorilla.com:8080/storage/card/614/card_img/21381/614card.png,https://api.card-gorilla.com:8080/storage/card/614/card_img/21381/614card.png,41,0,1,2
587,Easy ring 티타늄카드,CRD,국민카드,https://api.card-gorilla.com:8080/storage/card/615/card_img/21382/615card.png,https://api.card-gorilla.com:8080/storage/card/615/card_img/21382/615card.png,24,0,1,5
588,다이소 삼성카드,CHK,삼성카드,https://api.card-gorilla.com:8080/storage/card/616/card_img/21383/616card.png,https://api.card-gorilla.com:8080/storage/card/616/card_img/21383/616card.png,33,0,1,0
589,카드의정석 UniMile in JEJU,CHK,우리카드,https://api.card-gorilla.com:8080/storage/card/617/card_img/21384/617card.png,https://api.card-gorilla.com:8080/storage/card/617/card_img/21384/617card.png,33,0,1,5
590,신한카드 Hey Young 체크,CHK,신한카드,https://api.card-gorilla.com:8080/storage/card/618/card_img/21385/618card.png,https://api.card-gorilla.com:8080/storage/card/618/card_img/21385/618card.png,39,0,1,10
591,LOCA CLASSIC,CHK,롯데카드,https://api.card-gorilla.com:8080/storage/card/620/card_img/21386/620card.png,https://api.card-gorilla.com:8080/storage/card/620/card_img/21386/620card.png,27,0,1,10
592,LOCA for Auto,CHK,롯데카드,https://api.card-gorilla.com:8080/storage/card/621/card_img/21387/621card.png,https://api.card-gorilla.com:8080/storage/card/621/card_img/21387/621card.png,18,0,1,0
593,LOCA for Coffee,CHK,롯데카드,https://api.card-gorilla.com:8080/storage/card/622/card_img/21388/622card.png,https://api.card-gorilla.com:8080/storage/card/622/card_img/21388/622card.png,37,0,1,0
594,LOCA for Edu,CHK,롯데카드,https://api.card-gorilla.com:8080/storage/card/623/card_img/21389/623card.png,https://api.card-gorilla.com:8080/storage/card/623/card_img/21389/623card.png,20,0,1,7
595,LOCA for Health,CHK,롯데카드,https://api.card-gorilla.com:8080/storage/card/624/card_img/21390/624card.png,https://api.card-gorilla.com:8080/storage/card/624/card_img/21390/624card.png,30,0,1,4
596,LOCA for Shopping,CRD,롯데카드,https://api.card-gorilla.com:8080/storage/card/625/card_img/21391/625card.png,https://api.card-gorilla.com:8080/storage/card/625/card_img/21391/625card.png,32,0,1,6
597,LOCA PLATINUM 할인형,CHK,롯데카드,https://api.card-gorilla.com:8080/storage/card/626/card_img/21392/626card.png,https://api.card-gorilla.com:8080/storage/card/626/card_img/21392/626card.png,0,0,1,10
598,LOCA PLATINUM 마일리지형,CRD,롯데카드,https://api.card-gorilla.com:8080/storage/card/627/card_img/21393/627card.png,https://api.card-gorilla.com:8080/storage/card/627/card_img/21393/627card.png,20,0,1,0
599,카드의정석 POINT CHECK x 아기상어,CHK,우리카드,https://api.card-gorilla.com:8080/storage/card/628/card_img/21394/628card.png,https://api.card-gorilla.com:8080/storage/card/628/card_img/21394/628card.png,41,0,1,7
600,[IBK] 그린카드v2,CHK,IBK기업은행,https://api.card-gorilla.com:8080/storage/card/629/card_img/21395/629card.png,https://api.card-gorilla.com:8080/storage/card/629/card_img/21395/629card.png,1,0,1,9
601,Easy all 카드,CRD,국민카드,https://api.card-gorilla.com:8080/storage/card/630/card_img/21396/630card.png,https://api.card-gorilla.com:8080/storage/card/630/card_img/21396/630card.png,31,0,1,5
602,[NH농협] 그린카드v2,CHK,NH농협카드,https://api.card-gorilla.com:8080/storage/card/631/card_img/21397/631card6.png,https://api.card-gorilla.com:8080/storage/card/631/card_img/21397/631card6.png,43,0,1,9
603,[DGB대구] 그린카드v2,CRD,DGB대구은행,https://api.card-gorilla.com:8080/storage/card/632/card_img/21398/632card.png,https://api.card-gorilla.com:8080/storage/card/632/card_img/21398/632card.png,41,0,1,10
604,[BNK부산] 그린카드v2,CHK,BNK부산은행,https://api.card-gorilla.com:8080/storage/card/633/card_img/21399/633card.png,https://api.card-gorilla.com:8080/storage/card/633/card_img/21399/633card.png,21,0,1,7
605,Easy all 티타늄카드,CRD,국민카드,https://api.card-gorilla.com:8080/storage/card/634/card_img/21400/634card.png,https://api.card-gorilla.com:8080/storage/card/634/card_img/21400/634card.png,43,0,1,2
606,올바른 NEW HAVE카드,CHK,NH농협카드,https://api.card-gorilla.com:8080/storage/card/635/card_img/21401/635card.png,https://api.card-gorilla.com:8080/storage/card/635/card_img/21401/635card.png,30,0,1,9
607,올바른 NEW HAVE+카드,CRD,NH농협카드,https://api.card-gorilla.com:8080/storage/card/636/card_img/21402/636card.png,https://api.card-gorilla.com:8080/storage/card/636/card_img/21402/636card.png,19,0,1,0
608,신한플러스 멤버십 체크,CRD,신한카드,https://api.card-gorilla.com:8080/storage/card/638/card_img/21403/638card.png,https://api.card-gorilla.com:8080/storage/card/638/card_img/21403/638card.png,42,0,1,8
609,Deep On 체크,CRD,신한카드,https://api.card-gorilla.com:8080/storage/card/639/card_img/21404/639card.png,https://api.card-gorilla.com:8080/storage/card/639/card_img/21404/639card.png,10,0,1,8
610,Global+ 체크,CHK,신한카드,https://api.card-gorilla.com:8080/storage/card/641/card_img/21405/641card.png,https://api.card-gorilla.com:8080/storage/card/641/card_img/21405/641card.png,1,0,1,10
611,Global Air 스카이패스 체크,CRD,신한카드,https://api.card-gorilla.com:8080/storage/card/642/card_img/21406/642card.png,https://api.card-gorilla.com:8080/storage/card/642/card_img/21406/642card.png,8,0,1,10
612,Global Air 아시아나 체크,CRD,신한카드,https://api.card-gorilla.com:8080/storage/card/643/card_img/21407/643card.png,https://api.card-gorilla.com:8080/storage/card/643/card_img/21407/643card.png,48,0,1,0
613,JYP Fan’s EDM 체크,CHK,신한카드,https://api.card-gorilla.com:8080/storage/card/644/card_img/21408/644card.png,https://api.card-gorilla.com:8080/storage/card/644/card_img/21408/644card.png,31,0,1,3
614,L.pay 신한카드 체크,CRD,신한카드,https://api.card-gorilla.com:8080/storage/card/645/card_img/21409/645card.png,https://api.card-gorilla.com:8080/storage/card/645/card_img/21409/645card.png,25,0,1,10
615,신한카드 Deep Dream 체크(미니언즈),CRD,신한카드,https://api.card-gorilla.com:8080/storage/card/646/card_img/21410/646card.png,https://api.card-gorilla.com:8080/storage/card/646/card_img/21410/646card.png,11,0,1,4
616,신한카드 S-Line 체크(마이펫),CHK,신한카드,https://api.card-gorilla.com:8080/storage/card/647/card_img/21411/647card.png,https://api.card-gorilla.com:8080/storage/card/647/card_img/21411/647card.png,15,0,1,8
617,마이핏카드(적립형),CHK,국민카드,https://api.card-gorilla.com:8080/storage/card/649/card_img/21412/649card.png,https://api.card-gorilla.com:8080/storage/card/649/card_img/21412/649card.png,47,0,1,4
618,마이핏카드(할인형),CHK,국민카드,https://api.card-gorilla.com:8080/storage/card/650/card_img/21413/650card.png,https://api.card-gorilla.com:8080/storage/card/650/card_img/21413/650card.png,23,0,1,4
619,네이버페이 라인프렌즈 신한카드,CRD,신한카드,https://api.card-gorilla.com:8080/storage/card/651/card_img/21414/651card.png,https://api.card-gorilla.com:8080/storage/card/651/card_img/21414/651card.png,25,0,1,1
620,올바른 OIL&PASS,CRD,NH농협카드,https://api.card-gorilla.com:8080/storage/card/652/card_img/21415/652card.png,https://api.card-gorilla.com:8080/storage/card/652/card_img/21415/652card.png,2,0,1,10
621,Air Money(에어머니)카드,CHK,NH농협카드,https://api.card-gorilla.com:8080/storage/card/653/card_img/21416/653card.png,https://api.card-gorilla.com:8080/storage/card/653/card_img/21416/653card.png,40,0,1,1
622,올바른 MYPICK 카드,CRD,NH농협카드,https://api.card-gorilla.com:8080/storage/card/654/card_img/21417/654card.png,https://api.card-gorilla.com:8080/storage/card/654/card_img/21417/654card.png,10,0,1,10
623,Daily With(데일리위드)카드,CHK,IBK기업은행,https://api.card-gorilla.com:8080/storage/card/655/card_img/21418/655card.png,https://api.card-gorilla.com:8080/storage/card/655/card_img/21418/655card.png,10,0,1,5
624,카드의 정석 SSO3 NEW-TRO CHECK,CHK,우리카드,https://api.card-gorilla.com:8080/storage/card/656/card_img/21419/656card.png,https://api.card-gorilla.com:8080/storage/card/656/card_img/21419/656card.png,27,0,1,6
625,taptap DIGITAL,CRD,삼성카드,https://api.card-gorilla.com:8080/storage/card/657/card_img/21420/657card.png,https://api.card-gorilla.com:8080/storage/card/657/card_img/21420/657card.png,30,0,1,5
626,taptap DRIVE,CHK,삼성카드,https://api.card-gorilla.com:8080/storage/card/658/card_img/21421/658card.png,https://api.card-gorilla.com:8080/storage/card/658/card_img/21421/658card.png,33,0,1,10
627,taptap SHOPPING,CRD,삼성카드,https://api.card-gorilla.com:8080/storage/card/659/card_img/21422/659card.png,https://api.card-gorilla.com:8080/storage/card/659/card_img/21422/659card.png,50,0,1,0
628,LIKIT FUN+ 카드,CHK,롯데카드,https://api.card-gorilla.com:8080/storage/card/660/card_img/21423/660card.png,https://api.card-gorilla.com:8080/storage/card/660/card_img/21423/660card.png,22,0,1,0
629,카드의정석 UNTACT AIR,CHK,우리카드,https://api.card-gorilla.com:8080/storage/card/661/card_img/21424/661card.png,https://api.card-gorilla.com:8080/storage/card/661/card_img/21424/661card.png,34,0,1,5
630,삼성페이카드,CHK,삼성카드,https://api.card-gorilla.com:8080/storage/card/662/card_img/21427/662card.png,https://api.card-gorilla.com:8080/storage/card/662/card_img/21427/662card.png,33,0,1,4
631,롤라카드,CRD,롯데카드,https://api.card-gorilla.com:8080/storage/card/663/card_img/21428/663card.png,https://api.card-gorilla.com:8080/storage/card/663/card_img/21428/663card.png,2,0,1,7
632,New PAYCO 롯데카드,CRD,롯데카드,https://api.card-gorilla.com:8080/storage/card/664/card_img/21429/664card.png,https://api.card-gorilla.com:8080/storage/card/664/card_img/21429/664card.png,35,0,1,6
633,위메프페이 롯데카드,CRD,롯데카드,https://api.card-gorilla.com:8080/storage/card/665/card_img/21430/665card.png,https://api.card-gorilla.com:8080/storage/card/665/card_img/21430/665card.png,32,0,1,10
634,올바른 FLEX 카드,CHK,NH농협카드,https://api.card-gorilla.com:8080/storage/card/666/card_img/21431/666card.png,https://api.card-gorilla.com:8080/storage/card/666/card_img/21431/666card.png,37,0,1,3
635,모두의 건강,CHK,하나카드,https://api.card-gorilla.com:8080/storage/card/667/card_img/21432/667card.png,https://api.card-gorilla.com:8080/storage/card/667/card_img/21432/667card.png,41,0,1,8
636,go 캐시백 글로벌 체크카드,CHK,우체국,https://api.card-gorilla.com:8080/storage/card/668/card_img/21433/668card.png,https://api.card-gorilla.com:8080/storage/card/668/card_img/21433/668card.png,35,0,1,4
637,케이뱅크 플러스 체크카드,CRD,케이뱅크,https://api.card-gorilla.com:8080/storage/card/669/card_img/21434/669card.png,https://api.card-gorilla.com:8080/storage/card/669/card_img/21434/669card.png,33,0,1,1
638,카카오페이 신한 콘 체크카드,CHK,신한카드,https://api.card-gorilla.com:8080/storage/card/670/card_img/21435/670card.png,https://api.card-gorilla.com:8080/storage/card/670/card_img/21435/670card.png,20,0,1,4
639,BLISS.7 카드(마일리지),CHK,IBK기업은행,https://api.card-gorilla.com:8080/storage/card/671/card_img/21436/671card.png,https://api.card-gorilla.com:8080/storage/card/671/card_img/21436/671card.png,6,0,1,0
640,BLISS.7 카드(포인트),CRD,IBK기업은행,https://api.card-gorilla.com:8080/storage/card/672/card_img/21437/672card.png,https://api.card-gorilla.com:8080/storage/card/672/card_img/21437/672card.png,5,0,1,8
641,스타벅스 현대카드,CRD,현대카드,https://api.card-gorilla.com:8080/storage/card/673/card_img/21438/673card.png,https://api.card-gorilla.com:8080/storage/card/673/card_img/21438/673card.png,14,0,1,6
642,IBK무민카드(체크),CHK,IBK기업은행,https://api.card-gorilla.com:8080/storage/card/674/card_img/21439/674card.png,https://api.card-gorilla.com:8080/storage/card/674/card_img/21439/674card.png,2,0,1,8
643,Air Money(에어머니)체크,CRD,NH농협카드,https://api.card-gorilla.com:8080/storage/card/675/card_img/21440/675card.png,https://api.card-gorilla.com:8080/storage/card/675/card_img/21440/675card.png,34,0,1,5
644,올리 POINT 체크,CRD,NH농협카드,https://api.card-gorilla.com:8080/storage/card/676/card_img/21441/676card.png,https://api.card-gorilla.com:8080/storage/card/676/card_img/21441/676card.png,15,0,1,5
645,배달의민족 비장의카드 V.2,CHK,우리카드,https://api.card-gorilla.com:8080/storage/card/677/card_img/21442/677card.png,https://api.card-gorilla.com:8080/storage/card/677/card_img/21442/677card.png,12,0,1,0
646,신한카드 The More(더모아),CHK,신한카드,https://api.card-gorilla.com:8080/storage/card/678/card_img/21443/678card.png,https://api.card-gorilla.com:8080/storage/card/678/card_img/21443/678card.png,36,0,1,10
647,샘 쏘영 체크카드,CHK,국민카드,https://api.card-gorilla.com:8080/storage/card/679/card_img/21444/679card.png,https://api.card-gorilla.com:8080/storage/card/679/card_img/21444/679card.png,20,0,1,3
648,쏘영 체크카드,CHK,국민카드,https://api.card-gorilla.com:8080/storage/card/680/card_img/21445/680card.png,https://api.card-gorilla.com:8080/storage/card/680/card_img/21445/680card.png,44,0,1,0
649,SSG.COM 삼성카드,CRD,삼성카드,https://api.card-gorilla.com:8080/storage/card/681/card_img/27020/681card.png,https://api.card-gorilla.com:8080/storage/card/681/card_img/27020/681card.png,33,0,1,2
650,American Express Blue(아멕스블루),CHK,삼성카드,https://api.card-gorilla.com:8080/storage/card/682/card_img/21447/682card.png,https://api.card-gorilla.com:8080/storage/card/682/card_img/21447/682card.png,50,0,1,1
651,TEENS(틴즈) PLUS PONEY 신한카드 체크,CHK,신한카드,https://api.card-gorilla.com:8080/storage/card/683/card_img/21448/683card.png,https://api.card-gorilla.com:8080/storage/card/683/card_img/21448/683card.png,10,0,1,2
652,리틀프렌즈 체크카드,CHK,하나카드,https://api.card-gorilla.com:8080/storage/card/684/card_img/21449/684card.png,https://api.card-gorilla.com:8080/storage/card/684/card_img/21449/684card.png,26,0,1,10
653,하이틴즈 체크카드,CRD,IBK기업은행,https://api.card-gorilla.com:8080/storage/card/685/card_img/21450/685card.png,https://api.card-gorilla.com:8080/storage/card/685/card_img/21450/685card.png,35,0,1,3
654,카카오뱅크 mini카드,CRD,카카오뱅크,https://api.card-gorilla.com:8080/storage/card/686/card_img/21451/686card.png,https://api.card-gorilla.com:8080/storage/card/686/card_img/21451/686card.png,14,0,1,3
655,신한카드 Unboxing,CHK,신한카드,https://api.card-gorilla.com:8080/storage/card/687/card_img/25343/687card.png,https://api.card-gorilla.com:8080/storage/card/687/card_img/25343/687card.png,15,0,1,8
656,카드의정석 POINT CHECK x 핑크퐁,CRD,우리카드,https://api.card-gorilla.com:8080/storage/card/688/card_img/22161/688card.png,https://api.card-gorilla.com:8080/storage/card/688/card_img/22161/688card.png,8,0,1,5
657,해외에선 체크카드,CHK,국민카드,https://api.card-gorilla.com:8080/storage/card/689/card_img/22162/689card.png,https://api.card-gorilla.com:8080/storage/card/689/card_img/22162/689card.png,28,0,1,3
658,모두의 일상 체크카드,CRD,하나카드,https://api.card-gorilla.com:8080/storage/card/690/card_img/22163/690card.png,https://api.card-gorilla.com:8080/storage/card/690/card_img/22163/690card.png,24,0,1,8
659,요기요 삼성카드,CHK,삼성카드,https://api.card-gorilla.com:8080/storage/card/691/card_img/22164/691card.png,https://api.card-gorilla.com:8080/storage/card/691/card_img/22164/691card.png,40,0,1,3
660,요기요 신한카드,CHK,신한카드,https://api.card-gorilla.com:8080/storage/card/692/card_img/22165/692card.png,https://api.card-gorilla.com:8080/storage/card/692/card_img/22165/692card.png,18,0,1,10
661,신한카드 MY CAR,CHK,신한카드,https://api.card-gorilla.com:8080/storage/card/693/card_img/22167/693card.png,https://api.card-gorilla.com:8080/storage/card/693/card_img/22167/693card.png,20,0,1,9
662,배민현대카드,CHK,현대카드,https://api.card-gorilla.com:8080/storage/card/694/card_img/22168/694card.png,https://api.card-gorilla.com:8080/storage/card/694/card_img/22168/694card.png,45,0,1,3
663,롯데백화점 FLEX카드,CRD,롯데카드,https://api.card-gorilla.com:8080/storage/card/695/card_img/22169/695card.png,https://api.card-gorilla.com:8080/storage/card/695/card_img/22169/695card.png,9,0,1,10
664,카드의정석 US,CHK,우리카드,https://api.card-gorilla.com:8080/storage/card/696/card_img/22170/696card.png,https://api.card-gorilla.com:8080/storage/card/696/card_img/22170/696card.png,16,0,1,3
665,탄탄대로 Biz 카드,CHK,국민카드,https://api.card-gorilla.com:8080/storage/card/697/card_img/22171/697card.png,https://api.card-gorilla.com:8080/storage/card/697/card_img/22171/697card.png,18,0,1,4
666,신한카드 Finnq(핀크) 체크,CHK,신한카드,https://api.card-gorilla.com:8080/storage/card/698/card_img/22172/698card.png,https://api.card-gorilla.com:8080/storage/card/698/card_img/22172/698card.png,7,0,1,5
667,톡톡 with카드,CRD,국민카드,https://api.card-gorilla.com:8080/storage/card/699/card_img/22173/699card.png,https://api.card-gorilla.com:8080/storage/card/699/card_img/22173/699card.png,26,0,1,6
668,현대카드 M BOOST,CRD,현대카드,https://api.card-gorilla.com:8080/storage/card/700/card_img/22174/700card.png,https://api.card-gorilla.com:8080/storage/card/700/card_img/22174/700card.png,36,0,1,4
669,현대카드 X BOOST,CHK,현대카드,https://api.card-gorilla.com:8080/storage/card/701/card_img/22175/701card.png,https://api.card-gorilla.com:8080/storage/card/701/card_img/22175/701card.png,5,0,1,8
670,현대카드 M2 BOOST,CRD,현대카드,https://api.card-gorilla.com:8080/storage/card/702/card_img/22176/702card.png,https://api.card-gorilla.com:8080/storage/card/702/card_img/22176/702card.png,15,0,1,1
671,현대카드 M3 BOOST,CRD,현대카드,https://api.card-gorilla.com:8080/storage/card/703/card_img/22177/703card.png,https://api.card-gorilla.com:8080/storage/card/703/card_img/22177/703card.png,37,0,1,2
672,현대카드 X2 BOOST,CHK,현대카드,https://api.card-gorilla.com:8080/storage/card/704/card_img/22178/704card.png,https://api.card-gorilla.com:8080/storage/card/704/card_img/22178/704card.png,9,0,1,8
673,현대카드 X3 BOOST,CRD,현대카드,https://api.card-gorilla.com:8080/storage/card/705/card_img/22179/705card.png,https://api.card-gorilla.com:8080/storage/card/705/card_img/22179/705card.png,47,0,1,5
674,LOCA MONEY,CRD,롯데카드,https://api.card-gorilla.com:8080/storage/card/706/card_img/22180/706card.png,https://api.card-gorilla.com:8080/storage/card/706/card_img/22180/706card.png,38,0,1,0
675,LOCA 100,CHK,롯데카드,https://api.card-gorilla.com:8080/storage/card/707/card_img/22181/707card.png,https://api.card-gorilla.com:8080/storage/card/707/card_img/22181/707card.png,34,0,1,10
676,쏘카카드,CRD,현대카드,https://api.card-gorilla.com:8080/storage/card/708/card_img/22182/708card.png,https://api.card-gorilla.com:8080/storage/card/708/card_img/22182/708card.png,8,0,1,0
677,MULTI Any(멀티 애니) 카드,CRD,하나카드,https://api.card-gorilla.com:8080/storage/card/709/card_img/22183/709card.png,https://api.card-gorilla.com:8080/storage/card/709/card_img/22183/709card.png,26,0,1,0
678,MULTI On(멀티 온) 카드,CRD,하나카드,https://api.card-gorilla.com:8080/storage/card/710/card_img/22184/710card.png,https://api.card-gorilla.com:8080/storage/card/710/card_img/22184/710card.png,18,0,1,0
679,MULTI Living(멀티 리빙) 카드,CRD,하나카드,https://api.card-gorilla.com:8080/storage/card/711/card_img/22185/711card.png,https://api.card-gorilla.com:8080/storage/card/711/card_img/22185/711card.png,13,0,1,7
680,신한카드 국민행복,CRD,신한카드,https://api.card-gorilla.com:8080/storage/card/712/card_img/22186/712card.png,https://api.card-gorilla.com:8080/storage/card/712/card_img/22186/712card.png,29,0,1,3
681,신한카드 국민행복 체크,CHK,신한카드,https://api.card-gorilla.com:8080/storage/card/713/card_img/22187/713card.png,https://api.card-gorilla.com:8080/storage/card/713/card_img/22187/713card.png,18,0,1,3
682,MULTI Oil(멀티 오일) 카드,CRD,하나카드,https://api.card-gorilla.com:8080/storage/card/714/card_img/22188/714card.png,https://api.card-gorilla.com:8080/storage/card/714/card_img/22188/714card.png,46,0,1,7
683,MULTI Young(멀티 영) 카드,CRD,하나카드,https://api.card-gorilla.com:8080/storage/card/715/card_img/22189/715card.png,https://api.card-gorilla.com:8080/storage/card/715/card_img/22189/715card.png,37,0,1,3
684,메리어트 본보이™ 더 베스트 신한카드,CRD,신한카드,https://api.card-gorilla.com:8080/storage/card/716/card_img/22190/716card.png,https://api.card-gorilla.com:8080/storage/card/716/card_img/22190/716card.png,31,0,1,2
685,그랑블루 1st,CHK,우리카드,https://api.card-gorilla.com:8080/storage/card/717/card_img/22191/717card.png,https://api.card-gorilla.com:8080/storage/card/717/card_img/22191/717card.png,15,0,1,6
686,국민행복 삼성카드 V2,CRD,삼성카드,https://api.card-gorilla.com:8080/storage/card/718/card_img/22192/718card.png,https://api.card-gorilla.com:8080/storage/card/718/card_img/22192/718card.png,9,0,1,2
687,WON DISCOUNT(원 디스카운트) AIR,CHK,우리카드,https://api.card-gorilla.com:8080/storage/card/719/card_img/22193/719card.png,https://api.card-gorilla.com:8080/storage/card/719/card_img/22193/719card.png,10,0,1,10
688,WON POINT(원 포인트) AIR,CRD,우리카드,https://api.card-gorilla.com:8080/storage/card/720/card_img/22194/720card.png,https://api.card-gorilla.com:8080/storage/card/720/card_img/22194/720card.png,30,0,1,2
689,국민행복카드 S2,CRD,우리카드,https://api.card-gorilla.com:8080/storage/card/721/card_img/22195/721card.png,https://api.card-gorilla.com:8080/storage/card/721/card_img/22195/721card.png,3,0,1,1
690,국민행복 체크카드 S2,CRD,우리카드,https://api.card-gorilla.com:8080/storage/card/722/card_img/22196/722card.png,https://api.card-gorilla.com:8080/storage/card/722/card_img/22196/722card.png,17,0,1,7
691,IBK무민카드(신용),CRD,IBK기업은행,https://api.card-gorilla.com:8080/storage/card/723/card_img/22197/723card.png,https://api.card-gorilla.com:8080/storage/card/723/card_img/22197/723card.png,5,0,1,0
692,IBK무민카드(신용),CHK,IBK기업은행,https://api.card-gorilla.com:8080/storage/card/723/card_img/22197/723card.png,https://api.card-gorilla.com:8080/storage/card/723/card_img/22197/723card.png,4,0,1,4
693,새로이 체크카드,CRD,국민카드,https://api.card-gorilla.com:8080/storage/card/725/card_img/22199/725card.png,https://api.card-gorilla.com:8080/storage/card/725/card_img/22199/725card.png,18,0,1,9
694,알뜰폰 Hub 카드,CHK,국민카드,https://api.card-gorilla.com:8080/storage/card/726/card_img/22200/726card.png,https://api.card-gorilla.com:8080/storage/card/726/card_img/22200/726card.png,42,0,1,3
695,알뜰폰 Hub Ⅱ 카드,CRD,국민카드,https://api.card-gorilla.com:8080/storage/card/727/card_img/22201/727card.png,https://api.card-gorilla.com:8080/storage/card/727/card_img/22201/727card.png,39,0,1,10
696,언택트 L 하나카드,CRD,하나카드,https://api.card-gorilla.com:8080/storage/card/728/card_img/22202/728card.png,https://api.card-gorilla.com:8080/storage/card/728/card_img/22202/728card.png,28,0,1,5
697,디지털프라자 BENEFIT 삼성카드,CRD,삼성카드,https://api.card-gorilla.com:8080/storage/card/729/card_img/25528/729card%281%29.png,https://api.card-gorilla.com:8080/storage/card/729/card_img/25528/729card%281%29.png,24,0,1,1
698,현대카드Z family,CHK,현대카드,https://api.card-gorilla.com:8080/storage/card/730/card_img/22204/730card.png,https://api.card-gorilla.com:8080/storage/card/730/card_img/22204/730card.png,21,0,1,5
699,현대카드Z work,CHK,현대카드,https://api.card-gorilla.com:8080/storage/card/731/card_img/22205/731card.png,https://api.card-gorilla.com:8080/storage/card/731/card_img/22205/731card.png,11,0,1,4
700,현대카드Z ontact,CRD,현대카드,https://api.card-gorilla.com:8080/storage/card/732/card_img/22206/732card.png,https://api.card-gorilla.com:8080/storage/card/732/card_img/22206/732card.png,12,0,1,1
701,무신사 현대카드,CRD,현대카드,https://api.card-gorilla.com:8080/storage/card/733/card_img/22207/733card.png,https://api.card-gorilla.com:8080/storage/card/733/card_img/22207/733card.png,37,0,1,6
702,MULTI Global(멀티 글로벌) 카드,CHK,하나카드,https://api.card-gorilla.com:8080/storage/card/734/card_img/22208/734card.png,https://api.card-gorilla.com:8080/storage/card/734/card_img/22208/734card.png,29,0,1,7
703,커피빈 신용카드,CRD,국민카드,https://api.card-gorilla.com:8080/storage/card/735/card_img/22209/735card.png,https://api.card-gorilla.com:8080/storage/card/735/card_img/22209/735card.png,47,0,1,7
704,American Express? Reserve,CRD,삼성카드,https://api.card-gorilla.com:8080/storage/card/736/card_img/22210/736card.png,https://api.card-gorilla.com:8080/storage/card/736/card_img/22210/736card.png,17,0,1,10
705,American Express? Gold,CHK,삼성카드,https://api.card-gorilla.com:8080/storage/card/737/card_img/22211/737card.png,https://api.card-gorilla.com:8080/storage/card/737/card_img/22211/737card.png,30,0,1,5
706,신한카드 혼디모앙,CRD,신한카드,https://api.card-gorilla.com:8080/storage/card/738/card_img/22212/738card.png,https://api.card-gorilla.com:8080/storage/card/738/card_img/22212/738card.png,5,0,1,1
707,나라사랑체크카드,CRD,국민카드,https://api.card-gorilla.com:8080/storage/card/739/card_img/22213/739card.png,https://api.card-gorilla.com:8080/storage/card/739/card_img/22213/739card.png,32,0,1,8
708,Hyundai Mobility(모빌리티) 카드,CHK,현대카드,https://api.card-gorilla.com:8080/storage/card/740/card_img/22214/740card.png,https://api.card-gorilla.com:8080/storage/card/740/card_img/22214/740card.png,2,0,1,4
709,Hyundai Mobility(모빌리티) Platinum,CHK,현대카드,https://api.card-gorilla.com:8080/storage/card/741/card_img/22215/741card.png,https://api.card-gorilla.com:8080/storage/card/741/card_img/22215/741card.png,4,0,1,4
710,알뜰교통카드,CRD,신한카드,https://api.card-gorilla.com:8080/storage/card/742/card_img/22216/742card.png,https://api.card-gorilla.com:8080/storage/card/742/card_img/22216/742card.png,34,0,1,7
711,알뜰교통카드 S20 Check,CHK,신한카드,https://api.card-gorilla.com:8080/storage/card/743/card_img/22217/743card.png,https://api.card-gorilla.com:8080/storage/card/743/card_img/22217/743card.png,46,0,1,10
712,IKEA(이케아) Family with 신한카드,CHK,신한카드,https://api.card-gorilla.com:8080/storage/card/744/card_img/22218/744card.png,https://api.card-gorilla.com:8080/storage/card/744/card_img/22218/744card.png,33,0,1,6
713,알뜰교통카드,CHK,하나카드,https://api.card-gorilla.com:8080/storage/card/745/card_img/22219/745card.png,https://api.card-gorilla.com:8080/storage/card/745/card_img/22219/745card.png,3,0,1,9
714,알뜰교통카드 Check,CRD,하나카드,https://api.card-gorilla.com:8080/storage/card/746/card_img/22220/746card.png,https://api.card-gorilla.com:8080/storage/card/746/card_img/22220/746card.png,23,0,1,6
715,Liiv M Ⅱ 카드,CRD,국민카드,https://api.card-gorilla.com:8080/storage/card/747/card_img/22221/747card.png,https://api.card-gorilla.com:8080/storage/card/747/card_img/22221/747card.png,32,0,1,1
716,이지캐시백,CHK,IBK기업은행,https://api.card-gorilla.com:8080/storage/card/748/card_img/22222/748card.png,https://api.card-gorilla.com:8080/storage/card/748/card_img/22222/748card.png,29,0,1,1
717,VIVA X 체크카드,CRD,하나카드,https://api.card-gorilla.com:8080/storage/card/749/card_img/22223/749card.png,https://api.card-gorilla.com:8080/storage/card/749/card_img/22223/749card.png,31,0,1,1
718,하나 국민행복 체크카드,CHK,하나카드,https://api.card-gorilla.com:8080/storage/card/750/card_img/22224/750card.png,https://api.card-gorilla.com:8080/storage/card/750/card_img/22224/750card.png,42,0,1,0
719,KB국민 국민행복카드,CRD,국민카드,https://api.card-gorilla.com:8080/storage/card/751/card_img/22225/751card.png,https://api.card-gorilla.com:8080/storage/card/751/card_img/22225/751card.png,9,0,1,2
720,KB국민 국민행복체크,CRD,국민카드,https://api.card-gorilla.com:8080/storage/card/752/card_img/22226/752card.png,https://api.card-gorilla.com:8080/storage/card/752/card_img/22226/752card.png,49,0,1,0
721,아모레퍼시픽 신한카드,CRD,신한카드,https://api.card-gorilla.com:8080/storage/card/753/card_img/22227/753card.png,https://api.card-gorilla.com:8080/storage/card/753/card_img/22227/753card.png,18,0,1,0
722,국민행복 삼성체크카드 V2,CHK,삼성카드,https://api.card-gorilla.com:8080/storage/card/754/card_img/22228/754card.png,https://api.card-gorilla.com:8080/storage/card/754/card_img/22228/754card.png,15,0,1,6
723,LIKIT fun 체크카드,CRD,롯데카드,https://api.card-gorilla.com:8080/storage/card/755/card_img/22229/755card.png,https://api.card-gorilla.com:8080/storage/card/755/card_img/22229/755card.png,42,0,1,5
724,LIKIT all 체크카드,CRD,롯데카드,https://api.card-gorilla.com:8080/storage/card/756/card_img/22230/756card.png,https://api.card-gorilla.com:8080/storage/card/756/card_img/22230/756card.png,31,0,1,7
725,LIKIT on 체크카드,CRD,롯데카드,https://api.card-gorilla.com:8080/storage/card/757/card_img/22231/757card.png,https://api.card-gorilla.com:8080/storage/card/757/card_img/22231/757card.png,15,0,1,2
726,다이소 신한카드,CHK,신한카드,https://api.card-gorilla.com:8080/storage/card/758/card_img/22232/758card.png,https://api.card-gorilla.com:8080/storage/card/758/card_img/22232/758card.png,31,0,1,4
727,다이소 신한카드 체크,CHK,신한카드,https://api.card-gorilla.com:8080/storage/card/759/card_img/22233/759card.png,https://api.card-gorilla.com:8080/storage/card/759/card_img/22233/759card.png,0,0,1,7
728,Young Youth 체크카드,CRD,국민카드,https://api.card-gorilla.com:8080/storage/card/760/card_img/22234/760card.png,https://api.card-gorilla.com:8080/storage/card/760/card_img/22234/760card.png,24,0,1,9
729,Hole In:WON(홀인원) 카드,CRD,우리카드,https://api.card-gorilla.com:8080/storage/card/761/card_img/22235/761card.png,https://api.card-gorilla.com:8080/storage/card/761/card_img/22235/761card.png,23,0,1,4
730,NU 오하쳌(오늘하루체크),CHK,우리카드,https://api.card-gorilla.com:8080/storage/card/762/card_img/26507/762card.png,https://api.card-gorilla.com:8080/storage/card/762/card_img/26507/762card.png,28,0,1,6
731,the Pink,CHK,현대카드,https://api.card-gorilla.com:8080/storage/card/763/card_img/22237/763card.png,https://api.card-gorilla.com:8080/storage/card/763/card_img/22237/763card.png,23,0,1,9
732,카카오페이 신용카드,CRD,삼성카드,https://api.card-gorilla.com:8080/storage/card/764/card_img/22238/764card.png,https://api.card-gorilla.com:8080/storage/card/764/card_img/22238/764card.png,23,0,1,10
733,010PAY 체크카드,CRD,우리카드,https://api.card-gorilla.com:8080/storage/card/765/card_img/25707/765card.png,https://api.card-gorilla.com:8080/storage/card/765/card_img/25707/765card.png,26,0,1,10
734,몰테일 플러스 하나카드,CHK,하나카드,https://api.card-gorilla.com:8080/storage/card/766/card_img/22240/766card.png,https://api.card-gorilla.com:8080/storage/card/766/card_img/22240/766card.png,7,0,1,1
735,go 캐시백 글로벌 하이브리드,CHK,우체국,https://api.card-gorilla.com:8080/storage/card/767/card_img/22241/767card.png,https://api.card-gorilla.com:8080/storage/card/767/card_img/22241/767card.png,24,0,1,2
736,Green Wave 1.5℃카드,CRD,국민카드,https://api.card-gorilla.com:8080/storage/card/768/card_img/22242/768card.png,https://api.card-gorilla.com:8080/storage/card/768/card_img/22242/768card.png,48,0,1,4
737,가온올림카드(실속형),CHK,국민카드,https://api.card-gorilla.com:8080/storage/card/769/card_img/22243/769card.png,https://api.card-gorilla.com:8080/storage/card/769/card_img/22243/769card.png,9,0,1,10
738,그린재킷 체크카드,CHK,국민카드,https://api.card-gorilla.com:8080/storage/card/770/card_img/22244/770card.png,https://api.card-gorilla.com:8080/storage/card/770/card_img/22244/770card.png,11,0,1,1
739,L.pay 롯데카드 Ⅱ,CHK,롯데카드,https://api.card-gorilla.com:8080/storage/card/771/card_img/22245/771card.png,https://api.card-gorilla.com:8080/storage/card/771/card_img/22245/771card.png,3,0,1,0
740,BLISS.5 카드(마일리지),CRD,IBK기업은행,https://api.card-gorilla.com:8080/storage/card/772/card_img/22246/772card.png,https://api.card-gorilla.com:8080/storage/card/772/card_img/22246/772card.png,36,0,1,1
741,BLISS.5 카드(포인트),CHK,IBK기업은행,https://api.card-gorilla.com:8080/storage/card/773/card_img/22247/773card.png,https://api.card-gorilla.com:8080/storage/card/773/card_img/22247/773card.png,42,0,1,1
742,쿠팡 롯데카드,CHK,롯데카드,https://api.card-gorilla.com:8080/storage/card/774/card_img/22248/774card.png,https://api.card-gorilla.com:8080/storage/card/774/card_img/22248/774card.png,3,0,1,5
743,해피포인트 우리체크 V.2,CRD,우리카드,https://api.card-gorilla.com:8080/storage/card/775/card_img/22249/775card.png,https://api.card-gorilla.com:8080/storage/card/775/card_img/22249/775card.png,31,0,1,7
744,홈플러스 삼성카드,CRD,삼성카드,https://api.card-gorilla.com:8080/storage/card/776/card_img/22250/776card.png,https://api.card-gorilla.com:8080/storage/card/776/card_img/22250/776card.png,29,0,1,2
745,카드의정석 L.POINT,CHK,우리카드,https://api.card-gorilla.com:8080/storage/card/777/card_img/22251/777card.png,https://api.card-gorilla.com:8080/storage/card/777/card_img/22251/777card.png,38,0,1,9
746,GS SHOP KB국민카드,CRD,국민카드,https://api.card-gorilla.com:8080/storage/card/778/card_img/22252/778card.png,https://api.card-gorilla.com:8080/storage/card/778/card_img/22252/778card.png,6,0,1,1
747,위메프페이 신용카드,CHK,국민카드,https://api.card-gorilla.com:8080/storage/card/779/card_img/22253/779card.png,https://api.card-gorilla.com:8080/storage/card/779/card_img/22253/779card.png,19,0,1,5
748,삼성카드 BIZ LEADERS,CRD,삼성카드,https://api.card-gorilla.com:8080/storage/card/780/card_img/22254/780card.png,https://api.card-gorilla.com:8080/storage/card/780/card_img/22254/780card.png,42,0,1,0
749,IBK hi 카드,CHK,IBK기업은행,https://api.card-gorilla.com:8080/storage/card/781/card_img/21761/781card.jpg,https://api.card-gorilla.com:8080/storage/card/781/card_img/21761/781card.jpg,49,0,1,7
750,SC제일은행 글로벌 삼성체크카드,CRD,삼성카드,https://api.card-gorilla.com:8080/storage/card/782/card_img/21760/782card.png,https://api.card-gorilla.com:8080/storage/card/782/card_img/21760/782card.png,14,0,1,6
751,SSG.COM카드,CHK,현대카드,https://api.card-gorilla.com:8080/storage/card/783/card_img/21759/783card.png,https://api.card-gorilla.com:8080/storage/card/783/card_img/21759/783card.png,36,0,1,3
752,LG U+ 삼성카드,CRD,삼성카드,https://api.card-gorilla.com:8080/storage/card/784/card_img/21758/784card.png,https://api.card-gorilla.com:8080/storage/card/784/card_img/21758/784card.png,39,0,1,4
753,KT 삼성카드,CRD,삼성카드,https://api.card-gorilla.com:8080/storage/card/785/card_img/21757/785card.png,https://api.card-gorilla.com:8080/storage/card/785/card_img/21757/785card.png,11,0,1,0
754,T멤버십 더블 롯데체크카드,CRD,롯데카드,https://api.card-gorilla.com:8080/storage/card/786/card_img/21756/786card.jpg,https://api.card-gorilla.com:8080/storage/card/786/card_img/21756/786card.jpg,34,0,1,7
755,T멤버십 더블 롯데카드,CHK,롯데카드,https://api.card-gorilla.com:8080/storage/card/787/card_img/21755/787card.jpg,https://api.card-gorilla.com:8080/storage/card/787/card_img/21755/787card.jpg,24,0,1,8
756,CJ ONE 삼성카드,CRD,삼성카드,https://api.card-gorilla.com:8080/storage/card/788/card_img/21754/788card.png,https://api.card-gorilla.com:8080/storage/card/788/card_img/21754/788card.png,33,0,1,8
757,이마트 e카드 Edition2,CRD,현대카드,https://api.card-gorilla.com:8080/storage/card/789/card_img/21753/789card.png,https://api.card-gorilla.com:8080/storage/card/789/card_img/21753/789card.png,16,0,1,4
758,V Street 카드,CHK,롯데카드,https://api.card-gorilla.com:8080/storage/card/790/card_img/21752/790card.png,https://api.card-gorilla.com:8080/storage/card/790/card_img/21752/790card.png,48,0,1,5
759,코스트코 리워드 비즈니스 현대카드,CRD,현대카드,https://api.card-gorilla.com:8080/storage/card/791/card_img/21751/791card.png,https://api.card-gorilla.com:8080/storage/card/791/card_img/21751/791card.png,16,0,1,3
760,그린기업체크카드,CHK,IBK기업은행,https://api.card-gorilla.com:8080/storage/card/792/card_img/21750/792card.png,https://api.card-gorilla.com:8080/storage/card/792/card_img/21750/792card.png,12,0,1,6
761,DGB biz POINT 체크카드,CRD,DGB대구은행,https://api.card-gorilla.com:8080/storage/card/793/card_img/21749/793card.png,https://api.card-gorilla.com:8080/storage/card/793/card_img/21749/793card.png,29,0,1,8
762,참! 좋은 kt wiz 카드[체크],CRD,IBK기업은행,https://api.card-gorilla.com:8080/storage/card/794/card_img/21748/794card.png,https://api.card-gorilla.com:8080/storage/card/794/card_img/21748/794card.png,37,0,1,9
763,세이브존 IBK 체크카드,CRD,IBK기업은행,https://api.card-gorilla.com:8080/storage/card/795/card_img/21747/795card.png,https://api.card-gorilla.com:8080/storage/card/795/card_img/21747/795card.png,4,0,1,3
764,참! 좋은친구 청년동행카드(체크),CRD,IBK기업은행,https://api.card-gorilla.com:8080/storage/card/796/card_img/21746/796card.png,https://api.card-gorilla.com:8080/storage/card/796/card_img/21746/796card.png,45,0,1,4
765,동반성공카드(체크),CRD,IBK기업은행,https://api.card-gorilla.com:8080/storage/card/797/card_img/21745/797card.png,https://api.card-gorilla.com:8080/storage/card/797/card_img/21745/797card.png,8,0,1,3
766,인피니트카드(INFINITE CARD),CRD,IBK기업은행,https://api.card-gorilla.com:8080/storage/card/798/card_img/21744/798card.png,https://api.card-gorilla.com:8080/storage/card/798/card_img/21744/798card.png,12,0,1,6
767,IBK 각자내기카드,CHK,IBK기업은행,https://api.card-gorilla.com:8080/storage/card/799/card_img/21743/799card.png,https://api.card-gorilla.com:8080/storage/card/799/card_img/21743/799card.png,35,0,1,4
768,Kt텔레캅 안심 Plus 카드,CRD,IBK기업은행,https://api.card-gorilla.com:8080/storage/card/800/card_img/21742/800card.png,https://api.card-gorilla.com:8080/storage/card/800/card_img/21742/800card.png,37,0,1,2
769,동반성장카드,CRD,IBK기업은행,https://api.card-gorilla.com:8080/storage/card/802/card_img/21741/802card.png,https://api.card-gorilla.com:8080/storage/card/802/card_img/21741/802card.png,37,0,1,3
770,동반성공카드,CRD,IBK기업은행,https://api.card-gorilla.com:8080/storage/card/803/card_img/21740/803card.png,https://api.card-gorilla.com:8080/storage/card/803/card_img/21740/803card.png,45,0,1,0
771,코웨이 IBK 카드,CHK,IBK기업은행,https://api.card-gorilla.com:8080/storage/card/804/card_img/21739/804card.png,https://api.card-gorilla.com:8080/storage/card/804/card_img/21739/804card.png,21,0,1,0
772,파이팅코리아카드,CHK,IBK기업은행,https://api.card-gorilla.com:8080/storage/card/805/card_img/21738/805card.png,https://api.card-gorilla.com:8080/storage/card/805/card_img/21738/805card.png,33,0,1,3
773,파이팅코리아플러스카드,CRD,IBK기업은행,https://api.card-gorilla.com:8080/storage/card/806/card_img/21737/806card.jpg,https://api.card-gorilla.com:8080/storage/card/806/card_img/21737/806card.jpg,35,0,1,3
774,일상의 기쁨 Dream 체크카드,CRD,IBK기업은행,https://api.card-gorilla.com:8080/storage/card/807/card_img/21736/807card.png,https://api.card-gorilla.com:8080/storage/card/807/card_img/21736/807card.png,7,0,1,7
775,V-BIG멤버스 롯데체크카드(성인여성용),CHK,롯데카드,https://api.card-gorilla.com:8080/storage/card/808/card_img/21735/808card.jpg,https://api.card-gorilla.com:8080/storage/card/808/card_img/21735/808card.jpg,48,0,1,10
776,American Express Platinum,CHK,삼성카드,https://api.card-gorilla.com:8080/storage/card/809/card_img/21734/809card.png,https://api.card-gorilla.com:8080/storage/card/809/card_img/21734/809card.png,45,0,1,3
777,현대백화점 체크카드,CHK,DGB대구은행,https://api.card-gorilla.com:8080/storage/card/810/card_img/21733/810card.png,https://api.card-gorilla.com:8080/storage/card/810/card_img/21733/810card.png,28,0,1,8
778,Y+(영플러스)체크카드,CHK,DGB대구은행,https://api.card-gorilla.com:8080/storage/card/811/card_img/21731/811card.png,https://api.card-gorilla.com:8080/storage/card/811/card_img/21731/811card.png,0,0,1,4
779,국민행복카드 체크카드,CHK,DGB대구은행,https://api.card-gorilla.com:8080/storage/card/812/card_img/21730/812card.gif,https://api.card-gorilla.com:8080/storage/card/812/card_img/21730/812card.gif,31,0,1,0
780,V-BIG멤버스 롯데체크카드(성인남성용),CRD,롯데카드,https://api.card-gorilla.com:8080/storage/card/813/card_img/21729/813card.jpg,https://api.card-gorilla.com:8080/storage/card/813/card_img/21729/813card.jpg,6,0,1,10
781,해피포인트 DGB체크카드,CHK,DGB대구은행,https://api.card-gorilla.com:8080/storage/card/814/card_img/21728/814card.png,https://api.card-gorilla.com:8080/storage/card/814/card_img/21728/814card.png,2,0,1,1
782,대백 플러스 체크카드,CHK,DGB대구은행,https://api.card-gorilla.com:8080/storage/card/815/card_img/21727/815card.gif,https://api.card-gorilla.com:8080/storage/card/815/card_img/21727/815card.gif,18,0,1,8
783,단디체크카드,CRD,DGB대구은행,https://api.card-gorilla.com:8080/storage/card/816/card_img/21726/816card.png,https://api.card-gorilla.com:8080/storage/card/816/card_img/21726/816card.png,25,0,1,5
784,해피포인트DGB체크카드(대경교통),CHK,DGB대구은행,https://api.card-gorilla.com:8080/storage/card/817/card_img/21725/817card.png,https://api.card-gorilla.com:8080/storage/card/817/card_img/21725/817card.png,7,0,1,7
785,Master Y+(영플러스)체크카드(대경교통),CRD,DGB대구은행,https://api.card-gorilla.com:8080/storage/card/818/card_img/21724/818card.gif,https://api.card-gorilla.com:8080/storage/card/818/card_img/21724/818card.gif,19,0,1,10
786,카카오페이 체크카드,CHK,DGB대구은행,https://api.card-gorilla.com:8080/storage/card/819/card_img/21723/819card.png,https://api.card-gorilla.com:8080/storage/card/819/card_img/21723/819card.png,42,0,1,9
787,대백 플러스 체크카드(대경교통),CRD,DGB대구은행,https://api.card-gorilla.com:8080/storage/card/820/card_img/21722/820card.gif,https://api.card-gorilla.com:8080/storage/card/820/card_img/21722/820card.gif,11,0,1,9
788,똑디체크카드(비교통),CRD,DGB대구은행,https://api.card-gorilla.com:8080/storage/card/821/card_img/21721/821card.png,https://api.card-gorilla.com:8080/storage/card/821/card_img/21721/821card.png,25,0,1,2
789,Master Y+(영플러스)체크카드,CRD,DGB대구은행,https://api.card-gorilla.com:8080/storage/card/822/card_img/21720/822card.gif,https://api.card-gorilla.com:8080/storage/card/822/card_img/21720/822card.gif,11,0,1,5
790,NEW현대백화점체크카드,CRD,DGB대구은행,https://api.card-gorilla.com:8080/storage/card/823/card_img/21719/823card.png,https://api.card-gorilla.com:8080/storage/card/823/card_img/21719/823card.png,23,0,1,10
791,DGB SOHO 기업카드,CRD,DGB대구은행,https://api.card-gorilla.com:8080/storage/card/824/card_img/21718/824card.png,https://api.card-gorilla.com:8080/storage/card/824/card_img/21718/824card.png,38,0,1,10
792,단디비지니스카드,CHK,DGB대구은행,https://api.card-gorilla.com:8080/storage/card/825/card_img/21717/825card.gif,https://api.card-gorilla.com:8080/storage/card/825/card_img/21717/825card.gif,33,0,1,2
793,DGB氣UP!카드,CRD,DGB대구은행,https://api.card-gorilla.com:8080/storage/card/826/card_img/21716/826card.png,https://api.card-gorilla.com:8080/storage/card/826/card_img/21716/826card.png,39,0,1,4
794,DGB biz DC카드,CRD,DGB대구은행,https://api.card-gorilla.com:8080/storage/card/827/card_img/21715/827card.png,https://api.card-gorilla.com:8080/storage/card/827/card_img/21715/827card.png,5,0,1,5
795,DGB BIZ+카드,CRD,DGB대구은행,https://api.card-gorilla.com:8080/storage/card/828/card_img/21714/828card.png,https://api.card-gorilla.com:8080/storage/card/828/card_img/21714/828card.png,9,0,1,10
796,DGB biz 소호(SOHO)카드,CRD,DGB대구은행,https://api.card-gorilla.com:8080/storage/card/829/card_img/21713/829card.png,https://api.card-gorilla.com:8080/storage/card/829/card_img/21713/829card.png,23,0,1,0
797,후불 하이패스카드,CRD,DGB대구은행,https://api.card-gorilla.com:8080/storage/card/830/card_img/21712/830card.gif,https://api.card-gorilla.com:8080/storage/card/830/card_img/21712/830card.gif,12,0,1,1
798,대백-대구은행카드(퍼플),CHK,DGB대구은행,https://api.card-gorilla.com:8080/storage/card/831/card_img/21711/831card.png,https://api.card-gorilla.com:8080/storage/card/831/card_img/21711/831card.png,24,0,1,1
799,단디[DANDI]카드,CRD,DGB대구은행,https://api.card-gorilla.com:8080/storage/card/832/card_img/21710/832card.png,https://api.card-gorilla.com:8080/storage/card/832/card_img/21710/832card.png,17,0,1,5
800,부자되세요 아파트카드,CRD,DGB대구은행,https://api.card-gorilla.com:8080/storage/card/833/card_img/21709/833card.gif,https://api.card-gorilla.com:8080/storage/card/833/card_img/21709/833card.gif,16,0,1,8
801,국민행복카드 신용카드,CRD,DGB대구은행,https://api.card-gorilla.com:8080/storage/card/834/card_img/21708/834card.gif,https://api.card-gorilla.com:8080/storage/card/834/card_img/21708/834card.gif,44,0,1,10
802,대백-대구은행카드(블랙),CRD,DGB대구은행,https://api.card-gorilla.com:8080/storage/card/835/card_img/21707/835card.png,https://api.card-gorilla.com:8080/storage/card/835/card_img/21707/835card.png,50,0,1,1
803,DGB 레일플러스포인트카드,CRD,DGB대구은행,https://api.card-gorilla.com:8080/storage/card/836/card_img/21706/836card.png,https://api.card-gorilla.com:8080/storage/card/836/card_img/21706/836card.png,34,0,1,4
804,DGB Pet Love 카드,CHK,DGB대구은행,https://api.card-gorilla.com:8080/storage/card/837/card_img/21705/837card.png,https://api.card-gorilla.com:8080/storage/card/837/card_img/21705/837card.png,42,0,1,4
805,올레 Super DC 대구은행카드,CRD,DGB대구은행,https://api.card-gorilla.com:8080/storage/card/838/card_img/21704/838card.png,https://api.card-gorilla.com:8080/storage/card/838/card_img/21704/838card.png,41,0,1,1
806,부자되세요 홈쇼핑카드,CRD,DGB대구은행,https://api.card-gorilla.com:8080/storage/card/839/card_img/21703/839card.png,https://api.card-gorilla.com:8080/storage/card/839/card_img/21703/839card.png,16,0,1,0
807,DGB 쇼핑카드,CHK,DGB대구은행,https://api.card-gorilla.com:8080/storage/card/840/card_img/21702/840card.png,https://api.card-gorilla.com:8080/storage/card/840/card_img/21702/840card.png,50,0,1,4
808,GREit(그래잇)카드,CHK,DGB대구은행,https://api.card-gorilla.com:8080/storage/card/841/card_img/21701/841card.png,https://api.card-gorilla.com:8080/storage/card/841/card_img/21701/841card.png,42,0,1,9
809,OIL&LPG카드,CHK,DGB대구은행,https://api.card-gorilla.com:8080/storage/card/842/card_img/21700/842card.png,https://api.card-gorilla.com:8080/storage/card/842/card_img/21700/842card.png,48,0,1,0
810,DGB ONE 카드,CHK,DGB대구은행,https://api.card-gorilla.com:8080/storage/card/843/card_img/21699/843card.png,https://api.card-gorilla.com:8080/storage/card/843/card_img/21699/843card.png,33,0,1,5
811,DGB 세븐캐쉬백카드,CHK,DGB대구은행,https://api.card-gorilla.com:8080/storage/card/844/card_img/21698/844card.png,https://api.card-gorilla.com:8080/storage/card/844/card_img/21698/844card.png,21,0,1,1
812,V-BIG멤버스 롯데체크카드(청소년용),CRD,롯데카드,https://api.card-gorilla.com:8080/storage/card/845/card_img/21697/845card.jpg,https://api.card-gorilla.com:8080/storage/card/845/card_img/21697/845card.jpg,29,0,1,3
813,XPEED 롯데카드,CRD,롯데카드,https://api.card-gorilla.com:8080/storage/card/846/card_img/21696/846card.jpg,https://api.card-gorilla.com:8080/storage/card/846/card_img/21696/846card.jpg,6,0,1,3
814,가연 롯데카드,CHK,롯데카드,https://api.card-gorilla.com:8080/storage/card/847/card_img/21695/847card.jpg,https://api.card-gorilla.com:8080/storage/card/847/card_img/21695/847card.jpg,33,0,1,7
815,강원방송 롯데카드,CRD,롯데카드,https://api.card-gorilla.com:8080/storage/card/848/card_img/21694/848card.jpg,https://api.card-gorilla.com:8080/storage/card/848/card_img/21694/848card.jpg,20,0,1,7
816,골든웨이브 카드,CRD,롯데카드,https://api.card-gorilla.com:8080/storage/card/849/card_img/21693/849card.png,https://api.card-gorilla.com:8080/storage/card/849/card_img/21693/849card.png,16,0,1,6
817,Hyundai EV카드,CHK,현대카드,https://api.card-gorilla.com:8080/storage/card/850/card_img/21692/850card.png,https://api.card-gorilla.com:8080/storage/card/850/card_img/21692/850card.png,46,0,1,10
818,화물운전자복지 신한카드 체크,CHK,신한카드,https://api.card-gorilla.com:8080/storage/card/851/card_img/21691/851card.png,https://api.card-gorilla.com:8080/storage/card/851/card_img/21691/851card.png,0,0,1,5
819,SmileCard Edition2,CRD,현대카드,https://api.card-gorilla.com:8080/storage/card/852/card_img/21690/852card.png,https://api.card-gorilla.com:8080/storage/card/852/card_img/21690/852card.png,39,0,1,4
820,SmileCard the Club,CHK,현대카드,https://api.card-gorilla.com:8080/storage/card/853/card_img/21689/853card.png,https://api.card-gorilla.com:8080/storage/card/853/card_img/21689/853card.png,20,0,1,9
821,Kia Members 경차전용카드,CHK,현대카드,https://api.card-gorilla.com:8080/storage/card/854/card_img/21688/854card.png,https://api.card-gorilla.com:8080/storage/card/854/card_img/21688/854card.png,5,0,1,3
822,알뜰주유소 화물운전자복지 신한카드 체크,CHK,신한카드,https://api.card-gorilla.com:8080/storage/card/855/card_img/21687/855card.png,https://api.card-gorilla.com:8080/storage/card/855/card_img/21687/855card.png,17,0,1,9
823,화물운전자복지 신한카드,CRD,신한카드,https://api.card-gorilla.com:8080/storage/card/856/card_img/21686/856card.png,https://api.card-gorilla.com:8080/storage/card/856/card_img/21686/856card.png,44,0,1,6
824,현대오일뱅크 2UP 화물운전자복지 신한카드,CRD,신한카드,https://api.card-gorilla.com:8080/storage/card/857/card_img/21685/857card.png,https://api.card-gorilla.com:8080/storage/card/857/card_img/21685/857card.png,0,0,1,6
825,그루폰 롯데카드,CRD,롯데카드,https://api.card-gorilla.com:8080/storage/card/858/card_img/21684/858card.jpg,https://api.card-gorilla.com:8080/storage/card/858/card_img/21684/858card.jpg,48,0,1,6
826,Kia Members 경차전용카드(유류세 환급),CRD,현대카드,https://api.card-gorilla.com:8080/storage/card/859/card_img/21683/859card.png,https://api.card-gorilla.com:8080/storage/card/859/card_img/21683/859card.png,21,0,1,10
827,S-OIL 2UP 화물운전자복지 신한카드,CHK,신한카드,https://api.card-gorilla.com:8080/storage/card/860/card_img/21682/860card.png,https://api.card-gorilla.com:8080/storage/card/860/card_img/21682/860card.png,21,0,1,3
828,SK에너지 2MORE 화물복지 신한카드,CRD,신한카드,https://api.card-gorilla.com:8080/storage/card/861/card_img/21681/861card.png,https://api.card-gorilla.com:8080/storage/card/861/card_img/21681/861card.png,33,0,1,5
829,LG U+ 현대카드M Edition3 (라이트할부형),CRD,현대카드,https://api.card-gorilla.com:8080/storage/card/862/card_img/21680/862card.png,https://api.card-gorilla.com:8080/storage/card/862/card_img/21680/862card.png,27,0,1,2
830,남선교회전국연합회 롯데포인트 플러스 카드,CRD,롯데카드,https://api.card-gorilla.com:8080/storage/card/863/card_img/21679/863card.jpg,https://api.card-gorilla.com:8080/storage/card/863/card_img/21679/863card.jpg,40,0,1,2
831,일년의 설렘카드(모바일전용),CRD,IBK기업은행,https://api.card-gorilla.com:8080/storage/card/864/card_img/21678/864card.png,https://api.card-gorilla.com:8080/storage/card/864/card_img/21678/864card.png,7,0,1,0
832,홈플러스 스페셜 신한카드,CHK,신한카드,https://api.card-gorilla.com:8080/storage/card/865/card_img/21677/865card.png,https://api.card-gorilla.com:8080/storage/card/865/card_img/21677/865card.png,41,0,1,3
833,큰수레 비즈니스 신한카드 Simple+,CHK,신한카드,https://api.card-gorilla.com:8080/storage/card/866/card_img/21676/866card.png,https://api.card-gorilla.com:8080/storage/card/866/card_img/21676/866card.png,5,0,1,1
834,제주항공 Refresh Point 신한카드,CHK,신한카드,https://api.card-gorilla.com:8080/storage/card/867/card_img/21675/867card.png,https://api.card-gorilla.com:8080/storage/card/867/card_img/21675/867card.png,1,0,1,9
835,오아시스 신한카드,CRD,신한카드,https://api.card-gorilla.com:8080/storage/card/868/card_img/21674/868card.png,https://api.card-gorilla.com:8080/storage/card/868/card_img/21674/868card.png,9,0,1,8
836,교보문고 롯데카드,CRD,롯데카드,https://api.card-gorilla.com:8080/storage/card/869/card_img/21673/869card.jpg,https://api.card-gorilla.com:8080/storage/card/869/card_img/21673/869card.jpg,0,0,1,0
837,교보증권PLUS αCMA 롯데체크카드,CHK,롯데카드,https://api.card-gorilla.com:8080/storage/card/870/card_img/21672/870card.jpg,https://api.card-gorilla.com:8080/storage/card/870/card_img/21672/870card.jpg,34,0,1,0
838,교육지대 롯데포인트플러스카드,CRD,롯데카드,https://api.card-gorilla.com:8080/storage/card/871/card_img/21671/871card.jpg,https://api.card-gorilla.com:8080/storage/card/871/card_img/21671/871card.jpg,3,0,1,0
839,SKT-현대카드M Edition3 (라이트할부형),CRD,현대카드,https://api.card-gorilla.com:8080/storage/card/872/card_img/21670/872card.png,https://api.card-gorilla.com:8080/storage/card/872/card_img/21670/872card.png,9,0,1,5
840,ROVL 시그니쳐(토탈마일)기업카드,CHK,국민카드,https://api.card-gorilla.com:8080/storage/card/873/card_img/21669/873card.png,https://api.card-gorilla.com:8080/storage/card/873/card_img/21669/873card.png,26,0,1,1
841,참! 좋은친구 청년동행카드(신용),CHK,IBK기업은행,https://api.card-gorilla.com:8080/storage/card/874/card_img/21668/874card.png,https://api.card-gorilla.com:8080/storage/card/874/card_img/21668/874card.png,27,0,1,4
842,에스원 안심 신한카드,CRD,신한카드,https://api.card-gorilla.com:8080/storage/card/875/card_img/21667/875card.png,https://api.card-gorilla.com:8080/storage/card/875/card_img/21667/875card.png,38,0,1,3
843,알뜰주유소 화물운전자복지 신한카드,CRD,신한카드,https://api.card-gorilla.com:8080/storage/card/876/card_img/21666/876card.png,https://api.card-gorilla.com:8080/storage/card/876/card_img/21666/876card.png,22,0,1,0
844,kt-현대카드M Edition3 (통신할인형),CHK,현대카드,https://api.card-gorilla.com:8080/storage/card/877/card_img/21665/877card.png,https://api.card-gorilla.com:8080/storage/card/877/card_img/21665/877card.png,27,0,1,9
845,SK One+ 화물복지 신한카드,CHK,신한카드,https://api.card-gorilla.com:8080/storage/card/878/card_img/21664/878card.png,https://api.card-gorilla.com:8080/storage/card/878/card_img/21664/878card.png,39,0,1,8
846,자연드림 IBK카드,CRD,IBK기업은행,https://api.card-gorilla.com:8080/storage/card/879/card_img/21663/879card.gif,https://api.card-gorilla.com:8080/storage/card/879/card_img/21663/879card.gif,46,0,1,7
847,S.Sing 씽화물복지 신한카드 체크,CHK,신한카드,https://api.card-gorilla.com:8080/storage/card/880/card_img/21661/880card.png,https://api.card-gorilla.com:8080/storage/card/880/card_img/21661/880card.png,48,0,1,3
848,IBK-Syrup카드[신용],CRD,IBK기업은행,https://api.card-gorilla.com:8080/storage/card/881/card_img/21660/881card.gif,https://api.card-gorilla.com:8080/storage/card/881/card_img/21660/881card.gif,9,0,1,0
849,S.Sing 씽화물복지 신한카드,CRD,신한카드,https://api.card-gorilla.com:8080/storage/card/882/card_img/21659/882card.png,https://api.card-gorilla.com:8080/storage/card/882/card_img/21659/882card.png,13,0,1,1
850,SME기업카드,CRD,국민카드,https://api.card-gorilla.com:8080/storage/card/883/card_img/21658/883card.png,https://api.card-gorilla.com:8080/storage/card/883/card_img/21658/883card.png,34,0,1,7
851,신한카드 후불하이패스+ (하이패스 전용),CHK,신한카드,https://api.card-gorilla.com:8080/storage/card/884/card_img/21657/884card.png,https://api.card-gorilla.com:8080/storage/card/884/card_img/21657/884card.png,48,0,1,6
852,SME기업카드 (아시아나),CRD,국민카드,https://api.card-gorilla.com:8080/storage/card/885/card_img/21656/885card.png,https://api.card-gorilla.com:8080/storage/card/885/card_img/21656/885card.png,19,0,1,6
853,LG U+-현대카드M Edition3(통신할인형),CRD,현대카드,https://api.card-gorilla.com:8080/storage/card/886/card_img/21655/886card.png,https://api.card-gorilla.com:8080/storage/card/886/card_img/21655/886card.png,19,0,1,5
854,E1 & 아이파크 백화점 카드,CHK,IBK기업은행,https://api.card-gorilla.com:8080/storage/card/887/card_img/21654/887card.gif,https://api.card-gorilla.com:8080/storage/card/887/card_img/21654/887card.gif,17,0,1,6
855,SME기업카드 (대한항공),CRD,국민카드,https://api.card-gorilla.com:8080/storage/card/888/card_img/21653/888card.png,https://api.card-gorilla.com:8080/storage/card/888/card_img/21653/888card.png,47,0,1,10
856,신한카드 집,CRD,신한카드,https://api.card-gorilla.com:8080/storage/card/889/card_img/21652/889card.png,https://api.card-gorilla.com:8080/storage/card/889/card_img/21652/889card.png,21,0,1,5
857,e플래티넘 롯데카드,CHK,롯데카드,https://api.card-gorilla.com:8080/storage/card/890/card_img/21651/890card.png,https://api.card-gorilla.com:8080/storage/card/890/card_img/21651/890card.png,47,0,1,0
858,StarBiz 고유기업카드,CHK,국민카드,https://api.card-gorilla.com:8080/storage/card/891/card_img/21650/891card.png,https://api.card-gorilla.com:8080/storage/card/891/card_img/21650/891card.png,48,0,1,3
859,하이패스 기업카드,CHK,국민카드,https://api.card-gorilla.com:8080/storage/card/892/card_img/21649/892card.png,https://api.card-gorilla.com:8080/storage/card/892/card_img/21649/892card.png,2,0,1,9
860,B tv KB국민카드,CHK,국민카드,https://api.card-gorilla.com:8080/storage/card/893/card_img/21648/893card.png,https://api.card-gorilla.com:8080/storage/card/893/card_img/21648/893card.png,49,0,1,4
861,신한카드 주거래 신용,CRD,신한카드,https://api.card-gorilla.com:8080/storage/card/895/card_img/21647/895card.png,https://api.card-gorilla.com:8080/storage/card/895/card_img/21647/895card.png,29,0,1,9
862,신한카드 아름다운,CRD,신한카드,https://api.card-gorilla.com:8080/storage/card/897/card_img/21646/897card.png,https://api.card-gorilla.com:8080/storage/card/897/card_img/21646/897card.png,34,0,1,3
863,LG헬로비전-현대카드M Edition2(청구할인형),CHK,현대카드,https://api.card-gorilla.com:8080/storage/card/899/card_img/21645/899card.png,https://api.card-gorilla.com:8080/storage/card/899/card_img/21645/899card.png,27,0,1,0
864,신한금융투자 CMA R+ 신한카드 Love 체크,CRD,신한카드,https://api.card-gorilla.com:8080/storage/card/900/card_img/21644/900card.png,https://api.card-gorilla.com:8080/storage/card/900/card_img/21644/900card.png,18,0,1,7
865,SK브로드밴드-현대카드M Edition2(청구할인형),CHK,현대카드,https://api.card-gorilla.com:8080/storage/card/901/card_img/21643/901card.png,https://api.card-gorilla.com:8080/storage/card/901/card_img/21643/901card.png,2,0,1,4
866,E1-현대카드M,CRD,현대카드,https://api.card-gorilla.com:8080/storage/card/902/card_img/21642/902card.png,https://api.card-gorilla.com:8080/storage/card/902/card_img/21642/902card.png,28,0,1,5
867,신한금융투자 CMA R+ GS칼텍스 신한카드 Shine,CRD,신한카드,https://api.card-gorilla.com:8080/storage/card/903/card_img/21641/903card.png,https://api.card-gorilla.com:8080/storage/card/903/card_img/21641/903card.png,13,0,1,1
868,현대카드M-경차전용카드,CRD,현대카드,https://api.card-gorilla.com:8080/storage/card/904/card_img/21640/904card.png,https://api.card-gorilla.com:8080/storage/card/904/card_img/21640/904card.png,21,0,1,6
869,메가쇼핑 신한카드,CHK,신한카드,https://api.card-gorilla.com:8080/storage/card/905/card_img/21639/905card.png,https://api.card-gorilla.com:8080/storage/card/905/card_img/21639/905card.png,48,0,1,6
870,메가쇼핑 신한카드 체크,CRD,신한카드,https://api.card-gorilla.com:8080/storage/card/906/card_img/21638/906card.png,https://api.card-gorilla.com:8080/storage/card/906/card_img/21638/906card.png,47,0,1,8
871,SK 화물복지 50,CHK,우리카드,https://api.card-gorilla.com:8080/storage/card/907/card_img/21637/907card.png,https://api.card-gorilla.com:8080/storage/card/907/card_img/21637/907card.png,37,0,1,8
872,에쓰-오일 400 우리카드,CRD,우리카드,https://api.card-gorilla.com:8080/storage/card/908/card_img/21636/908card.png,https://api.card-gorilla.com:8080/storage/card/908/card_img/21636/908card.png,29,0,1,8
873,LPG 화물복지카드 E1,CRD,우리카드,https://api.card-gorilla.com:8080/storage/card/909/card_img/21635/909card.png,https://api.card-gorilla.com:8080/storage/card/909/card_img/21635/909card.png,50,0,1,5
874,남양 i 프리미엄 롯데카드,CHK,롯데카드,https://api.card-gorilla.com:8080/storage/card/910/card_img/21634/910card.jpg,https://api.card-gorilla.com:8080/storage/card/910/card_img/21634/910card.jpg,40,0,1,3
875,네이버 체크아웃 DC20 롯데카드,CHK,롯데카드,https://api.card-gorilla.com:8080/storage/card/911/card_img/21633/911card.jpg,https://api.card-gorilla.com:8080/storage/card/911/card_img/21633/911card.jpg,37,0,1,9
876,Easy shopping 티타늄카드,CHK,국민카드,https://api.card-gorilla.com:8080/storage/card/912/card_img/21632/912card.png,https://api.card-gorilla.com:8080/storage/card/912/card_img/21632/912card.png,50,0,1,6
877,현대카드M3 BLUEmembers Edition2,CRD,현대카드,https://api.card-gorilla.com:8080/storage/card/913/card_img/21631/913card.png,https://api.card-gorilla.com:8080/storage/card/913/card_img/21631/913card.png,37,0,1,8
878,노랑풍선 롯데카드,CHK,롯데카드,https://api.card-gorilla.com:8080/storage/card/914/card_img/21630/914card.png,https://api.card-gorilla.com:8080/storage/card/914/card_img/21630/914card.png,25,0,1,8
879,뉴 롯데손해보험 롯데카드,CHK,롯데카드,https://api.card-gorilla.com:8080/storage/card/915/card_img/21629/915card.jpg,https://api.card-gorilla.com:8080/storage/card/915/card_img/21629/915card.jpg,48,0,1,0
880,위비 알뜰주유소 할인카드,CRD,우리카드,https://api.card-gorilla.com:8080/storage/card/916/card_img/21628/916card.png,https://api.card-gorilla.com:8080/storage/card/916/card_img/21628/916card.png,15,0,1,5
881,썸(SUM)화물복지카드(개인신용),CHK,우리카드,https://api.card-gorilla.com:8080/storage/card/917/card_img/21627/917card.png,https://api.card-gorilla.com:8080/storage/card/917/card_img/21627/917card.png,35,0,1,0
882,현대카드M-화물차유가보조금카드,CRD,현대카드,https://api.card-gorilla.com:8080/storage/card/918/card_img/21626/918card.png,https://api.card-gorilla.com:8080/storage/card/918/card_img/21626/918card.png,13,0,1,7
883,현대카드X-화물차유가보조금카드(S-OIL),CHK,현대카드,https://api.card-gorilla.com:8080/storage/card/919/card_img/21625/919card.png,https://api.card-gorilla.com:8080/storage/card/919/card_img/21625/919card.png,26,0,1,9
884,skylife Ultra IBK카드,CRD,IBK기업은행,https://api.card-gorilla.com:8080/storage/card/920/card_img/21624/920card.gif,https://api.card-gorilla.com:8080/storage/card/920/card_img/21624/920card.gif,32,0,1,4
885,현대카드X-화물차유가보조금카드(SK에너지),CHK,현대카드,https://api.card-gorilla.com:8080/storage/card/921/card_img/21623/921card.png,https://api.card-gorilla.com:8080/storage/card/921/card_img/21623/921card.png,2,0,1,6
886,LG전자-현대카드M Edition3,CRD,현대카드,https://api.card-gorilla.com:8080/storage/card/923/card_img/21622/923card.png,https://api.card-gorilla.com:8080/storage/card/923/card_img/21622/923card.png,48,0,1,9
887,coway-현대카드M Edition3,CRD,현대카드,https://api.card-gorilla.com:8080/storage/card/924/card_img/21621/924card.png,https://api.card-gorilla.com:8080/storage/card/924/card_img/21621/924card.png,33,0,1,2
888,뉴 인터파크 롯데카드,CRD,롯데카드,https://api.card-gorilla.com:8080/storage/card/925/card_img/21620/925card.jpg,https://api.card-gorilla.com:8080/storage/card/925/card_img/21620/925card.jpg,27,0,1,3
889,SK매직-현대카드M Edition3,CHK,현대카드,https://api.card-gorilla.com:8080/storage/card/926/card_img/21619/926card.png,https://api.card-gorilla.com:8080/storage/card/926/card_img/21619/926card.png,12,0,1,6
890,CUCKOO-현대카드M Edition3,CHK,현대카드,https://api.card-gorilla.com:8080/storage/card/927/card_img/21618/927card.png,https://api.card-gorilla.com:8080/storage/card/927/card_img/21618/927card.png,15,0,1,5
891,뉴S-OIL보너스 롯데카드,CRD,롯데카드,https://api.card-gorilla.com:8080/storage/card/928/card_img/21617/928card.jpg,https://api.card-gorilla.com:8080/storage/card/928/card_img/21617/928card.jpg,23,0,1,10
892,청호나이스-현대카드M Edition3,CRD,현대카드,https://api.card-gorilla.com:8080/storage/card/929/card_img/21616/929card.png,https://api.card-gorilla.com:8080/storage/card/929/card_img/21616/929card.png,8,0,1,3
893,현대큐밍-현대카드M Edition3,CHK,현대카드,https://api.card-gorilla.com:8080/storage/card/930/card_img/21615/930card.png,https://api.card-gorilla.com:8080/storage/card/930/card_img/21615/930card.png,19,0,1,5
894,용인시민카드(신용),CRD,IBK기업은행,https://api.card-gorilla.com:8080/storage/card/931/card_img/21614/931card.gif,https://api.card-gorilla.com:8080/storage/card/931/card_img/21614/931card.gif,15,0,1,1
895,뉴하우머치 인슈포인트카드,CRD,롯데카드,https://api.card-gorilla.com:8080/storage/card/932/card_img/21613/932card.png,https://api.card-gorilla.com:8080/storage/card/932/card_img/21613/932card.png,39,0,1,6
896,현대홈쇼핑-현대카드M Edition3(청구할인형),CHK,현대카드,https://api.card-gorilla.com:8080/storage/card/933/card_img/21610/933card.png,https://api.card-gorilla.com:8080/storage/card/933/card_img/21610/933card.png,17,0,1,0
897,IBK TMON 카드,CRD,IBK기업은행,https://api.card-gorilla.com:8080/storage/card/934/card_img/21609/934card.png,https://api.card-gorilla.com:8080/storage/card/934/card_img/21609/934card.png,20,0,1,1
898,1st플래티늄 플러스카드 (포인트적립형),CRD,광주은행,https://api.card-gorilla.com:8080/storage/card/935/card_img/21608/935card.png,https://api.card-gorilla.com:8080/storage/card/935/card_img/21608/935card.png,16,0,1,0
899,신한카드 미래설계,CHK,신한카드,https://api.card-gorilla.com:8080/storage/card/936/card_img/21607/936card.png,https://api.card-gorilla.com:8080/storage/card/936/card_img/21607/936card.png,27,0,1,2
900,1st플래티늄 플러스카드 (아시아나형),CRD,광주은행,https://api.card-gorilla.com:8080/storage/card/937/card_img/21606/937card.png,https://api.card-gorilla.com:8080/storage/card/937/card_img/21606/937card.png,6,0,1,7
901,신한카드 경차사랑 Life,CRD,신한카드,https://api.card-gorilla.com:8080/storage/card/938/card_img/21605/938card.png,https://api.card-gorilla.com:8080/storage/card/938/card_img/21605/938card.png,41,0,1,6
902,1st플래티늄 플러스카드 (캐시백형),CHK,광주은행,https://api.card-gorilla.com:8080/storage/card/939/card_img/21604/939card.png,https://api.card-gorilla.com:8080/storage/card/939/card_img/21604/939card.png,36,0,1,2
903,11Pay KB국민카드,CRD,국민카드,https://api.card-gorilla.com:8080/storage/card/940/card_img/21603/940card.png,https://api.card-gorilla.com:8080/storage/card/940/card_img/21603/940card.png,7,0,1,10
904,The CJ-현대카드M Edition2,CHK,현대카드,https://api.card-gorilla.com:8080/storage/card/941/card_img/21602/941card.png,https://api.card-gorilla.com:8080/storage/card/941/card_img/21602/941card.png,39,0,1,2
905,AK KB국민카드,CHK,국민카드,https://api.card-gorilla.com:8080/storage/card/942/card_img/21601/942card.png,https://api.card-gorilla.com:8080/storage/card/942/card_img/21601/942card.png,41,0,1,8
906,신한카드 The LADY CLASSIC,CHK,신한카드,https://api.card-gorilla.com:8080/storage/card/943/card_img/21612/943card.png,https://api.card-gorilla.com:8080/storage/card/943/card_img/21612/943card.png,29,0,1,2
907,불타는청춘 베테랑 신용카드,CHK,광주은행,https://api.card-gorilla.com:8080/storage/card/944/card_img/21599/944card.png,https://api.card-gorilla.com:8080/storage/card/944/card_img/21599/944card.png,33,0,1,10
908,신한카드 The CLASSIC-S,CHK,신한카드,https://api.card-gorilla.com:8080/storage/card/945/card_img/21598/945card.png,https://api.card-gorilla.com:8080/storage/card/945/card_img/21598/945card.png,37,0,1,1
909,신한카드 The CLASSIC-Lite,CHK,신한카드,https://api.card-gorilla.com:8080/storage/card/946/card_img/21597/946card.png,https://api.card-gorilla.com:8080/storage/card/946/card_img/21597/946card.png,1,0,1,2
910,멍이냥이카드,CRD,광주은행,https://api.card-gorilla.com:8080/storage/card/947/card_img/21596/947card.png,https://api.card-gorilla.com:8080/storage/card/947/card_img/21596/947card.png,37,0,1,0
911,여행스케치 아시아나클럽 플래티늄카드,CHK,광주은행,https://api.card-gorilla.com:8080/storage/card/948/card_img/21595/948card.png,https://api.card-gorilla.com:8080/storage/card/948/card_img/21595/948card.png,0,0,1,4
912,1st카드 (캐시백형),CRD,광주은행,https://api.card-gorilla.com:8080/storage/card/949/card_img/21594/949card.png,https://api.card-gorilla.com:8080/storage/card/949/card_img/21594/949card.png,18,0,1,5
913,1st카드 (포인트 적립형),CRD,광주은행,https://api.card-gorilla.com:8080/storage/card/950/card_img/21593/950card.png,https://api.card-gorilla.com:8080/storage/card/950/card_img/21593/950card.png,8,0,1,10
914,넥센타이어 우리카드,CRD,우리카드,https://api.card-gorilla.com:8080/storage/card/951/card_img/21592/951card.png,https://api.card-gorilla.com:8080/storage/card/951/card_img/21592/951card.png,11,0,1,3
915,SK Oil 400 우리카드,CHK,우리카드,https://api.card-gorilla.com:8080/storage/card/952/card_img/21591/952card.png,https://api.card-gorilla.com:8080/storage/card/952/card_img/21591/952card.png,24,0,1,10
916,마이카 우리카드,CRD,우리카드,https://api.card-gorilla.com:8080/storage/card/953/card_img/21590/953card.png,https://api.card-gorilla.com:8080/storage/card/953/card_img/21590/953card.png,35,0,1,3
917,대전광역시 승용차요일제카드,CHK,우리카드,https://api.card-gorilla.com:8080/storage/card/954/card_img/21589/954card.png,https://api.card-gorilla.com:8080/storage/card/954/card_img/21589/954card.png,0,0,1,1
918,에코마일리지 New우리V카드,CHK,우리카드,https://api.card-gorilla.com:8080/storage/card/955/card_img/21588/955card.png,https://api.card-gorilla.com:8080/storage/card/955/card_img/21588/955card.png,19,0,1,6
919,부산광역시 승용차요일제카드,CRD,우리카드,https://api.card-gorilla.com:8080/storage/card/957/card_img/21587/957card.png,https://api.card-gorilla.com:8080/storage/card/957/card_img/21587/957card.png,22,0,1,10
920,초록마을 롯데카드,CRD,롯데카드,https://api.card-gorilla.com:8080/storage/card/958/card_img/21586/958card.gif,https://api.card-gorilla.com:8080/storage/card/958/card_img/21586/958card.gif,4,0,1,5
921,현대카드M2 BLUEmembers Edition2,CRD,현대카드,https://api.card-gorilla.com:8080/storage/card/959/card_img/21585/959card.png,https://api.card-gorilla.com:8080/storage/card/959/card_img/21585/959card.png,7,0,1,5
922,큰수레비지니스내트럭건설기계카드,CRD,우리카드,https://api.card-gorilla.com:8080/storage/card/960/card_img/21584/960card.png,https://api.card-gorilla.com:8080/storage/card/960/card_img/21584/960card.png,26,0,1,3
923,현대카드M2 RED members Edition2(구 Qmembers),CHK,현대카드,https://api.card-gorilla.com:8080/storage/card/961/card_img/21583/961card.png,https://api.card-gorilla.com:8080/storage/card/961/card_img/21583/961card.png,48,0,1,7
924,현대카드M BLUEmembers Edition2,CHK,현대카드,https://api.card-gorilla.com:8080/storage/card/962/card_img/21582/962card.png,https://api.card-gorilla.com:8080/storage/card/962/card_img/21582/962card.png,23,0,1,5
925,우체국 스마트카드,CRD,국민카드,https://api.card-gorilla.com:8080/storage/card/963/card_img/21581/963card.png,https://api.card-gorilla.com:8080/storage/card/963/card_img/21581/963card.png,2,0,1,9
926,현대카드M RED MEMBERS Edition2(구 Qmembers),CHK,현대카드,https://api.card-gorilla.com:8080/storage/card/964/card_img/21580/964card.png,https://api.card-gorilla.com:8080/storage/card/964/card_img/21580/964card.png,36,0,1,7
927,NEW화물차유류구매카드(개인신용),CHK,우리카드,https://api.card-gorilla.com:8080/storage/card/965/card_img/21579/965card.png,https://api.card-gorilla.com:8080/storage/card/965/card_img/21579/965card.png,12,0,1,3
928,우체국 Biz플러스 카드,CRD,하나카드,https://api.card-gorilla.com:8080/storage/card/966/card_img/21578/966card.png,https://api.card-gorilla.com:8080/storage/card/966/card_img/21578/966card.png,1,0,1,2
929,현대카드M3 BLUEmembers Platinum,CRD,현대카드,https://api.card-gorilla.com:8080/storage/card/967/card_img/21577/967card.png,https://api.card-gorilla.com:8080/storage/card/967/card_img/21577/967card.png,21,0,1,3
930,현대카드M2 BLUEmembers Platinum (5만원),CRD,현대카드,https://api.card-gorilla.com:8080/storage/card/968/card_img/21573/968card.png,https://api.card-gorilla.com:8080/storage/card/968/card_img/21573/968card.png,18,0,1,9
931,현대카드M2 BLUEmembers Platinum (3만원),CHK,현대카드,https://api.card-gorilla.com:8080/storage/card/969/card_img/21570/969card.png,https://api.card-gorilla.com:8080/storage/card/969/card_img/21570/969card.png,19,0,1,3
932,현대카드M2 RED MEMBERS Platinum (5만원)(구 Qmembers),CRD,현대카드,https://api.card-gorilla.com:8080/storage/card/970/card_img/21566/970card.png,https://api.card-gorilla.com:8080/storage/card/970/card_img/21566/970card.png,3,0,1,0
933,현대카드M2 RED MEMBERS Platinum (3만원)(구 Qmembers),CHK,현대카드,https://api.card-gorilla.com:8080/storage/card/971/card_img/21565/971card.png,https://api.card-gorilla.com:8080/storage/card/971/card_img/21565/971card.png,43,0,1,8
934,캐시백 플러스 카드(온라인+해외),CRD,롯데카드,https://api.card-gorilla.com:8080/storage/card/972/card_img/21564/972card.png,https://api.card-gorilla.com:8080/storage/card/972/card_img/21564/972card.png,32,0,1,9
935,우체국 카드의정석 POINT,CRD,우리카드,https://api.card-gorilla.com:8080/storage/card/973/card_img/21563/973card.png,https://api.card-gorilla.com:8080/storage/card/973/card_img/21563/973card.png,39,0,1,4
936,우체국 카드의정석 SHOPPING,CHK,우리카드,https://api.card-gorilla.com:8080/storage/card/974/card_img/21562/974card.png,https://api.card-gorilla.com:8080/storage/card/974/card_img/21562/974card.png,2,0,1,0
937,우체국 하나로 전자카드,CHK,우체국,https://api.card-gorilla.com:8080/storage/card/975/card_img/21561/975card.png,https://api.card-gorilla.com:8080/storage/card/975/card_img/21561/975card.png,33,0,1,1
938,우체국 드림플러스 아시아나 하이브리드카드,CHK,우체국,https://api.card-gorilla.com:8080/storage/card/976/card_img/21560/976card.png,https://api.card-gorilla.com:8080/storage/card/976/card_img/21560/976card.png,48,0,1,8
939,우체국 어디서나 하이브리드 체크카드,CHK,우체국,https://api.card-gorilla.com:8080/storage/card/977/card_img/21559/977card.png,https://api.card-gorilla.com:8080/storage/card/977/card_img/21559/977card.png,38,0,1,9
940,행복한 하이브리드 체크카드,CRD,우체국,https://api.card-gorilla.com:8080/storage/card/978/card_img/21558/978card.png,https://api.card-gorilla.com:8080/storage/card/978/card_img/21558/978card.png,0,0,1,8
941,다드림 하이브리드 체크카드,CRD,우체국,https://api.card-gorilla.com:8080/storage/card/979/card_img/21557/979card.png,https://api.card-gorilla.com:8080/storage/card/979/card_img/21557/979card.png,46,0,1,6
942,우체국 나눔 체크카드,CHK,우체국,https://api.card-gorilla.com:8080/storage/card/980/card_img/21556/980card.png,https://api.card-gorilla.com:8080/storage/card/980/card_img/21556/980card.png,13,0,1,8
943,우체국 국민행복 체크카드,CRD,우체국,https://api.card-gorilla.com:8080/storage/card/981/card_img/21555/981card.png,https://api.card-gorilla.com:8080/storage/card/981/card_img/21555/981card.png,19,0,1,10
944,1st플래티늄카드 (포인트적립형),CRD,광주은행,https://api.card-gorilla.com:8080/storage/card/982/card_img/21554/982card.png,https://api.card-gorilla.com:8080/storage/card/982/card_img/21554/982card.png,29,0,1,1
945,1st플래티늄카드 (캐시백형),CHK,광주은행,https://api.card-gorilla.com:8080/storage/card/983/card_img/21553/983card.png,https://api.card-gorilla.com:8080/storage/card/983/card_img/21553/983card.png,39,0,1,0
946,부자되세요 The Oil카드,CRD,광주은행,https://api.card-gorilla.com:8080/storage/card/984/card_img/21552/984card.png,https://api.card-gorilla.com:8080/storage/card/984/card_img/21552/984card.png,24,0,1,5
947,광주·전남愛사랑카드,CRD,광주은행,https://api.card-gorilla.com:8080/storage/card/985/card_img/21550/985card.png,https://api.card-gorilla.com:8080/storage/card/985/card_img/21550/985card.png,36,0,1,8
948,광주·전남愛사랑플래티늄카드,CHK,광주은행,https://api.card-gorilla.com:8080/storage/card/986/card_img/21549/986card.png,https://api.card-gorilla.com:8080/storage/card/986/card_img/21549/986card.png,41,0,1,6
949,신협-현대카드M Edition2,CRD,현대카드,https://api.card-gorilla.com:8080/storage/card/987/card_img/21548/987card.png,https://api.card-gorilla.com:8080/storage/card/987/card_img/21548/987card.png,49,0,1,0
950,신협-현대카드M2 Edition2,CRD,현대카드,https://api.card-gorilla.com:8080/storage/card/988/card_img/21547/988card.png,https://api.card-gorilla.com:8080/storage/card/988/card_img/21547/988card.png,7,0,1,3
951,신협-현대카드 ZERO,CHK,현대카드,https://api.card-gorilla.com:8080/storage/card/989/card_img/21546/989card.png,https://api.card-gorilla.com:8080/storage/card/989/card_img/21546/989card.png,26,0,1,9
952,신협-현대카드 MY BUSINESS M Edition2,CHK,현대카드,https://api.card-gorilla.com:8080/storage/card/990/card_img/21545/990card.png,https://api.card-gorilla.com:8080/storage/card/990/card_img/21545/990card.png,40,0,1,4
953,신한카드 The BEST-T,CHK,신한카드,https://api.card-gorilla.com:8080/storage/card/991/card_img/21544/991card.png,https://api.card-gorilla.com:8080/storage/card/991/card_img/21544/991card.png,1,0,1,4
954,산림조합-현대카드M Edition2,CRD,현대카드,https://api.card-gorilla.com:8080/storage/card/992/card_img/21543/992card.png,https://api.card-gorilla.com:8080/storage/card/992/card_img/21543/992card.png,5,0,1,5
955,신한카드 The BEST+,CRD,신한카드,https://api.card-gorilla.com:8080/storage/card/993/card_img/21542/993card.png,https://api.card-gorilla.com:8080/storage/card/993/card_img/21542/993card.png,36,0,1,7
956,신한카드 The ACE BLUE LABEL,CRD,신한카드,https://api.card-gorilla.com:8080/storage/card/994/card_img/21541/994card.png,https://api.card-gorilla.com:8080/storage/card/994/card_img/21541/994card.png,12,0,1,9
957,나주사랑 신한카드 S-Choice(선택형) 체크,CHK,신한카드,https://api.card-gorilla.com:8080/storage/card/995/card_img/21540/995card.png,https://api.card-gorilla.com:8080/storage/card/995/card_img/21540/995card.png,34,0,1,2
958,신한카드 Ownership,CRD,신한카드,https://api.card-gorilla.com:8080/storage/card/996/card_img/21539/996card.png,https://api.card-gorilla.com:8080/storage/card/996/card_img/21539/996card.png,40,0,1,3
959,산림조합-현대카드M2 Edition2,CRD,현대카드,https://api.card-gorilla.com:8080/storage/card/997/card_img/21538/997card.png,https://api.card-gorilla.com:8080/storage/card/997/card_img/21538/997card.png,33,0,1,9
960,산림조합-현대카드ZERO,CRD,현대카드,https://api.card-gorilla.com:8080/storage/card/998/card_img/21537/998card.png,https://api.card-gorilla.com:8080/storage/card/998/card_img/21537/998card.png,50,0,1,9
961,현대카드 MY BUSINESS ZERO MOBILE(포인트형),CHK,현대카드,https://api.card-gorilla.com:8080/storage/card/999/card_img/21536/999card.png,https://api.card-gorilla.com:8080/storage/card/999/card_img/21536/999card.png,23,0,1,10
962,현대카드 MY BUSINESS ZERO(포인트형),CRD,현대카드,https://api.card-gorilla.com:8080/storage/card/1000/card_img/21535/1000card.png,https://api.card-gorilla.com:8080/storage/card/1000/card_img/21535/1000card.png,7,0,1,3
963,현대카드 MY BUSINESS M3 Edition2,CHK,현대카드,https://api.card-gorilla.com:8080/storage/card/1001/card_img/21534/1001card.png,https://api.card-gorilla.com:8080/storage/card/1001/card_img/21534/1001card.png,46,0,1,0
964,Mobile x LOCA 롯데카드,CRD,롯데카드,https://api.card-gorilla.com:8080/storage/card/1002/card_img/21533/1002card.png,https://api.card-gorilla.com:8080/storage/card/1002/card_img/21533/1002card.png,14,0,1,3
965,신한카드 Love Platinum#,CRD,신한카드,https://api.card-gorilla.com:8080/storage/card/1003/card_img/21532/1003card.png,https://api.card-gorilla.com:8080/storage/card/1003/card_img/21532/1003card.png,15,0,1,6
966,다이아몬드 (Diamond) 카드,CHK,롯데카드,https://api.card-gorilla.com:8080/storage/card/1004/card_img/21531/1004card.png,https://api.card-gorilla.com:8080/storage/card/1004/card_img/21531/1004card.png,8,0,1,5
967,대교리브로 롯데카드,CHK,롯데카드,https://api.card-gorilla.com:8080/storage/card/1005/card_img/21530/1005card.jpg,https://api.card-gorilla.com:8080/storage/card/1005/card_img/21530/1005card.jpg,9,0,1,3
968,신한카드 LABE,CRD,신한카드,https://api.card-gorilla.com:8080/storage/card/1006/card_img/21529/1006card.png,https://api.card-gorilla.com:8080/storage/card/1006/card_img/21529/1006card.png,31,0,1,8
969,Clip카드,CRD,국민카드,https://api.card-gorilla.com:8080/storage/card/1007/card_img/21528/1007card.png,https://api.card-gorilla.com:8080/storage/card/1007/card_img/21528/1007card.png,27,0,1,0
970,대신 CMA 롯데DC플러스 카드,CRD,롯데카드,https://api.card-gorilla.com:8080/storage/card/1008/card_img/21527/1008card.jpg,https://api.card-gorilla.com:8080/storage/card/1008/card_img/21527/1008card.jpg,42,0,1,2
971,MY RENTAL 롯데카드,CHK,롯데카드,https://api.card-gorilla.com:8080/storage/card/1009/card_img/21526/1009card.png,https://api.card-gorilla.com:8080/storage/card/1009/card_img/21526/1009card.png,7,0,1,4
972,EVO 티타늄카드,CRD,국민카드,https://api.card-gorilla.com:8080/storage/card/1010/card_img/21525/1010card.png,https://api.card-gorilla.com:8080/storage/card/1010/card_img/21525/1010card.png,43,0,1,2
973,OIL KING SK 롯데카드,CRD,롯데카드,https://api.card-gorilla.com:8080/storage/card/1011/card_img/21524/1011card.png,https://api.card-gorilla.com:8080/storage/card/1011/card_img/21524/1011card.png,5,0,1,8
974,신한카드 Hi-Point MyShop PLATINUM#,CRD,신한카드,https://api.card-gorilla.com:8080/storage/card/1012/card_img/21523/1012card.png,https://api.card-gorilla.com:8080/storage/card/1012/card_img/21523/1012card.png,39,0,1,4
975,신한카드 Hi-Point MyShop,CRD,신한카드,https://api.card-gorilla.com:8080/storage/card/1013/card_img/21522/1013card.png,https://api.card-gorilla.com:8080/storage/card/1013/card_img/21522/1013card.png,16,0,1,7
976,olleh 롯데 삼삼한 체크카드,CHK,롯데카드,https://api.card-gorilla.com:8080/storage/card/1014/card_img/21521/1014card.jpg,https://api.card-gorilla.com:8080/storage/card/1014/card_img/21521/1014card.jpg,4,0,1,5
977,신한카드 EV,CRD,신한카드,https://api.card-gorilla.com:8080/storage/card/1015/card_img/21520/1015card.png,https://api.card-gorilla.com:8080/storage/card/1015/card_img/21520/1015card.png,44,0,1,3
978,OPTIN 플래티넘 카드,CRD,롯데카드,https://api.card-gorilla.com:8080/storage/card/1016/card_img/21519/1016card.png,https://api.card-gorilla.com:8080/storage/card/1016/card_img/21519/1016card.png,21,0,1,10
979,신세계 신한카드 SKYPASS / Asiana Club,CRD,신한카드,https://api.card-gorilla.com:8080/storage/card/1017/card_img/21518/1017card.png,https://api.card-gorilla.com:8080/storage/card/1017/card_img/21518/1017card.png,26,0,1,5
980,리디 신한카드,CRD,신한카드,https://api.card-gorilla.com:8080/storage/card/1018/card_img/21517/1018card.png,https://api.card-gorilla.com:8080/storage/card/1018/card_img/21517/1018card.png,22,0,1,4
981,더본 신한카드,CHK,신한카드,https://api.card-gorilla.com:8080/storage/card/1019/card_img/21516/1019card.png,https://api.card-gorilla.com:8080/storage/card/1019/card_img/21516/1019card.png,47,0,1,7
982,노란우산 신한카드,CHK,신한카드,https://api.card-gorilla.com:8080/storage/card/1020/card_img/21515/1020card.png,https://api.card-gorilla.com:8080/storage/card/1020/card_img/21515/1020card.png,9,0,1,3
983,롯데면세점 롯데 아멕스카드,CRD,롯데카드,https://api.card-gorilla.com:8080/storage/card/1021/card_img/21514/1021card.jpg,https://api.card-gorilla.com:8080/storage/card/1021/card_img/21514/1021card.jpg,29,0,1,3
984,현대카드 MY BUSINESS M2 Edition2,CHK,현대카드,https://api.card-gorilla.com:8080/storage/card/1022/card_img/21513/1022card.png,https://api.card-gorilla.com:8080/storage/card/1022/card_img/21513/1022card.png,15,0,1,8
985,대신 CMA 롯데체크카드,CHK,롯데카드,https://api.card-gorilla.com:8080/storage/card/1023/card_img/21512/1023card.jpg,https://api.card-gorilla.com:8080/storage/card/1023/card_img/21512/1023card.jpg,33,0,1,5
986,대신 CMA 롯데포인트플러스 카드,CRD,롯데카드,https://api.card-gorilla.com:8080/storage/card/1024/card_img/21511/1024card.jpg,https://api.card-gorilla.com:8080/storage/card/1024/card_img/21511/1024card.jpg,49,0,1,6
987,현대카드 MY BUSINESS M Edition2,CHK,현대카드,https://api.card-gorilla.com:8080/storage/card/1025/card_img/21510/1025card.png,https://api.card-gorilla.com:8080/storage/card/1025/card_img/21510/1025card.png,5,0,1,6
988,현대카드 MY BUSINESS ZERO MOBILE(할인형),CHK,현대카드,https://api.card-gorilla.com:8080/storage/card/1026/card_img/21509/1026card.png,https://api.card-gorilla.com:8080/storage/card/1026/card_img/21509/1026card.png,10,0,1,2
989,대신증권 꼬박꼬박 롯데카드,CRD,롯데카드,https://api.card-gorilla.com:8080/storage/card/1027/card_img/21508/1027card.jpg,https://api.card-gorilla.com:8080/storage/card/1027/card_img/21508/1027card.jpg,6,0,1,2
990,현대카드 MY BUSINESS ZERO(할인형),CHK,현대카드,https://api.card-gorilla.com:8080/storage/card/1028/card_img/21507/1028card.png,https://api.card-gorilla.com:8080/storage/card/1028/card_img/21507/1028card.png,13,0,1,7
991,현대카드 MY BUSINESS X3 Edition2,CRD,현대카드,https://api.card-gorilla.com:8080/storage/card/1029/card_img/21506/1029card.png,https://api.card-gorilla.com:8080/storage/card/1029/card_img/21506/1029card.png,34,0,1,8
992,현대카드 MY BUSINESS X2 Edition2,CHK,현대카드,https://api.card-gorilla.com:8080/storage/card/1030/card_img/21505/1030card.png,https://api.card-gorilla.com:8080/storage/card/1030/card_img/21505/1030card.png,41,0,1,4
993,현대카드 MY BUSINESS X Edition2,CRD,현대카드,https://api.card-gorilla.com:8080/storage/card/1031/card_img/21504/1031card.png,https://api.card-gorilla.com:8080/storage/card/1031/card_img/21504/1031card.png,19,0,1,4
994,후불하이패스 카드,CRD,하나카드,https://api.card-gorilla.com:8080/storage/card/1032/card_img/21503/1032card.png,https://api.card-gorilla.com:8080/storage/card/1032/card_img/21503/1032card.png,0,0,1,0
995,현대렌탈서비스 하나카드,CHK,하나카드,https://api.card-gorilla.com:8080/storage/card/1033/card_img/21502/1033card.png,https://api.card-gorilla.com:8080/storage/card/1033/card_img/21502/1033card.png,21,0,1,0
996,SB롯데카드,CHK,롯데카드,https://api.card-gorilla.com:8080/storage/card/1034/card_img/21501/1034card.jpg,https://api.card-gorilla.com:8080/storage/card/1034/card_img/21501/1034card.jpg,39,0,1,6
997,한화손해보험 카드,CRD,하나카드,https://api.card-gorilla.com:8080/storage/card/1035/card_img/21500/1035card.png,https://api.card-gorilla.com:8080/storage/card/1035/card_img/21500/1035card.png,43,0,1,2
998,캐시비 롯데카드,CHK,롯데카드,https://api.card-gorilla.com:8080/storage/card/1036/card_img/21499/1036card.jpg,https://api.card-gorilla.com:8080/storage/card/1036/card_img/21499/1036card.jpg,8,0,1,4
999,하나멤버스 1Q Hit1 카드,CRD,하나카드,https://api.card-gorilla.com:8080/storage/card/1037/card_img/21498/1037card.png,https://api.card-gorilla.com:8080/storage/card/1037/card_img/21498/1037card.png,14,0,1,10
1000,SK 드라이빙패스 롯데카드,CHK,롯데카드,https://api.card-gorilla.com:8080/storage/card/1038/card_img/21497/1038card.jpg,https://api.card-gorilla.com:8080/storage/card/1038/card_img/21497/1038card.jpg,49,0,1,7
1001,카카오페이 체크카드,CRD,광주은행,https://api.card-gorilla.com:8080/storage/card/1039/card_img/21496/1039card.png,https://api.card-gorilla.com:8080/storage/card/1039/card_img/21496/1039card.png,42,0,1,3
1002,컬쳐랜드 롯데카드,CHK,롯데카드,https://api.card-gorilla.com:8080/storage/card/1040/card_img/21495/1040card.gif,https://api.card-gorilla.com:8080/storage/card/1040/card_img/21495/1040card.gif,1,0,1,5
1003,하나멤버스 1Q(원큐) 카드 Special,CHK,하나카드,https://api.card-gorilla.com:8080/storage/card/1041/card_img/21494/1041card.png,https://api.card-gorilla.com:8080/storage/card/1041/card_img/21494/1041card.png,28,0,1,4
1004,SK롯데 체크카드,CHK,롯데카드,https://api.card-gorilla.com:8080/storage/card/1042/card_img/21493/1042card.jpg,https://api.card-gorilla.com:8080/storage/card/1042/card_img/21493/1042card.jpg,28,0,1,3
1005,불타는청춘 베테랑 체크카드,CHK,광주은행,https://api.card-gorilla.com:8080/storage/card/1043/card_img/21492/1043card.png,https://api.card-gorilla.com:8080/storage/card/1043/card_img/21492/1043card.png,8,0,1,9
1006,코리아패스 체크카드,CRD,롯데카드,https://api.card-gorilla.com:8080/storage/card/1044/card_img/21491/1044card.jpg,https://api.card-gorilla.com:8080/storage/card/1044/card_img/21491/1044card.jpg,6,0,1,10
1007,멍이냥이 체크카드,CRD,광주은행,https://api.card-gorilla.com:8080/storage/card/1045/card_img/21490/1045card.png,https://api.card-gorilla.com:8080/storage/card/1045/card_img/21490/1045card.png,34,0,1,10
1008,여행스케치 아시아나클럽 체크카드,CHK,광주은행,https://api.card-gorilla.com:8080/storage/card/1046/card_img/21489/1046card.png,https://api.card-gorilla.com:8080/storage/card/1046/card_img/21489/1046card.png,23,0,1,0
1009,SUPER PLUS 체크카드,CRD,롯데카드,https://api.card-gorilla.com:8080/storage/card/1047/card_img/21488/1047card.jpg,https://api.card-gorilla.com:8080/storage/card/1047/card_img/21488/1047card.jpg,4,0,1,0
1010,코리아패스 카드,CRD,롯데카드,https://api.card-gorilla.com:8080/storage/card/1048/card_img/21487/1048card.jpg,https://api.card-gorilla.com:8080/storage/card/1048/card_img/21487/1048card.jpg,23,0,1,3
1011,모두투어 투어마일리지 롯데카드,CRD,롯데카드,https://api.card-gorilla.com:8080/storage/card/1049/card_img/21486/1049card.jpg,https://api.card-gorilla.com:8080/storage/card/1049/card_img/21486/1049card.jpg,10,0,1,5
1012,K-CHECK 카드,CRD,광주은행,https://api.card-gorilla.com:8080/storage/card/1050/card_img/21485/1050card.png,https://api.card-gorilla.com:8080/storage/card/1050/card_img/21485/1050card.png,3,0,1,7
1013,롯데손해보험 롯데카드,CRD,롯데카드,https://api.card-gorilla.com:8080/storage/card/1051/card_img/21484/1051card.png,https://api.card-gorilla.com:8080/storage/card/1051/card_img/21484/1051card.png,28,0,1,10
1014,코코몽 롯데카드,CHK,롯데카드,https://api.card-gorilla.com:8080/storage/card/1052/card_img/21483/1052card.png,https://api.card-gorilla.com:8080/storage/card/1052/card_img/21483/1052card.png,38,0,1,9
1015,The CJ 롯데카드,CHK,롯데카드,https://api.card-gorilla.com:8080/storage/card/1053/card_img/21482/1053card.png,https://api.card-gorilla.com:8080/storage/card/1053/card_img/21482/1053card.png,3,0,1,9
1016,대한적십자사 Give1004 롯데카드,CRD,롯데카드,https://api.card-gorilla.com:8080/storage/card/1054/card_img/21481/1054card.jpg,https://api.card-gorilla.com:8080/storage/card/1054/card_img/21481/1054card.jpg,44,0,1,6
1017,우체국 하이브리드 여행 체크카드,CRD,우체국,https://api.card-gorilla.com:8080/storage/card/1055/card_img/21480/1055card.png,https://api.card-gorilla.com:8080/storage/card/1055/card_img/21480/1055card.png,41,0,1,0
1018,쿠첸 프리미엄 롯데카드,CRD,롯데카드,https://api.card-gorilla.com:8080/storage/card/1056/card_img/21479/1056card.jpg,https://api.card-gorilla.com:8080/storage/card/1056/card_img/21479/1056card.jpg,12,0,1,8
1019,쿠쿠전자 렌탈 Free 롯데카드,CRD,롯데카드,https://api.card-gorilla.com:8080/storage/card/1057/card_img/21478/1057card.png,https://api.card-gorilla.com:8080/storage/card/1057/card_img/21478/1057card.png,17,0,1,3
1020,롯데영플 체크카드,CRD,롯데카드,https://api.card-gorilla.com:8080/storage/card/1058/card_img/21477/1058card.jpg,https://api.card-gorilla.com:8080/storage/card/1058/card_img/21477/1058card.jpg,25,0,1,5
1021,에듀카 롯데카드,CRD,롯데카드,https://api.card-gorilla.com:8080/storage/card/1059/card_img/21476/1059card.jpg,https://api.card-gorilla.com:8080/storage/card/1059/card_img/21476/1059card.jpg,37,0,1,7
1022,큐니걸스 롯데포인트플러스 카드,CHK,롯데카드,https://api.card-gorilla.com:8080/storage/card/1060/card_img/21475/1060card.jpg,https://api.card-gorilla.com:8080/storage/card/1060/card_img/21475/1060card.jpg,44,0,1,0
1023,Real? Real! 2 카드,CHK,Sh수협은행,https://api.card-gorilla.com:8080/storage/card/1061/card_img/21474/1061card.png,https://api.card-gorilla.com:8080/storage/card/1061/card_img/21474/1061card.png,41,0,1,1
1024,롯데월드 롯데카드,CHK,롯데카드,https://api.card-gorilla.com:8080/storage/card/1062/card_img/21473/1062card.jpg,https://api.card-gorilla.com:8080/storage/card/1062/card_img/21473/1062card.jpg,25,0,1,0
1025,VIC마켓 롯데카드,CRD,롯데카드,https://api.card-gorilla.com:8080/storage/card/1063/card_img/21472/1063card.jpg,https://api.card-gorilla.com:8080/storage/card/1063/card_img/21472/1063card.jpg,29,0,1,0
1026,미니골드 롯데카드,CRD,롯데카드,https://api.card-gorilla.com:8080/storage/card/1065/card_img/21471/1065card.jpg,https://api.card-gorilla.com:8080/storage/card/1065/card_img/21471/1065card.jpg,7,0,1,9
1027,키자니아 롯데카드,CRD,롯데카드,https://api.card-gorilla.com:8080/storage/card/1066/card_img/21470/1066card.jpg,https://api.card-gorilla.com:8080/storage/card/1066/card_img/21470/1066card.jpg,36,0,1,6
1028,태평백화점 롯데카드,CHK,롯데카드,https://api.card-gorilla.com:8080/storage/card/1067/card_img/21469/1067card.jpg,https://api.card-gorilla.com:8080/storage/card/1067/card_img/21469/1067card.jpg,47,0,1,0
1029,트래블패스 비즈니스 카드,CRD,롯데카드,https://api.card-gorilla.com:8080/storage/card/1068/card_img/21468/1068card.jpg,https://api.card-gorilla.com:8080/storage/card/1068/card_img/21468/1068card.jpg,14,0,1,5
1030,위비마일(SKYPASS),CHK,우리카드,https://api.card-gorilla.com:8080/storage/card/1070/card_img/21467/1070card.png,https://api.card-gorilla.com:8080/storage/card/1070/card_img/21467/1070card.png,4,0,1,4
1031,휘닉스 우리V카드,CRD,우리카드,https://api.card-gorilla.com:8080/storage/card/1071/card_img/21466/1071card.png,https://api.card-gorilla.com:8080/storage/card/1071/card_img/21466/1071card.png,33,0,1,5
1032,하나멤버스 1Q(원큐) 카드 Pay,CRD,하나카드,https://api.card-gorilla.com:8080/storage/card/1072/card_img/21465/1072card.png,https://api.card-gorilla.com:8080/storage/card/1072/card_img/21465/1072card.png,6,0,1,3
1033,KT 카드의정석 SUPER DC Ⅱ,CHK,우리카드,https://api.card-gorilla.com:8080/storage/card/1073/card_img/21464/1073card.png,https://api.card-gorilla.com:8080/storage/card/1073/card_img/21464/1073card.png,15,0,1,7
1034,하나멤버스 1Q(원큐) 카드 Business,CHK,하나카드,https://api.card-gorilla.com:8080/storage/card/1074/card_img/21463/1074card.png,https://api.card-gorilla.com:8080/storage/card/1074/card_img/21463/1074card.png,10,0,1,8
1035,KB국민 MyBiz 기업체크카드,CHK,국민카드,https://api.card-gorilla.com:8080/storage/card/1075/card_img/21462/1075card.png,https://api.card-gorilla.com:8080/storage/card/1075/card_img/21462/1075card.png,22,0,1,0
1036,iMBC 롯데카드,CHK,롯데카드,https://api.card-gorilla.com:8080/storage/card/1076/card_img/21461/1076card.jpg,https://api.card-gorilla.com:8080/storage/card/1076/card_img/21461/1076card.jpg,28,0,1,7
1037,KB국민 그린기업카드,CHK,국민카드,https://api.card-gorilla.com:8080/storage/card/1077/card_img/21460/1077card.png,https://api.card-gorilla.com:8080/storage/card/1077/card_img/21460/1077card.png,35,0,1,7
1038,IMI 롯데카드,CRD,롯데카드,https://api.card-gorilla.com:8080/storage/card/1078/card_img/21459/1078card.jpg,https://api.card-gorilla.com:8080/storage/card/1078/card_img/21459/1078card.jpg,12,0,1,1
1039,JTBC Golf 롯데카드,CRD,롯데카드,https://api.card-gorilla.com:8080/storage/card/1079/card_img/21458/1079card.jpg,https://api.card-gorilla.com:8080/storage/card/1079/card_img/21458/1079card.jpg,12,0,1,9
1040,JTN 롯데카드,CRD,롯데카드,https://api.card-gorilla.com:8080/storage/card/1080/card_img/21457/1080card.jpg,https://api.card-gorilla.com:8080/storage/card/1080/card_img/21457/1080card.jpg,11,0,1,10
1041,KB캐피탈 롯데포인트플러스 카드,CRD,롯데카드,https://api.card-gorilla.com:8080/storage/card/1081/card_img/21456/1081card.jpg,https://api.card-gorilla.com:8080/storage/card/1081/card_img/21456/1081card.jpg,22,0,1,8
1042,하나멤버스 1Q(원큐) 카드 ALL in,CRD,하나카드,https://api.card-gorilla.com:8080/storage/card/1082/card_img/21455/1082card.png,https://api.card-gorilla.com:8080/storage/card/1082/card_img/21455/1082card.png,35,0,1,2
1043,하나멤버스 1Q(원큐) Play1 (플레이원) 카드,CRD,하나카드,https://api.card-gorilla.com:8080/storage/card/1083/card_img/21343/1083card.png,https://api.card-gorilla.com:8080/storage/card/1083/card_img/21343/1083card.png,43,0,1,0
1044,KDB다이렉트보험 P+410 롯데카드,CHK,롯데카드,https://api.card-gorilla.com:8080/storage/card/1084/card_img/21341/1084card.jpg,https://api.card-gorilla.com:8080/storage/card/1084/card_img/21341/1084card.jpg,33,0,1,3
1045,우체국 후불 하이패스 카드,CHK,우체국,https://api.card-gorilla.com:8080/storage/card/1085/card_img/21339/1085card.png,https://api.card-gorilla.com:8080/storage/card/1085/card_img/21339/1085card.png,38,0,1,10
1046,KDB롯데체크카드,CHK,롯데카드,https://api.card-gorilla.com:8080/storage/card/1086/card_img/21338/1086card.jpg,https://api.card-gorilla.com:8080/storage/card/1086/card_img/21338/1086card.jpg,27,0,1,0
1047,KT 클립 Super 스마트 롯데카드,CRD,롯데카드,https://api.card-gorilla.com:8080/storage/card/1087/card_img/21337/1087card.png,https://api.card-gorilla.com:8080/storage/card/1087/card_img/21337/1087card.png,5,0,1,2
1048,KTF 멤버스 롯데카드,CRD,롯데카드,https://api.card-gorilla.com:8080/storage/card/1088/card_img/21336/1088card.jpg,https://api.card-gorilla.com:8080/storage/card/1088/card_img/21336/1088card.jpg,39,0,1,1
1049,LG전자 베스트샵 롯데카드,CRD,롯데카드,https://api.card-gorilla.com:8080/storage/card/1089/card_img/21335/1089card.png,https://api.card-gorilla.com:8080/storage/card/1089/card_img/21335/1089card.png,48,0,1,2
1050,LG전자 베스트샵 멤버십 롯데카드,CHK,롯데카드,https://api.card-gorilla.com:8080/storage/card/1090/card_img/21334/1090card.png,https://api.card-gorilla.com:8080/storage/card/1090/card_img/21334/1090card.png,0,0,1,2
1051,LG패션 롯데카드,CRD,롯데카드,https://api.card-gorilla.com:8080/storage/card/1091/card_img/21333/1091card.jpg,https://api.card-gorilla.com:8080/storage/card/1091/card_img/21333/1091card.jpg,37,0,1,0
1052,MG손해보험 롯데카드,CRD,롯데카드,https://api.card-gorilla.com:8080/storage/card/1092/card_img/21332/1092card.jpg,https://api.card-gorilla.com:8080/storage/card/1092/card_img/21332/1092card.jpg,27,0,1,0
1053,New 위메프 롯데카드,CHK,롯데카드,https://api.card-gorilla.com:8080/storage/card/1093/card_img/21331/1093card.jpg,https://api.card-gorilla.com:8080/storage/card/1093/card_img/21331/1093card.jpg,31,0,1,1
1054,NRC롯데카드,CHK,롯데카드,https://api.card-gorilla.com:8080/storage/card/1094/card_img/21330/1094card.jpg,https://api.card-gorilla.com:8080/storage/card/1094/card_img/21330/1094card.jpg,30,0,1,0
1055,NRC프리미엄롯데카드,CRD,롯데카드,https://api.card-gorilla.com:8080/storage/card/1095/card_img/21329/1095card.jpg,https://api.card-gorilla.com:8080/storage/card/1095/card_img/21329/1095card.jpg,1,0,1,6
1056,OK Cashbag 롯데카드,CHK,롯데카드,https://api.card-gorilla.com:8080/storage/card/1096/card_img/21319/1096card.jpg,https://api.card-gorilla.com:8080/storage/card/1096/card_img/21319/1096card.jpg,49,0,1,10
1057,SBS골프 롯데카드,CHK,롯데카드,https://api.card-gorilla.com:8080/storage/card/1097/card_img/21318/1097card.jpg,https://api.card-gorilla.com:8080/storage/card/1097/card_img/21318/1097card.jpg,39,0,1,9
1058,NH농협증권 롯데체크카드,CHK,롯데카드,https://api.card-gorilla.com:8080/storage/card/1098/card_img/21316/1098card.jpg,https://api.card-gorilla.com:8080/storage/card/1098/card_img/21316/1098card.jpg,17,0,1,0
1059,Oh! point 롯데 포인트플러스 체크카드,CRD,롯데카드,https://api.card-gorilla.com:8080/storage/card/1099/card_img/21315/1099card.jpg,https://api.card-gorilla.com:8080/storage/card/1099/card_img/21315/1099card.jpg,11,0,1,9
1060,Olleh Super DC 롯데카드,CRD,롯데카드,https://api.card-gorilla.com:8080/storage/card/1100/card_img/21311/1100card.jpg,https://api.card-gorilla.com:8080/storage/card/1100/card_img/21311/1100card.jpg,49,0,1,7
1061,Olleh Super Save 롯데카드,CRD,롯데카드,https://api.card-gorilla.com:8080/storage/card/1101/card_img/21310/1101card.jpg,https://api.card-gorilla.com:8080/storage/card/1101/card_img/21310/1101card.jpg,32,0,1,0
1062,Olleh 스마트세이브 롯데카드,CHK,롯데카드,https://api.card-gorilla.com:8080/storage/card/1102/card_img/21309/1102card.jpg,https://api.card-gorilla.com:8080/storage/card/1102/card_img/21309/1102card.jpg,19,0,1,9
1063,olleh-롯데카드,CHK,롯데카드,https://api.card-gorilla.com:8080/storage/card/1103/card_img/21308/1103card.jpg,https://api.card-gorilla.com:8080/storage/card/1103/card_img/21308/1103card.jpg,47,0,1,6
1064,PAT/NEPA/ELLE GOLF 롯데카드,CRD,롯데카드,https://api.card-gorilla.com:8080/storage/card/1104/card_img/21301/1104card.jpg,https://api.card-gorilla.com:8080/storage/card/1104/card_img/21301/1104card.jpg,25,0,1,4
1065,ROTC중앙회 롯데체크카드,CHK,롯데카드,https://api.card-gorilla.com:8080/storage/card/1105/card_img/21300/1105card.jpg,https://api.card-gorilla.com:8080/storage/card/1105/card_img/21300/1105card.jpg,30,0,1,3
1066,ROTC중앙회 멤버십 롯데VEEX 카드,CHK,롯데카드,https://api.card-gorilla.com:8080/storage/card/1106/card_img/21299/1106card.jpg,https://api.card-gorilla.com:8080/storage/card/1106/card_img/21299/1106card.jpg,5,0,1,0
1067,SK스마트 롯데카드,CRD,롯데카드,https://api.card-gorilla.com:8080/storage/card/1107/card_img/21298/1107card.jpg,https://api.card-gorilla.com:8080/storage/card/1107/card_img/21298/1107card.jpg,48,0,1,4
1068,SUPER PLUS 카드,CHK,롯데카드,https://api.card-gorilla.com:8080/storage/card/1108/card_img/21297/1108card.jpg,https://api.card-gorilla.com:8080/storage/card/1108/card_img/21297/1108card.jpg,17,0,1,0
1069,S-OIL보너스 롯데카드,CHK,롯데카드,https://api.card-gorilla.com:8080/storage/card/1109/card_img/21296/1109card.jpg,https://api.card-gorilla.com:8080/storage/card/1109/card_img/21296/1109card.jpg,13,0,1,1
1070,TGIF 롯데카드,CRD,롯데카드,https://api.card-gorilla.com:8080/storage/card/1110/card_img/21295/1110card.jpg,https://api.card-gorilla.com:8080/storage/card/1110/card_img/21295/1110card.jpg,12,0,1,6
1071,SKYPASS 롯데카드,CHK,롯데카드,https://api.card-gorilla.com:8080/storage/card/1111/card_img/21294/1111card.png,https://api.card-gorilla.com:8080/storage/card/1111/card_img/21294/1111card.png,21,0,1,3
1072,(사)한국청소년진흥협회 롯데카드 아임조이풀,CRD,롯데카드,https://api.card-gorilla.com:8080/storage/card/1112/card_img/21293/1112card.png,https://api.card-gorilla.com:8080/storage/card/1112/card_img/21293/1112card.png,15,0,1,0
1073,11번가 ShoppingMaster 롯데카드,CHK,롯데카드,https://api.card-gorilla.com:8080/storage/card/1113/card_img/21292/1113card.jpg,https://api.card-gorilla.com:8080/storage/card/1113/card_img/21292/1113card.jpg,25,0,1,7
1074,11번가 쇼핑마스터 롯데체크카드,CHK,롯데카드,https://api.card-gorilla.com:8080/storage/card/1114/card_img/21291/1114card.jpg,https://api.card-gorilla.com:8080/storage/card/1114/card_img/21291/1114card.jpg,12,0,1,6
1075,Smart 렌탈 대림케어 롯데카드,CRD,롯데카드,https://api.card-gorilla.com:8080/storage/card/1115/card_img/21290/1115card.png,https://api.card-gorilla.com:8080/storage/card/1115/card_img/21290/1115card.png,18,0,1,2
1076,ABC마트 롯데카드,CHK,롯데카드,https://api.card-gorilla.com:8080/storage/card/1116/card_img/21289/1116card.jpg,https://api.card-gorilla.com:8080/storage/card/1116/card_img/21289/1116card.jpg,32,0,1,4
1077,ABN아름방송 롯데카드,CRD,롯데카드,https://api.card-gorilla.com:8080/storage/card/1117/card_img/21288/1117card.gif,https://api.card-gorilla.com:8080/storage/card/1117/card_img/21288/1117card.gif,37,0,1,1
1078,AJ렌터카 드라이빙 패스 롯데카드,CRD,롯데카드,https://api.card-gorilla.com:8080/storage/card/1118/card_img/21287/1118card.jpg,https://api.card-gorilla.com:8080/storage/card/1118/card_img/21287/1118card.jpg,23,0,1,7
1079,7 Unit 카드,CRD,롯데카드,https://api.card-gorilla.com:8080/storage/card/1119/card_img/21286/1119card.png,https://api.card-gorilla.com:8080/storage/card/1119/card_img/21286/1119card.png,3,0,1,2
1080,AXA 롯데카드,CHK,롯데카드,https://api.card-gorilla.com:8080/storage/card/1120/card_img/21285/1120card.png,https://api.card-gorilla.com:8080/storage/card/1120/card_img/21285/1120card.png,33,0,1,3
1081,BNK AUTO 롯데카드,CRD,롯데카드,https://api.card-gorilla.com:8080/storage/card/1121/card_img/21284/1121card.jpg,https://api.card-gorilla.com:8080/storage/card/1121/card_img/21284/1121card.jpg,39,0,1,9
1082,CGV 롯데포인트플러스 카드,CRD,롯데카드,https://api.card-gorilla.com:8080/storage/card/1122/card_img/21283/1122card.png,https://api.card-gorilla.com:8080/storage/card/1122/card_img/21283/1122card.png,26,0,1,3
1083,CJ헬로비전 롯데카드,CRD,롯데카드,https://api.card-gorilla.com:8080/storage/card/1123/card_img/21282/1123card.jpg,https://api.card-gorilla.com:8080/storage/card/1123/card_img/21282/1123card.jpg,28,0,1,10
1084,CMB 롯데카드,CRD,롯데카드,https://api.card-gorilla.com:8080/storage/card/1124/card_img/21281/1124card.jpg,https://api.card-gorilla.com:8080/storage/card/1124/card_img/21281/1124card.jpg,0,0,1,9
1085,coway PayFree 롯데카드,CRD,롯데카드,https://api.card-gorilla.com:8080/storage/card/1125/card_img/21280/1125card.png,https://api.card-gorilla.com:8080/storage/card/1125/card_img/21280/1125card.png,1,0,1,2
1086,DC PASS 롯데카드,CHK,롯데카드,https://api.card-gorilla.com:8080/storage/card/1126/card_img/21279/1126card.jpg,https://api.card-gorilla.com:8080/storage/card/1126/card_img/21279/1126card.jpg,49,0,1,10
1087,DC Supreme 카드,CHK,롯데카드,https://api.card-gorilla.com:8080/storage/card/1127/card_img/21278/1127card.png,https://api.card-gorilla.com:8080/storage/card/1127/card_img/21278/1127card.png,4,0,1,1
1088,DC Sweet 롯데카드,CRD,롯데카드,https://api.card-gorilla.com:8080/storage/card/1128/card_img/21277/1128card.jpg,https://api.card-gorilla.com:8080/storage/card/1128/card_img/21277/1128card.jpg,41,0,1,4
1089,DC 클릭카드,CRD,롯데카드,https://api.card-gorilla.com:8080/storage/card/1129/card_img/22662/1129card.png,https://api.card-gorilla.com:8080/storage/card/1129/card_img/22662/1129card.png,47,0,1,4
1090,DC 클릭카드 삼성페이,CRD,롯데카드,https://api.card-gorilla.com:8080/storage/card/1130/card_img/22658/1130card.jpg,https://api.card-gorilla.com:8080/storage/card/1130/card_img/22658/1130card.jpg,2,0,1,8
1091,DC스마트 카드,CRD,롯데카드,https://api.card-gorilla.com:8080/storage/card/1131/card_img/21247/1131card.png,https://api.card-gorilla.com:8080/storage/card/1131/card_img/21247/1131card.png,45,0,1,1
1092,DC카드,CRD,롯데카드,https://api.card-gorilla.com:8080/storage/card/1132/card_img/21244/1132card.jpg,https://api.card-gorilla.com:8080/storage/card/1132/card_img/21244/1132card.jpg,42,0,1,3
1093,DC플러스 PiTaPa 카드,CHK,롯데카드,https://api.card-gorilla.com:8080/storage/card/1133/card_img/21242/1133card.jpg,https://api.card-gorilla.com:8080/storage/card/1133/card_img/21242/1133card.jpg,46,0,1,4
1094,Diver’s 플래티넘 카드-다이버 상해보험 전용,CRD,롯데카드,https://api.card-gorilla.com:8080/storage/card/1134/card_img/21241/1134card.png,https://api.card-gorilla.com:8080/storage/card/1134/card_img/21241/1134card.png,18,0,1,1
1095,Diver’s 플래티넘 카드-보너스플라이어마일 적립전용,CHK,롯데카드,https://api.card-gorilla.com:8080/storage/card/1135/card_img/21239/1135card.png,https://api.card-gorilla.com:8080/storage/card/1135/card_img/21239/1135card.png,19,0,1,9
1096,Driving Pass 카드,CRD,롯데카드,https://api.card-gorilla.com:8080/storage/card/1136/card_img/21238/1136card.png,https://api.card-gorilla.com:8080/storage/card/1136/card_img/21238/1136card.png,2,0,1,4
1097,EBS교육방송 롯데카드,CRD,롯데카드,https://api.card-gorilla.com:8080/storage/card/1137/card_img/21233/1137card.jpg,https://api.card-gorilla.com:8080/storage/card/1137/card_img/21233/1137card.jpg,28,0,1,7
1098,파스퇴르 아이 롯데카드,CHK,롯데카드,https://api.card-gorilla.com:8080/storage/card/1138/card_img/21230/1138card.jpg,https://api.card-gorilla.com:8080/storage/card/1138/card_img/21230/1138card.jpg,46,0,1,0
1099,elLOTTE 카드,CRD,롯데카드,https://api.card-gorilla.com:8080/storage/card/1139/card_img/21228/1139card.png,https://api.card-gorilla.com:8080/storage/card/1139/card_img/21228/1139card.png,2,0,1,1
1100,E-PASS 롯데카드,CHK,롯데카드,https://api.card-gorilla.com:8080/storage/card/1140/card_img/21227/1140card.jpg,https://api.card-gorilla.com:8080/storage/card/1140/card_img/21227/1140card.jpg,5,0,1,6
1101,EXR 롯데포인트플러스 카드,CHK,롯데카드,https://api.card-gorilla.com:8080/storage/card/1141/card_img/21226/1141card.jpg,https://api.card-gorilla.com:8080/storage/card/1141/card_img/21226/1141card.jpg,21,0,1,2
1102,패션플러스 롯데포인트플러스카드,CHK,롯데카드,https://api.card-gorilla.com:8080/storage/card/1142/card_img/21225/1142card.png,https://api.card-gorilla.com:8080/storage/card/1142/card_img/21225/1142card.png,0,0,1,4
1103,GS25 롯데카드,CRD,롯데카드,https://api.card-gorilla.com:8080/storage/card/1143/card_img/21224/1143card.jpg,https://api.card-gorilla.com:8080/storage/card/1143/card_img/21224/1143card.jpg,38,0,1,8
1104,GS칼텍스 롯데카드,CHK,롯데카드,https://api.card-gorilla.com:8080/storage/card/1144/card_img/21223/1144card.jpg,https://api.card-gorilla.com:8080/storage/card/1144/card_img/21223/1144card.jpg,14,0,1,9
1105,G마켓 롯데카드,CRD,롯데카드,https://api.card-gorilla.com:8080/storage/card/1145/card_img/21222/1145card.jpg,https://api.card-gorilla.com:8080/storage/card/1145/card_img/21222/1145card.jpg,43,0,1,2
1106,Hi-pass 행복 롯데카드,CRD,롯데카드,https://api.card-gorilla.com:8080/storage/card/1146/card_img/21220/1146card.jpg,https://api.card-gorilla.com:8080/storage/card/1146/card_img/21220/1146card.jpg,24,0,1,4
1107,I♥HoNam DC플러스카드,CRD,롯데카드,https://api.card-gorilla.com:8080/storage/card/1147/card_img/21217/1147card.jpg,https://api.card-gorilla.com:8080/storage/card/1147/card_img/21217/1147card.jpg,18,0,1,1
1108,I♥공주 드라이빙 패스 롯데카드,CHK,롯데카드,https://api.card-gorilla.com:8080/storage/card/1148/card_img/21215/1148card.jpg,https://api.card-gorilla.com:8080/storage/card/1148/card_img/21215/1148card.jpg,31,0,1,2
1109,삼성 iD 달달할인,CHK,삼성카드,https://api.card-gorilla.com:8080/storage/card/1149/card_img/26710/1149card.png,https://api.card-gorilla.com:8080/storage/card/1149/card_img/26710/1149card.png,32,0,1,8
1110,에르고다음 롯데포인트플러스 카드,CRD,롯데카드,https://api.card-gorilla.com:8080/storage/card/1150/card_img/21210/1150card.jpg,https://api.card-gorilla.com:8080/storage/card/1150/card_img/21210/1150card.jpg,23,0,1,2
1111,엔조이뉴욕 롯데카드,CHK,롯데카드,https://api.card-gorilla.com:8080/storage/card/1151/card_img/21156/1151card.jpg,https://api.card-gorilla.com:8080/storage/card/1151/card_img/21156/1151card.jpg,11,0,1,6
1112,KB국민 주유전용기업카드,CRD,국민카드,https://api.card-gorilla.com:8080/storage/card/1152/card_img/21155/1152card.png,https://api.card-gorilla.com:8080/storage/card/1152/card_img/21155/1152card.png,2,0,1,5
1113,KB국민 하이패스 주유 기업카드,CHK,국민카드,https://api.card-gorilla.com:8080/storage/card/1153/card_img/21154/1153card.png,https://api.card-gorilla.com:8080/storage/card/1153/card_img/21154/1153card.png,19,0,1,7
1114,MyBiz Up 기업카드,CRD,국민카드,https://api.card-gorilla.com:8080/storage/card/1154/card_img/21153/1154card.png,https://api.card-gorilla.com:8080/storage/card/1154/card_img/21153/1154card.png,49,0,1,9
1115,Easy shopping 카드,CHK,국민카드,https://api.card-gorilla.com:8080/storage/card/1155/card_img/21152/1155card.png,https://api.card-gorilla.com:8080/storage/card/1155/card_img/21152/1155card.png,31,0,1,5
1116,YES24 Mania롯데카드,CRD,롯데카드,https://api.card-gorilla.com:8080/storage/card/1156/card_img/21151/1156card.jpg,https://api.card-gorilla.com:8080/storage/card/1156/card_img/21151/1156card.jpg,32,0,1,4
1117,하나멤버스 1Q 카드 Special Auto,CRD,하나카드,https://api.card-gorilla.com:8080/storage/card/1157/card_img/21150/1157card.png,https://api.card-gorilla.com:8080/storage/card/1157/card_img/21150/1157card.png,0,0,1,8
1118,엘지생활건강 롯데포인트플러스카드,CHK,롯데카드,https://api.card-gorilla.com:8080/storage/card/1158/card_img/21149/1158card.jpg,https://api.card-gorilla.com:8080/storage/card/1158/card_img/21149/1158card.jpg,39,0,1,2
1119,개인택시 운송사업자 롯데카드,CRD,롯데카드,https://api.card-gorilla.com:8080/storage/card/1159/card_img/21148/1159card.png,https://api.card-gorilla.com:8080/storage/card/1159/card_img/21148/1159card.png,34,0,1,5
1120,하나멤버스 1Q(원큐) Tour1 카드,CRD,하나카드,https://api.card-gorilla.com:8080/storage/card/1160/card_img/21147/1160card.png,https://api.card-gorilla.com:8080/storage/card/1160/card_img/21147/1160card.png,37,0,1,9
1121,Get100카드,CHK,국민카드,https://api.card-gorilla.com:8080/storage/card/1161/card_img/21146/1161card.png,https://api.card-gorilla.com:8080/storage/card/1161/card_img/21146/1161card.png,50,0,1,7
1122,Get100 체크카드,CHK,국민카드,https://api.card-gorilla.com:8080/storage/card/1162/card_img/21145/1162card.png,https://api.card-gorilla.com:8080/storage/card/1162/card_img/21145/1162card.png,48,0,1,6
1123,경차 smart 롯데체크카드,CRD,롯데카드,https://api.card-gorilla.com:8080/storage/card/1163/card_img/21144/1163card.png,https://api.card-gorilla.com:8080/storage/card/1163/card_img/21144/1163card.png,43,0,1,9
1124,ONE KB국민 기업카드,CRD,국민카드,https://api.card-gorilla.com:8080/storage/card/1164/card_img/21143/1164card.png,https://api.card-gorilla.com:8080/storage/card/1164/card_img/21143/1164card.png,27,0,1,1
1125,골프존 롯데카드,CRD,롯데카드,https://api.card-gorilla.com:8080/storage/card/1165/card_img/21142/1165card.jpg,https://api.card-gorilla.com:8080/storage/card/1165/card_img/21142/1165card.jpg,29,0,1,9
1126,엠비에이(MBA) 카드,CRD,롯데카드,https://api.card-gorilla.com:8080/storage/card/1167/card_img/21141/1167card.png,https://api.card-gorilla.com:8080/storage/card/1167/card_img/21141/1167card.png,46,0,1,0
1127,IBK 웰릭스 카드,CHK,IBK기업은행,https://api.card-gorilla.com:8080/storage/card/1168/card_img/21140/1168card.jpg,https://api.card-gorilla.com:8080/storage/card/1168/card_img/21140/1168card.jpg,18,0,1,8
1128,교보문고 롯데체크카드,CRD,롯데카드,https://api.card-gorilla.com:8080/storage/card/1169/card_img/21139/1169card.jpg,https://api.card-gorilla.com:8080/storage/card/1169/card_img/21139/1169card.jpg,28,0,1,4
1129,이사배 카드,CHK,IBK기업은행,https://api.card-gorilla.com:8080/storage/card/1170/card_img/21138/1170card.png,https://api.card-gorilla.com:8080/storage/card/1170/card_img/21138/1170card.png,32,0,1,10
1130,H.Point KB국민카드,CRD,국민카드,https://api.card-gorilla.com:8080/storage/card/1171/card_img/21137/1171card.png,https://api.card-gorilla.com:8080/storage/card/1171/card_img/21137/1171card.png,22,0,1,5
1131,하나로마트 하나카드,CRD,하나카드,https://api.card-gorilla.com:8080/storage/card/1172/card_img/21136/1172card.png,https://api.card-gorilla.com:8080/storage/card/1172/card_img/21136/1172card.png,32,0,1,2
1132,교보문고 핫트랙스 롯데카드,CRD,롯데카드,https://api.card-gorilla.com:8080/storage/card/1173/card_img/21135/1173card.jpg,https://api.card-gorilla.com:8080/storage/card/1173/card_img/21135/1173card.jpg,18,0,1,7
1133,하나 원큐 카드,CHK,하나카드,https://api.card-gorilla.com:8080/storage/card/1174/card_img/21134/1174card.png,https://api.card-gorilla.com:8080/storage/card/1174/card_img/21134/1174card.png,19,0,1,2
1134,딩딩 신용카드,CRD,BNK부산은행,https://api.card-gorilla.com:8080/storage/card/1175/card_img/21133/1175card.png,https://api.card-gorilla.com:8080/storage/card/1175/card_img/21133/1175card.png,23,0,1,9
1135,프리미엄 GS POP 하나카드,CHK,하나카드,https://api.card-gorilla.com:8080/storage/card/1176/card_img/21132/1176card.png,https://api.card-gorilla.com:8080/storage/card/1176/card_img/21132/1176card.png,37,0,1,9
1136,BNK 부자되세요 홈쇼핑카드,CHK,BNK부산은행,https://api.card-gorilla.com:8080/storage/card/1177/card_img/21131/1177card.png,https://api.card-gorilla.com:8080/storage/card/1177/card_img/21131/1177card.png,11,0,1,4
1137,BNK 청춘불패 369(Oh!point)체크카드,CHK,BNK부산은행,https://api.card-gorilla.com:8080/storage/card/1178/card_img/21130/1178card.png,https://api.card-gorilla.com:8080/storage/card/1178/card_img/21130/1178card.png,35,0,1,9
1138,교원 베이비 롯데카드,CHK,롯데카드,https://api.card-gorilla.com:8080/storage/card/1179/card_img/21129/1179card.jpg,https://api.card-gorilla.com:8080/storage/card/1179/card_img/21129/1179card.jpg,38,0,1,4
1139,풀무원 하나카드,CRD,하나카드,https://api.card-gorilla.com:8080/storage/card/1180/card_img/21128/1180card.png,https://api.card-gorilla.com:8080/storage/card/1180/card_img/21128/1180card.png,34,0,1,9
1140,여인닷컴 롯데DC플러스카드,CHK,롯데카드,https://api.card-gorilla.com:8080/storage/card/1181/card_img/21127/1181card.jpg,https://api.card-gorilla.com:8080/storage/card/1181/card_img/21127/1181card.jpg,18,0,1,6
1141,옥토 CMA 샤롯데카드,CRD,롯데카드,https://api.card-gorilla.com:8080/storage/card/1182/card_img/21126/1182card.jpg,https://api.card-gorilla.com:8080/storage/card/1182/card_img/21126/1182card.jpg,48,0,1,1
1142,교원DC 롯데카드,CRD,롯데카드,https://api.card-gorilla.com:8080/storage/card/1183/card_img/21125/1183card.jpg,https://api.card-gorilla.com:8080/storage/card/1183/card_img/21125/1183card.jpg,12,0,1,2
1143,Z:IN 인테리어 신한카드,CHK,신한카드,https://api.card-gorilla.com:8080/storage/card/1184/card_img/21124/1184card.png,https://api.card-gorilla.com:8080/storage/card/1184/card_img/21124/1184card.png,7,0,1,8
1144,골든라이프 티타늄카드,CRD,국민카드,https://api.card-gorilla.com:8080/storage/card/1185/card_img/21123/1185card.png,https://api.card-gorilla.com:8080/storage/card/1185/card_img/21123/1185card.png,17,0,1,4
1145,포켓몬을 사랑하는 고객용 하나멤버스 1Q 체크카드,CRD,하나카드,https://api.card-gorilla.com:8080/storage/card/1186/card_img/21122/1186card.png,https://api.card-gorilla.com:8080/storage/card/1186/card_img/21122/1186card.png,37,0,1,4
1146,THE BOON SVIP 신한카드,CRD,신한카드,https://api.card-gorilla.com:8080/storage/card/1187/card_img/21121/1187card.png,https://api.card-gorilla.com:8080/storage/card/1187/card_img/21121/1187card.png,38,0,1,2
1147,펫 사랑 카드,CHK,하나카드,https://api.card-gorilla.com:8080/storage/card/1188/card_img/21120/1188card.png,https://api.card-gorilla.com:8080/storage/card/1188/card_img/21120/1188card.png,28,0,1,7
1148,SK렌터카 신한카드 MY CAR,CHK,신한카드,https://api.card-gorilla.com:8080/storage/card/1189/card_img/21119/1189card.png,https://api.card-gorilla.com:8080/storage/card/1189/card_img/21119/1189card.png,4,0,1,4
1149,SKT T라이트 신한카드,CHK,신한카드,https://api.card-gorilla.com:8080/storage/card/1190/card_img/21118/1190card.png,https://api.card-gorilla.com:8080/storage/card/1190/card_img/21118/1190card.png,24,0,1,8
1150,olleh 슈퍼 DC(Super DC) 신한카드 빅플러스,CHK,신한카드,https://api.card-gorilla.com:8080/storage/card/1191/card_img/21117/1191card.png,https://api.card-gorilla.com:8080/storage/card/1191/card_img/21117/1191card.png,26,0,1,1
1151,LG U+ 스마트플랜 Plus 신한카드,CRD,신한카드,https://api.card-gorilla.com:8080/storage/card/1192/card_img/21116/1192card.png,https://api.card-gorilla.com:8080/storage/card/1192/card_img/21116/1192card.png,32,0,1,9
1152,LG U+ 사장님 통할인 신한카드,CHK,신한카드,https://api.card-gorilla.com:8080/storage/card/1193/card_img/21115/1193card.png,https://api.card-gorilla.com:8080/storage/card/1193/card_img/21115/1193card.png,41,0,1,6
1153,LG U+ Smart 10 신한카드 Big Plus,CRD,신한카드,https://api.card-gorilla.com:8080/storage/card/1194/card_img/21114/1194card.png,https://api.card-gorilla.com:8080/storage/card/1194/card_img/21114/1194card.png,26,0,1,9
1154,LG BEST 모바일 Gold 신한카드,CRD,신한카드,https://api.card-gorilla.com:8080/storage/card/1195/card_img/21113/1195card.png,https://api.card-gorilla.com:8080/storage/card/1195/card_img/21113/1195card.png,44,0,1,2
1155,KT Super할부 Plus 신한카드,CHK,신한카드,https://api.card-gorilla.com:8080/storage/card/1196/card_img/21112/1196card.png,https://api.card-gorilla.com:8080/storage/card/1196/card_img/21112/1196card.png,20,0,1,1
1156,KBO제휴 신한카드 MY KBO,CRD,신한카드,https://api.card-gorilla.com:8080/storage/card/1197/card_img/21111/1197card.png,https://api.card-gorilla.com:8080/storage/card/1197/card_img/21111/1197card.png,34,0,1,1
1157,IKEA for Business with 신한카드,CRD,신한카드,https://api.card-gorilla.com:8080/storage/card/1198/card_img/21110/1198card.png,https://api.card-gorilla.com:8080/storage/card/1198/card_img/21110/1198card.png,42,0,1,1
1158,GS칼텍스 신한카드 BigPlus,CHK,신한카드,https://api.card-gorilla.com:8080/storage/card/1199/card_img/21109/1199card.png,https://api.card-gorilla.com:8080/storage/card/1199/card_img/21109/1199card.png,37,0,1,1
1159,GS칼텍스 신한카드 BigPlus Smart,CHK,신한카드,https://api.card-gorilla.com:8080/storage/card/1200/card_img/21108/1200card.png,https://api.card-gorilla.com:8080/storage/card/1200/card_img/21108/1200card.png,33,0,1,2
1160,BC 부자되세요 홈쇼핑 신한카드,CHK,신한카드,https://api.card-gorilla.com:8080/storage/card/1201/card_img/21107/1201card.png,https://api.card-gorilla.com:8080/storage/card/1201/card_img/21107/1201card.png,4,0,1,5
1161,부산 동백전 체크카드,CRD,BNK부산은행,https://api.card-gorilla.com:8080/storage/card/1202/card_img/21106/1202card.png,https://api.card-gorilla.com:8080/storage/card/1202/card_img/21106/1202card.png,19,0,1,5
1162,콘텐츠박스 1Q(원큐) 카드 Daily,CRD,하나카드,https://api.card-gorilla.com:8080/storage/card/1203/card_img/21105/1203card.png,https://api.card-gorilla.com:8080/storage/card/1203/card_img/21105/1203card.png,12,0,1,5
1163,코웨이 하나카드,CRD,하나카드,https://api.card-gorilla.com:8080/storage/card/1204/card_img/21104/1204card.png,https://api.card-gorilla.com:8080/storage/card/1204/card_img/21104/1204card.png,39,0,1,5
1164,청호나이스 플러스 하나카드,CRD,하나카드,https://api.card-gorilla.com:8080/storage/card/1205/card_img/21103/1205card.png,https://api.card-gorilla.com:8080/storage/card/1205/card_img/21103/1205card.png,9,0,1,1
1165,청년취업카드 하나멤버스 Mega BC 체크카드,CRD,하나카드,https://api.card-gorilla.com:8080/storage/card/1206/card_img/21102/1206card.png,https://api.card-gorilla.com:8080/storage/card/1206/card_img/21102/1206card.png,10,0,1,2
1166,이랜드 클럽 신용카드,CRD,하나카드,https://api.card-gorilla.com:8080/storage/card/1207/card_img/21101/1207card.png,https://api.card-gorilla.com:8080/storage/card/1207/card_img/21101/1207card.png,38,0,1,3
1167,캐쉬백카드,CHK,BNK부산은행,https://api.card-gorilla.com:8080/storage/card/1208/card_img/21100/1208card.png,https://api.card-gorilla.com:8080/storage/card/1208/card_img/21100/1208card.png,28,0,1,4
1168,BNK 프렌즈 신용카드,CRD,BNK부산은행,https://api.card-gorilla.com:8080/storage/card/1209/card_img/21099/1209card.png,https://api.card-gorilla.com:8080/storage/card/1209/card_img/21099/1209card.png,1,0,1,9
1169,이랜드 클럽 체크카드,CRD,하나카드,https://api.card-gorilla.com:8080/storage/card/1210/card_img/21098/1210card.png,https://api.card-gorilla.com:8080/storage/card/1210/card_img/21098/1210card.png,6,0,1,2
1170,윙고 장학재단 체크카드,CRD,하나카드,https://api.card-gorilla.com:8080/storage/card/1211/card_img/21097/1211card.png,https://api.card-gorilla.com:8080/storage/card/1211/card_img/21097/1211card.png,30,0,1,5
1171,현대홈쇼핑 삼성지엔미포인트카드,CRD,삼성카드,https://api.card-gorilla.com:8080/storage/card/1212/card_img/21096/1212card.png,https://api.card-gorilla.com:8080/storage/card/1212/card_img/21096/1212card.png,16,0,1,9
1172,펫(PET)카드,CRD,BNK부산은행,https://api.card-gorilla.com:8080/storage/card/1213/card_img/21095/1213card.png,https://api.card-gorilla.com:8080/storage/card/1213/card_img/21095/1213card.png,49,0,1,7
1173,웰릭스렌탈 하나카드,CRD,하나카드,https://api.card-gorilla.com:8080/storage/card/1214/card_img/21094/1214card.png,https://api.card-gorilla.com:8080/storage/card/1214/card_img/21094/1214card.png,28,0,1,8
1174,아모레퍼시픽 카드,CHK,하나카드,https://api.card-gorilla.com:8080/storage/card/1215/card_img/21093/1215card.png,https://api.card-gorilla.com:8080/storage/card/1215/card_img/21093/1215card.png,16,0,1,5
1175,썸뱅크 체크카드,CRD,BNK부산은행,https://api.card-gorilla.com:8080/storage/card/1216/card_img/21092/1216card.png,https://api.card-gorilla.com:8080/storage/card/1216/card_img/21092/1216card.png,16,0,1,8
1176,현대홈쇼핑 삼성애니패스포인트카드,CHK,삼성카드,https://api.card-gorilla.com:8080/storage/card/1217/card_img/21091/1217card.png,https://api.card-gorilla.com:8080/storage/card/1217/card_img/21091/1217card.png,35,0,1,8
1177,현대하이카다이렉트 삼성카드 7,CRD,삼성카드,https://api.card-gorilla.com:8080/storage/card/1218/card_img/21090/1218card.png,https://api.card-gorilla.com:8080/storage/card/1218/card_img/21090/1218card.png,45,0,1,6
1178,헬로모바일 삼성카드 2,CHK,삼성카드,https://api.card-gorilla.com:8080/storage/card/1219/card_img/21089/1219card.png,https://api.card-gorilla.com:8080/storage/card/1219/card_img/21089/1219card.png,15,0,1,10
1179,BNK 부자되세요 아파트카드,CRD,BNK부산은행,https://api.card-gorilla.com:8080/storage/card/1220/card_img/21088/1220card.png,https://api.card-gorilla.com:8080/storage/card/1220/card_img/21088/1220card.png,41,0,1,7
1180,한화이글스 삼성카앤모아카드,CRD,삼성카드,https://api.card-gorilla.com:8080/storage/card/1221/card_img/21087/1221card.png,https://api.card-gorilla.com:8080/storage/card/1221/card_img/21087/1221card.png,30,0,1,10
1181,BNK 2030 플래티늄카드(실버),CHK,BNK부산은행,https://api.card-gorilla.com:8080/storage/card/1222/card_img/21086/1222card.png,https://api.card-gorilla.com:8080/storage/card/1222/card_img/21086/1222card.png,42,0,1,3
1182,한화손해보험카젠 삼성애니패스포인트카드,CRD,삼성카드,https://api.card-gorilla.com:8080/storage/card/1223/card_img/21085/1223card.png,https://api.card-gorilla.com:8080/storage/card/1223/card_img/21085/1223card.png,11,0,1,3
1183,한마음 패밀리 삼성티클래스카드,CHK,삼성카드,https://api.card-gorilla.com:8080/storage/card/1224/card_img/21084/1224card.png,https://api.card-gorilla.com:8080/storage/card/1224/card_img/21084/1224card.png,33,0,1,7
1184,KB국민 윙크카드,CRD,국민카드,https://api.card-gorilla.com:8080/storage/card/1225/card_img/21083/1225card.png,https://api.card-gorilla.com:8080/storage/card/1225/card_img/21083/1225card.png,15,0,1,4
1185,롯데청주영플 체크카드,CHK,롯데카드,https://api.card-gorilla.com:8080/storage/card/1226/card_img/21082/1226card.jpg,https://api.card-gorilla.com:8080/storage/card/1226/card_img/21082/1226card.jpg,39,0,1,4
1186,한국투자증권CMA 삼성체크카드,CRD,삼성카드,https://api.card-gorilla.com:8080/storage/card/1227/card_img/21081/1227card.png,https://api.card-gorilla.com:8080/storage/card/1227/card_img/21081/1227card.png,23,0,1,4
1187,하이증권CMA 삼성체크카드,CRD,삼성카드,https://api.card-gorilla.com:8080/storage/card/1228/card_img/21080/1228card.png,https://api.card-gorilla.com:8080/storage/card/1228/card_img/21080/1228card.png,32,0,1,3
1188,kt M mobile카드,CHK,국민카드,https://api.card-gorilla.com:8080/storage/card/1229/card_img/21079/1229card.png,https://api.card-gorilla.com:8080/storage/card/1229/card_img/21079/1229card.png,3,0,1,0
1189,LGU＋ 심플라이트카드,CRD,국민카드,https://api.card-gorilla.com:8080/storage/card/1230/card_img/21078/1230card.png,https://api.card-gorilla.com:8080/storage/card/1230/card_img/21078/1230card.png,43,0,1,8
1190,BNK 2030 플래티늄카드(골드),CHK,BNK부산은행,https://api.card-gorilla.com:8080/storage/card/1231/card_img/21077/1231card.png,https://api.card-gorilla.com:8080/storage/card/1231/card_img/21077/1231card.png,29,0,1,0
1191,플러스모바일 삼성카드 2,CRD,삼성카드,https://api.card-gorilla.com:8080/storage/card/1232/card_img/21076/1232card.png,https://api.card-gorilla.com:8080/storage/card/1232/card_img/21076/1232card.png,1,0,1,8
1192,LG전자 KB국민카드,CHK,국민카드,https://api.card-gorilla.com:8080/storage/card/1233/card_img/21075/1233card.png,https://api.card-gorilla.com:8080/storage/card/1233/card_img/21075/1233card.png,33,0,1,3
1193,롯데카드 웨어러블(기본),CHK,롯데카드,https://api.card-gorilla.com:8080/storage/card/1234/card_img/21074/1234card.png,https://api.card-gorilla.com:8080/storage/card/1234/card_img/21074/1234card.png,35,0,1,2
1194,테크노마트 삼성빅앤빅카드,CRD,삼성카드,https://api.card-gorilla.com:8080/storage/card/1235/card_img/21073/1235card.png,https://api.card-gorilla.com:8080/storage/card/1235/card_img/21073/1235card.png,13,0,1,8
1195,BNK카드,CHK,BNK부산은행,https://api.card-gorilla.com:8080/storage/card/1236/card_img/21072/1236card.png,https://api.card-gorilla.com:8080/storage/card/1236/card_img/21072/1236card.png,37,0,1,3
1196,롯데카드 웨어러블(디씨레빗),CRD,롯데카드,https://api.card-gorilla.com:8080/storage/card/1237/card_img/21071/1237card.png,https://api.card-gorilla.com:8080/storage/card/1237/card_img/21071/1237card.png,18,0,1,8
1197,동부화재 롯데카드,CHK,롯데카드,https://api.card-gorilla.com:8080/storage/card/1238/card_img/21070/1238card.jpg,https://api.card-gorilla.com:8080/storage/card/1238/card_img/21070/1238card.jpg,20,0,1,10
1198,롯데카드 웨어러블(로카&로카박스/피겨),CHK,롯데카드,https://api.card-gorilla.com:8080/storage/card/1239/card_img/21069/1239card.png,https://api.card-gorilla.com:8080/storage/card/1239/card_img/21069/1239card.png,34,0,1,5
1199,STARTLUCK 카드,CRD,국민카드,https://api.card-gorilla.com:8080/storage/card/1240/card_img/21068/1240card.png,https://api.card-gorilla.com:8080/storage/card/1240/card_img/21068/1240card.png,4,0,1,7
1200,롯데카드 웨어러블(솜솜이),CHK,롯데카드,https://api.card-gorilla.com:8080/storage/card/1241/card_img/21067/1241card.png,https://api.card-gorilla.com:8080/storage/card/1241/card_img/21067/1241card.png,6,0,1,0
1201,스피킹맥스 하나카드,CHK,하나카드,https://api.card-gorilla.com:8080/storage/card/1242/card_img/21066/1242card.png,https://api.card-gorilla.com:8080/storage/card/1242/card_img/21066/1242card.png,21,0,1,1
1202,U＋ 알뜰모바일카드,CHK,국민카드,https://api.card-gorilla.com:8080/storage/card/1243/card_img/21065/1243card.png,https://api.card-gorilla.com:8080/storage/card/1243/card_img/21065/1243card.png,23,0,1,9
1203,롯데카드 웨어러블(포인트 먹보),CRD,롯데카드,https://api.card-gorilla.com:8080/storage/card/1244/card_img/21064/1244card.png,https://api.card-gorilla.com:8080/storage/card/1244/card_img/21064/1244card.png,15,0,1,5
1204,동원몰포인트플러스 롯데카드,CRD,롯데카드,https://api.card-gorilla.com:8080/storage/card/1245/card_img/21063/1245card.jpg,https://api.card-gorilla.com:8080/storage/card/1245/card_img/21063/1245card.jpg,5,0,1,8
1205,소노시즌 하나카드,CRD,하나카드,https://api.card-gorilla.com:8080/storage/card/1246/card_img/21062/1246card.png,https://api.card-gorilla.com:8080/storage/card/1246/card_img/21062/1246card.png,40,0,1,5
1206,kt family 카드,CHK,우리카드,https://api.card-gorilla.com:8080/storage/card/1247/card_img/21061/1247card.png,https://api.card-gorilla.com:8080/storage/card/1247/card_img/21061/1247card.png,5,0,1,0
1207,바디프랜드 하나카드,CHK,하나카드,https://api.card-gorilla.com:8080/storage/card/1248/card_img/21060/1248card.png,https://api.card-gorilla.com:8080/storage/card/1248/card_img/21060/1248card.png,34,0,1,10
1208,SDU-V Family 카드,CHK,우리카드,https://api.card-gorilla.com:8080/storage/card/1249/card_img/21059/1249card.png,https://api.card-gorilla.com:8080/storage/card/1249/card_img/21059/1249card.png,14,0,1,4
1209,롯데캐슬라이프 카드,CRD,롯데카드,https://api.card-gorilla.com:8080/storage/card/1250/card_img/21058/1250card.jpg,https://api.card-gorilla.com:8080/storage/card/1250/card_img/21058/1250card.jpg,3,0,1,5
1210,연세동문V카드(LIFE CARE),CHK,우리카드,https://api.card-gorilla.com:8080/storage/card/1251/card_img/21057/1251card.png,https://api.card-gorilla.com:8080/storage/card/1251/card_img/21057/1251card.png,22,0,1,5
1211,연세동문V카드(ASIANA),CHK,우리카드,https://api.card-gorilla.com:8080/storage/card/1252/card_img/21056/1252card.png,https://api.card-gorilla.com:8080/storage/card/1252/card_img/21056/1252card.png,6,0,1,0
1212,랭킹닭컴 하나카드,CHK,하나카드,https://api.card-gorilla.com:8080/storage/card/1253/card_img/21055/1253card.png,https://api.card-gorilla.com:8080/storage/card/1253/card_img/21055/1253card.png,19,0,1,8
1213,에코마일리지 우리체크카드,CRD,우리카드,https://api.card-gorilla.com:8080/storage/card/1254/card_img/21054/1254card.png,https://api.card-gorilla.com:8080/storage/card/1254/card_img/21054/1254card.png,46,0,1,6
1214,우리 한국장학재단(KOSAF) 체크카드,CRD,우리카드,https://api.card-gorilla.com:8080/storage/card/1255/card_img/21053/1255card.png,https://api.card-gorilla.com:8080/storage/card/1255/card_img/21053/1255card.png,47,0,1,10
1215,카드의정석 U+알뜰모바일 CHECK,CRD,우리카드,https://api.card-gorilla.com:8080/storage/card/1256/card_img/21051/1256card.png,https://api.card-gorilla.com:8080/storage/card/1256/card_img/21051/1256card.png,24,0,1,3
1216,화물차유류구매카드(개인체크),CHK,우리카드,https://api.card-gorilla.com:8080/storage/card/1257/card_img/21050/1257card.png,https://api.card-gorilla.com:8080/storage/card/1257/card_img/21050/1257card.png,19,0,1,7
1217,OK캐쉬백 썸(SUM)타는 우리체크카드,CRD,우리카드,https://api.card-gorilla.com:8080/storage/card/1258/card_img/21049/1258card.png,https://api.card-gorilla.com:8080/storage/card/1258/card_img/21049/1258card.png,34,0,1,2
1218,LGU+ 라서즐거운 체크카드,CHK,우리카드,https://api.card-gorilla.com:8080/storage/card/1259/card_img/21048/1259card.png,https://api.card-gorilla.com:8080/storage/card/1259/card_img/21048/1259card.png,9,0,1,9
1219,우리성당 체크카드,CRD,우리카드,https://api.card-gorilla.com:8080/storage/card/1260/card_img/21047/1260card.png,https://api.card-gorilla.com:8080/storage/card/1260/card_img/21047/1260card.png,44,0,1,1
1220,우리 국민연금증체크카드,CRD,우리카드,https://api.card-gorilla.com:8080/storage/card/1261/card_img/21046/1261card.png,https://api.card-gorilla.com:8080/storage/card/1261/card_img/21046/1261card.png,49,0,1,3
1221,POP 우리V체크카드,CHK,우리카드,https://api.card-gorilla.com:8080/storage/card/1262/card_img/21045/1262card.png,https://api.card-gorilla.com:8080/storage/card/1262/card_img/21045/1262card.png,4,0,1,9
1222,태평백화점 삼성티클래스카드,CRD,삼성카드,https://api.card-gorilla.com:8080/storage/card/1263/card_img/21044/1263card.png,https://api.card-gorilla.com:8080/storage/card/1263/card_img/21044/1263card.png,31,0,1,6
1223,태평백화점 삼성애니패스포인트카드,CRD,삼성카드,https://api.card-gorilla.com:8080/storage/card/1264/card_img/21043/1264card.png,https://api.card-gorilla.com:8080/storage/card/1264/card_img/21043/1264card.png,13,0,1,0
1224,코레일멤버십이마트 삼성티클래스카드,CHK,삼성카드,https://api.card-gorilla.com:8080/storage/card/1265/card_img/21042/1265card.png,https://api.card-gorilla.com:8080/storage/card/1265/card_img/21042/1265card.png,19,0,1,9
1225,코레일멤버십 삼성티클래스카드,CRD,삼성카드,https://api.card-gorilla.com:8080/storage/card/1266/card_img/21041/1266card.png,https://api.card-gorilla.com:8080/storage/card/1266/card_img/21041/1266card.png,12,0,1,1
1226,크리스찬 삼성애니패스카드,CRD,삼성카드,https://api.card-gorilla.com:8080/storage/card/1267/card_img/21040/1267card.png,https://api.card-gorilla.com:8080/storage/card/1267/card_img/21040/1267card.png,43,0,1,7
1227,코레일멤버십이마트 삼성지엔미포인트카드,CHK,삼성카드,https://api.card-gorilla.com:8080/storage/card/1268/card_img/21039/1268card.png,https://api.card-gorilla.com:8080/storage/card/1268/card_img/21039/1268card.png,44,0,1,3
1228,패밀리클럽 플래티넘 위버스카이 카드,CHK,롯데카드,https://api.card-gorilla.com:8080/storage/card/1269/card_img/21038/1269card.jpg,https://api.card-gorilla.com:8080/storage/card/1269/card_img/21038/1269card.jpg,5,0,1,2
1229,프리미엄 렌탈DC 쿠쿠FreeMembership롯데카드,CRD,롯데카드,https://api.card-gorilla.com:8080/storage/card/1270/card_img/21037/1270card.jpg,https://api.card-gorilla.com:8080/storage/card/1270/card_img/21037/1270card.jpg,27,0,1,0
1230,코레일멤버십 삼성지엔미포인트카드,CHK,삼성카드,https://api.card-gorilla.com:8080/storage/card/1271/card_img/21036/1271card.png,https://api.card-gorilla.com:8080/storage/card/1271/card_img/21036/1271card.png,38,0,1,7
1231,프리미엄 렌탈DC 청호나이스 롯데카드,CHK,롯데카드,https://api.card-gorilla.com:8080/storage/card/1272/card_img/21035/1272card.jpg,https://api.card-gorilla.com:8080/storage/card/1272/card_img/21035/1272card.jpg,6,0,1,8
1232,프리미엄 렌탈DC 바디프랜드 롯데카드,CHK,롯데카드,https://api.card-gorilla.com:8080/storage/card/1273/card_img/21034/1273card.jpg,https://api.card-gorilla.com:8080/storage/card/1273/card_img/21034/1273card.jpg,4,0,1,8
1233,프리미엄 렌탈DC 모두렌탈 롯데카드,CRD,롯데카드,https://api.card-gorilla.com:8080/storage/card/1274/card_img/21033/1274card.jpg,https://api.card-gorilla.com:8080/storage/card/1274/card_img/21033/1274card.jpg,36,0,1,7
1234,프리미엄 렌탈DC SK매직 롯데카드,CHK,롯데카드,https://api.card-gorilla.com:8080/storage/card/1275/card_img/21032/1275card.jpg,https://api.card-gorilla.com:8080/storage/card/1275/card_img/21032/1275card.jpg,8,0,1,2
1235,프리미엄 렌탈DC CJ온스타일 롯데카드,CRD,롯데카드,https://api.card-gorilla.com:8080/storage/card/1276/card_img/21031/1276card.png,https://api.card-gorilla.com:8080/storage/card/1276/card_img/21031/1276card.png,27,0,1,4
1236,드림미즈 롯데포인트플러스 카드,CRD,롯데카드,https://api.card-gorilla.com:8080/storage/card/1277/card_img/21030/1277card.jpg,https://api.card-gorilla.com:8080/storage/card/1277/card_img/21030/1277card.jpg,40,0,1,1
1237,국민행복카드,CRD,BNK부산은행,https://api.card-gorilla.com:8080/storage/card/1278/card_img/21029/1278card.png,https://api.card-gorilla.com:8080/storage/card/1278/card_img/21029/1278card.png,6,0,1,0
1238,딩딩 체크카드,CHK,BNK부산은행,https://api.card-gorilla.com:8080/storage/card/1279/card_img/21028/1279card.png,https://api.card-gorilla.com:8080/storage/card/1279/card_img/21028/1279card.png,42,0,1,9
1239,국기원 단증 체크카드,CRD,우리카드,https://api.card-gorilla.com:8080/storage/card/1280/card_img/21027/1280card.png,https://api.card-gorilla.com:8080/storage/card/1280/card_img/21027/1280card.png,27,0,1,10
1240,코레일멤버십 삼성애니패스포인트카드,CHK,삼성카드,https://api.card-gorilla.com:8080/storage/card/1281/card_img/21026/1281card.png,https://api.card-gorilla.com:8080/storage/card/1281/card_img/21026/1281card.png,39,0,1,3
1241,코레일멤버십 삼성애니패스카드,CHK,삼성카드,https://api.card-gorilla.com:8080/storage/card/1282/card_img/21025/1282card.png,https://api.card-gorilla.com:8080/storage/card/1282/card_img/21025/1282card.png,4,0,1,7
1242,코레일멤버십 삼성플래티늄카드,CRD,삼성카드,https://api.card-gorilla.com:8080/storage/card/1283/card_img/21023/1283card.png,https://api.card-gorilla.com:8080/storage/card/1283/card_img/21023/1283card.png,21,0,1,1
1243,뇌새김 하나카드,CRD,하나카드,https://api.card-gorilla.com:8080/storage/card/1284/card_img/21022/1284card.png,https://api.card-gorilla.com:8080/storage/card/1284/card_img/21022/1284card.png,6,0,1,5
1244,넥슨 메이플스토리 하나BC 체크카드,CRD,하나카드,https://api.card-gorilla.com:8080/storage/card/1285/card_img/21021/1285card.png,https://api.card-gorilla.com:8080/storage/card/1285/card_img/21021/1285card.png,24,0,1,3
1245,The CJ KB국민카드,CHK,국민카드,https://api.card-gorilla.com:8080/storage/card/1286/card_img/21020/1286card.png,https://api.card-gorilla.com:8080/storage/card/1286/card_img/21020/1286card.png,0,0,1,1
1246,마이존 체크카드,CHK,BNK부산은행,https://api.card-gorilla.com:8080/storage/card/1287/card_img/21019/1287card.png,https://api.card-gorilla.com:8080/storage/card/1287/card_img/21019/1287card.png,48,0,1,7
1247,toss KB국민카드,CRD,국민카드,https://api.card-gorilla.com:8080/storage/card/1288/card_img/21018/1288card.png,https://api.card-gorilla.com:8080/storage/card/1288/card_img/21018/1288card.png,41,0,1,3
1248,T-Premium KB국민카드,CHK,국민카드,https://api.card-gorilla.com:8080/storage/card/1289/card_img/21017/1289card.png,https://api.card-gorilla.com:8080/storage/card/1289/card_img/21017/1289card.png,9,0,1,7
1249,넥슨 던전앤파이터 체크카드,CHK,하나카드,https://api.card-gorilla.com:8080/storage/card/1290/card_img/21016/1290card.png,https://api.card-gorilla.com:8080/storage/card/1290/card_img/21016/1290card.png,16,0,1,6
1250,코레일멤버십 삼성체크카드,CRD,삼성카드,https://api.card-gorilla.com:8080/storage/card/1291/card_img/21015/1291card.png,https://api.card-gorilla.com:8080/storage/card/1291/card_img/21015/1291card.png,12,0,1,9
1251,내맘대로 T Plus 카드,CRD,하나카드,https://api.card-gorilla.com:8080/storage/card/1292/card_img/21014/1292card.png,https://api.card-gorilla.com:8080/storage/card/1292/card_img/21014/1292card.png,30,0,1,5
1252,코레일멤버십 삼성에스마일카드,CHK,삼성카드,https://api.card-gorilla.com:8080/storage/card/1293/card_img/21013/1293card.png,https://api.card-gorilla.com:8080/storage/card/1293/card_img/21013/1293card.png,35,0,1,2
1253,가온 Biz카드,CRD,국민카드,https://api.card-gorilla.com:8080/storage/card/1294/card_img/21012/1294card.png,https://api.card-gorilla.com:8080/storage/card/1294/card_img/21012/1294card.png,19,0,1,6
1254,코레일멤버십 삼성에스마일플래티늄카드,CRD,삼성카드,https://api.card-gorilla.com:8080/storage/card/1295/card_img/20989/1295card.png,https://api.card-gorilla.com:8080/storage/card/1295/card_img/20989/1295card.png,27,0,1,6
1255,인터파크G마켓 삼성지엔미포인트카드,CRD,삼성카드,https://api.card-gorilla.com:8080/storage/card/1296/card_img/20988/1296card.png,https://api.card-gorilla.com:8080/storage/card/1296/card_img/20988/1296card.png,50,0,1,0
1256,부빅스(BUVIX)카드,CHK,BNK부산은행,https://api.card-gorilla.com:8080/storage/card/1297/card_img/20987/1297card.png,https://api.card-gorilla.com:8080/storage/card/1297/card_img/20987/1297card.png,4,0,1,0
1257,청소년 후불교통 체크카드,CRD,BNK부산은행,https://api.card-gorilla.com:8080/storage/card/1298/card_img/20986/1298card.png,https://api.card-gorilla.com:8080/storage/card/1298/card_img/20986/1298card.png,31,0,1,5
1258,가온 플래티늄바우처카드,CRD,국민카드,https://api.card-gorilla.com:8080/storage/card/1299/card_img/20985/1299card.png,https://api.card-gorilla.com:8080/storage/card/1299/card_img/20985/1299card.png,4,0,1,8
1259,인터파크G마켓 삼성애니패스포인트카드,CHK,삼성카드,https://api.card-gorilla.com:8080/storage/card/1300/card_img/20977/1300card.png,https://api.card-gorilla.com:8080/storage/card/1300/card_img/20977/1300card.png,29,0,1,2
1260,미래에셋 자산관리 CMA 롯데DC플러스 카드,CHK,롯데카드,https://api.card-gorilla.com:8080/storage/card/1301/card_img/20976/1301card.jpg,https://api.card-gorilla.com:8080/storage/card/1301/card_img/20976/1301card.jpg,27,0,1,8
1261,제주도 삼성체크카드,CHK,삼성카드,https://api.card-gorilla.com:8080/storage/card/1302/card_img/20974/1302card.png,https://api.card-gorilla.com:8080/storage/card/1302/card_img/20974/1302card.png,21,0,1,9
1262,캐디카드,CRD,BNK부산은행,https://api.card-gorilla.com:8080/storage/card/1303/card_img/20973/1303card.png,https://api.card-gorilla.com:8080/storage/card/1303/card_img/20973/1303card.png,49,0,1,6
1263,제주항공 삼성카드,CRD,삼성카드,https://api.card-gorilla.com:8080/storage/card/1304/card_img/20972/1304card.png,https://api.card-gorilla.com:8080/storage/card/1304/card_img/20972/1304card.png,16,0,1,5
1264,길한통 체크카드,CRD,하나카드,https://api.card-gorilla.com:8080/storage/card/1305/card_img/20969/1305card.png,https://api.card-gorilla.com:8080/storage/card/1305/card_img/20969/1305card.png,31,0,1,8
1265,전주코아백화점 삼성카드,CHK,삼성카드,https://api.card-gorilla.com:8080/storage/card/1306/card_img/20967/1306card.png,https://api.card-gorilla.com:8080/storage/card/1306/card_img/20967/1306card.png,30,0,1,10
1266,가온 플래티늄카드,CRD,국민카드,https://api.card-gorilla.com:8080/storage/card/1307/card_img/20964/1307card.png,https://api.card-gorilla.com:8080/storage/card/1307/card_img/20964/1307card.png,11,0,1,3
1267,인디안NII 삼성애니패스카드,CRD,삼성카드,https://api.card-gorilla.com:8080/storage/card/1308/card_img/20962/1308card.png,https://api.card-gorilla.com:8080/storage/card/1308/card_img/20962/1308card.png,18,0,1,3
1268,가온글로벌카드,CHK,국민카드,https://api.card-gorilla.com:8080/storage/card/1309/card_img/20960/1309card.png,https://api.card-gorilla.com:8080/storage/card/1309/card_img/20960/1309card.png,8,0,1,10
1269,인디안NII 삼성지엔미카드,CRD,삼성카드,https://api.card-gorilla.com:8080/storage/card/1310/card_img/20959/1310card.png,https://api.card-gorilla.com:8080/storage/card/1310/card_img/20959/1310card.png,36,0,1,5
1270,BNK 프렌즈 체크카드,CRD,BNK부산은행,https://api.card-gorilla.com:8080/storage/card/1311/card_img/20958/1311card.png,https://api.card-gorilla.com:8080/storage/card/1311/card_img/20958/1311card.png,15,0,1,3
1271,골든대로 체크카드,CRD,국민카드,https://api.card-gorilla.com:8080/storage/card/1312/card_img/20957/1312card.png,https://api.card-gorilla.com:8080/storage/card/1312/card_img/20957/1312card.png,30,0,1,1
1272,롯데포인트 플러스 PiTaPa 카드,CRD,롯데카드,https://api.card-gorilla.com:8080/storage/card/1313/card_img/20954/1313card.jpg,https://api.card-gorilla.com:8080/storage/card/1313/card_img/20954/1313card.jpg,18,0,1,4
1273,BNK 부자되세요 더 마일리지 체크카드,CRD,BNK부산은행,https://api.card-gorilla.com:8080/storage/card/1314/card_img/20953/1314card.png,https://api.card-gorilla.com:8080/storage/card/1314/card_img/20953/1314card.png,44,0,1,5
1274,골든라이프올림카드,CRD,국민카드,https://api.card-gorilla.com:8080/storage/card/1315/card_img/20866/1315card.png,https://api.card-gorilla.com:8080/storage/card/1315/card_img/20866/1315card.png,26,0,1,3
1275,유안타WCMA 신세계삼성지엔미P 체크카드,CHK,삼성카드,https://api.card-gorilla.com:8080/storage/card/1316/card_img/20865/1316card.png,https://api.card-gorilla.com:8080/storage/card/1316/card_img/20865/1316card.png,12,0,1,10
1276,유안타WCMA 신세계삼성애니패스P 체크카드,CRD,삼성카드,https://api.card-gorilla.com:8080/storage/card/1317/card_img/20864/1317card.png,https://api.card-gorilla.com:8080/storage/card/1317/card_img/20864/1317card.png,11,0,1,3
1277,우리은행 삼성애니패스포인트 체크카드,CHK,삼성카드,https://api.card-gorilla.com:8080/storage/card/1318/card_img/20863/1318card.png,https://api.card-gorilla.com:8080/storage/card/1318/card_img/20863/1318card.png,40,0,1,7
1278,유안타WCMA 삼성플래티늄체크카드,CRD,삼성카드,https://api.card-gorilla.com:8080/storage/card/1319/card_img/20862/1319card.png,https://api.card-gorilla.com:8080/storage/card/1319/card_img/20862/1319card.png,41,0,1,7
1279,오라클 삼성티클래스카드,CRD,삼성카드,https://api.card-gorilla.com:8080/storage/card/1320/card_img/20861/1320card.png,https://api.card-gorilla.com:8080/storage/card/1320/card_img/20861/1320card.png,3,0,1,8
1280,REX카드(기업),CRD,BNK부산은행,https://api.card-gorilla.com:8080/storage/card/1321/card_img/20860/1321card.png,https://api.card-gorilla.com:8080/storage/card/1321/card_img/20860/1321card.png,36,0,1,2
1281,REX카드(개인),CHK,BNK부산은행,https://api.card-gorilla.com:8080/storage/card/1322/card_img/20859/1322card.png,https://api.card-gorilla.com:8080/storage/card/1322/card_img/20859/1322card.png,35,0,1,3
1282,카카오페이 체크카드,CRD,BNK부산은행,https://api.card-gorilla.com:8080/storage/card/1323/card_img/20858/1323card.png,https://api.card-gorilla.com:8080/storage/card/1323/card_img/20858/1323card.png,37,0,1,6
1283,국민행복체크카드,CRD,BNK부산은행,https://api.card-gorilla.com:8080/storage/card/1324/card_img/20857/1324card.png,https://api.card-gorilla.com:8080/storage/card/1324/card_img/20857/1324card.png,48,0,1,4
1284,Y카드(개인 체크),CRD,BNK부산은행,https://api.card-gorilla.com:8080/storage/card/1325/card_img/20856/1325card.png,https://api.card-gorilla.com:8080/storage/card/1325/card_img/20856/1325card.png,34,0,1,5
1285,그린 카드,CRD,하나카드,https://api.card-gorilla.com:8080/storage/card/1326/card_img/20855/1326card.png,https://api.card-gorilla.com:8080/storage/card/1326/card_img/20855/1326card.png,38,0,1,9
1286,한베가족 썸(SUM)타는 우리 체크카드,CRD,우리카드,https://api.card-gorilla.com:8080/storage/card/1327/card_img/20854/1327card.png,https://api.card-gorilla.com:8080/storage/card/1327/card_img/20854/1327card.png,25,0,1,5
1287,Young Hana 체크카드 with OKcashbag,CRD,하나카드,https://api.card-gorilla.com:8080/storage/card/1328/card_img/20853/1328card.png,https://api.card-gorilla.com:8080/storage/card/1328/card_img/20853/1328card.png,47,0,1,1
1288,우체국 Biz플러스 체크카드,CHK,우체국,https://api.card-gorilla.com:8080/storage/card/1329/card_img/20852/1329card.png,https://api.card-gorilla.com:8080/storage/card/1329/card_img/20852/1329card.png,28,0,1,4
1289,오라클 삼성지엔미포인트카드,CHK,삼성카드,https://api.card-gorilla.com:8080/storage/card/1330/card_img/20850/1330card.png,https://api.card-gorilla.com:8080/storage/card/1330/card_img/20850/1330card.png,32,0,1,2
1290,야우리백화점 삼성티클래스카드,CRD,삼성카드,https://api.card-gorilla.com:8080/storage/card/1331/card_img/20849/1331card.png,https://api.card-gorilla.com:8080/storage/card/1331/card_img/20849/1331card.png,46,0,1,4
1291,야우리백화점 삼성애니패스카드,CHK,삼성카드,https://api.card-gorilla.com:8080/storage/card/1332/card_img/20847/1332card.png,https://api.card-gorilla.com:8080/storage/card/1332/card_img/20847/1332card.png,44,0,1,9
1292,VIVA+ Allpoint 체크카드,CRD,하나카드,https://api.card-gorilla.com:8080/storage/card/1333/card_img/21823/1333card.png,https://api.card-gorilla.com:8080/storage/card/1333/card_img/21823/1333card.png,28,0,1,8
1293,우체국 성공partner 체크카드,CHK,우체국,https://api.card-gorilla.com:8080/storage/card/1334/card_img/20841/1334card.png,https://api.card-gorilla.com:8080/storage/card/1334/card_img/20841/1334card.png,24,0,1,10
1294,The-K Auto 체크카드,CRD,하나카드,https://api.card-gorilla.com:8080/storage/card/1335/card_img/20840/1335card.png,https://api.card-gorilla.com:8080/storage/card/1335/card_img/20840/1335card.png,27,0,1,10
1295,T&R(티앤알) 하나카드,CHK,하나카드,https://api.card-gorilla.com:8080/storage/card/1336/card_img/20839/1336card.png,https://api.card-gorilla.com:8080/storage/card/1336/card_img/20839/1336card.png,17,0,1,0
1296,새마을금고 삼성카드,CHK,삼성카드,https://api.card-gorilla.com:8080/storage/card/1337/card_img/20838/1337card.png,https://api.card-gorilla.com:8080/storage/card/1337/card_img/20838/1337card.png,9,0,1,0
1297,삼성티클래스카드,CRD,삼성카드,https://api.card-gorilla.com:8080/storage/card/1338/card_img/20837/1338card.png,https://api.card-gorilla.com:8080/storage/card/1338/card_img/20837/1338card.png,29,0,1,1
1298,골프존 KB국민카드,CRD,국민카드,https://api.card-gorilla.com:8080/storage/card/1339/card_img/20836/1339card.png,https://api.card-gorilla.com:8080/storage/card/1339/card_img/20836/1339card.png,2,0,1,3
1299,New Happy 하나카드,CHK,하나카드,https://api.card-gorilla.com:8080/storage/card/1340/card_img/20835/1340card.png,https://api.card-gorilla.com:8080/storage/card/1340/card_img/20835/1340card.png,31,0,1,2
1300,삼성티클래스앤오일카드,CRD,삼성카드,https://api.card-gorilla.com:8080/storage/card/1341/card_img/20834/1341card.png,https://api.card-gorilla.com:8080/storage/card/1341/card_img/20834/1341card.png,35,0,1,8
1301,새마을금고 삼성티클래스앤오일카드,CHK,삼성카드,https://api.card-gorilla.com:8080/storage/card/1342/card_img/20833/1342card.png,https://api.card-gorilla.com:8080/storage/card/1342/card_img/20833/1342card.png,28,0,1,5
1302,북스리브로 우리카드,CHK,우리카드,https://api.card-gorilla.com:8080/storage/card/1343/card_img/20813/1343card.png,https://api.card-gorilla.com:8080/storage/card/1343/card_img/20813/1343card.png,24,0,1,5
1303,전자랜드 삼성티클래스앤오일카드,CHK,삼성카드,https://api.card-gorilla.com:8080/storage/card/1344/card_img/20812/1344card.png,https://api.card-gorilla.com:8080/storage/card/1344/card_img/20812/1344card.png,3,0,1,0
1304,우리군인연금증카드,CHK,우리카드,https://api.card-gorilla.com:8080/storage/card/1345/card_img/20811/1345card.png,https://api.card-gorilla.com:8080/storage/card/1345/card_img/20811/1345card.png,19,0,1,10
1305,My Trip SKYPASS 카드 My flight,CRD,하나카드,https://api.card-gorilla.com:8080/storage/card/1346/card_img/20810/1346card.png,https://api.card-gorilla.com:8080/storage/card/1346/card_img/20810/1346card.png,23,0,1,9
1306,현대카드M2 Lady BLUEmembers Platinum,CRD,현대카드,https://api.card-gorilla.com:8080/storage/card/1347/card_img/20808/1347card.png,https://api.card-gorilla.com:8080/storage/card/1347/card_img/20808/1347card.png,15,0,1,4
1307,My Trip AsianaClub 카드 My flight,CRD,하나카드,https://api.card-gorilla.com:8080/storage/card/1348/card_img/20807/1348card.png,https://api.card-gorilla.com:8080/storage/card/1348/card_img/20807/1348card.png,49,0,1,3
1308,우리군인연금증체크카드,CHK,우리카드,https://api.card-gorilla.com:8080/storage/card/1349/card_img/20806/1349card.png,https://api.card-gorilla.com:8080/storage/card/1349/card_img/20806/1349card.png,35,0,1,4
1309,Y카드(개인 신용),CHK,BNK부산은행,https://api.card-gorilla.com:8080/storage/card/1350/card_img/20805/1350card.png,https://api.card-gorilla.com:8080/storage/card/1350/card_img/20805/1350card.png,42,0,1,8
1310,,CHK,하나카드,https://api.card-gorilla.com:8080/storage/card/1352/card_img/20804/1352card.png,https://api.card-gorilla.com:8080/storage/card/1352/card_img/20804/1352card.png,37,0,1,5
1311,신한금융투자 명품CMA 롯데체크카드,CRD,롯데카드,https://api.card-gorilla.com:8080/storage/card/1353/card_img/20803/1353card.jpg,https://api.card-gorilla.com:8080/storage/card/1353/card_img/20803/1353card.jpg,25,0,1,4
1312,교원 웰스 KB국민카드,CRD,국민카드,https://api.card-gorilla.com:8080/storage/card/1354/card_img/20802/1354card.png,https://api.card-gorilla.com:8080/storage/card/1354/card_img/20802/1354card.png,10,0,1,4
1313,신한금융투자명품CMA 삼성체크카드,CHK,삼성카드,https://api.card-gorilla.com:8080/storage/card/1355/card_img/20801/1355card.png,https://api.card-gorilla.com:8080/storage/card/1355/card_img/20801/1355card.png,7,0,1,6
1314,알라딘 삼성지엔미e포인트카드,CHK,삼성카드,https://api.card-gorilla.com:8080/storage/card/1356/card_img/20800/1356card.png,https://api.card-gorilla.com:8080/storage/card/1356/card_img/20800/1356card.png,19,0,1,1
1315,알라딘 삼성애니패스e포인트카드,CRD,삼성카드,https://api.card-gorilla.com:8080/storage/card/1357/card_img/20799/1357card.png,https://api.card-gorilla.com:8080/storage/card/1357/card_img/20799/1357card.png,43,0,1,10
1316,알라딘 삼성빅앤빅카드,CHK,삼성카드,https://api.card-gorilla.com:8080/storage/card/1358/card_img/20798/1358card.png,https://api.card-gorilla.com:8080/storage/card/1358/card_img/20798/1358card.png,3,0,1,10
1317,삼성플래티늄체크카드,CHK,삼성카드,https://api.card-gorilla.com:8080/storage/card/1359/card_img/20797/1359card.png,https://api.card-gorilla.com:8080/storage/card/1359/card_img/20797/1359card.png,48,0,1,5
1318,삼성포인트체크카드,CHK,삼성카드,https://api.card-gorilla.com:8080/storage/card/1360/card_img/20796/1360card.png,https://api.card-gorilla.com:8080/storage/card/1360/card_img/20796/1360card.png,49,0,1,1
1319,새마을금고 삼성지엔미카드,CHK,삼성카드,https://api.card-gorilla.com:8080/storage/card/1361/card_img/20795/1361card.png,https://api.card-gorilla.com:8080/storage/card/1361/card_img/20795/1361card.png,15,0,1,1
1320,새마을금고 삼성오일앤세이브플러스카드,CHK,삼성카드,https://api.card-gorilla.com:8080/storage/card/1362/card_img/20794/1362card.png,https://api.card-gorilla.com:8080/storage/card/1362/card_img/20794/1362card.png,14,0,1,0
1321,유류환급에버리치 삼성티클래스앤오일 체크카드,CRD,삼성카드,https://api.card-gorilla.com:8080/storage/card/1363/card_img/20793/1363card.png,https://api.card-gorilla.com:8080/storage/card/1363/card_img/20793/1363card.png,21,0,1,2
1322,새마을금고 IN 삼성카드,CHK,삼성카드,https://api.card-gorilla.com:8080/storage/card/1364/card_img/20792/1364card.png,https://api.card-gorilla.com:8080/storage/card/1364/card_img/20792/1364card.png,15,0,1,8
1323,새마을금고 삼성애니패스포인트카드,CRD,삼성카드,https://api.card-gorilla.com:8080/storage/card/1365/card_img/20791/1365card.png,https://api.card-gorilla.com:8080/storage/card/1365/card_img/20791/1365card.png,10,0,1,9
1324,은혜나눔 삼성오일앤세이브플러스카드,CRD,삼성카드,https://api.card-gorilla.com:8080/storage/card/1366/card_img/20790/1366card.png,https://api.card-gorilla.com:8080/storage/card/1366/card_img/20790/1366card.png,1,0,1,5
1325,코레일멤버십 삼성빅보너스카드,CRD,삼성카드,https://api.card-gorilla.com:8080/storage/card/1367/card_img/20789/1367card.png,https://api.card-gorilla.com:8080/storage/card/1367/card_img/20789/1367card.png,8,0,1,5
1326,코레일멤버십 삼성마이키즈카드,CRD,삼성카드,https://api.card-gorilla.com:8080/storage/card/1368/card_img/20788/1368card.png,https://api.card-gorilla.com:8080/storage/card/1368/card_img/20788/1368card.png,21,0,1,6
1327,큰수레TAX 삼성플래티늄체크카드,CRD,삼성카드,https://api.card-gorilla.com:8080/storage/card/1369/card_img/20787/1369card.png,https://api.card-gorilla.com:8080/storage/card/1369/card_img/20787/1369card.png,17,0,1,10
1328,포인트플러스 포텐 국내 체크카드,CHK,롯데카드,https://api.card-gorilla.com:8080/storage/card/1370/card_img/20773/1370card.png,https://api.card-gorilla.com:8080/storage/card/1370/card_img/20773/1370card.png,27,0,1,7
1329,큰수레 삼성비즈니스플래티늄카드,CRD,삼성카드,https://api.card-gorilla.com:8080/storage/card/1371/card_img/20772/1371card.png,https://api.card-gorilla.com:8080/storage/card/1371/card_img/20772/1371card.png,40,0,1,8
1330,포인트플러스 포텐 비자 체크카드,CRD,롯데카드,https://api.card-gorilla.com:8080/storage/card/1372/card_img/20771/1372card.png,https://api.card-gorilla.com:8080/storage/card/1372/card_img/20771/1372card.png,15,0,1,0
1331,새마을금고 삼성마이키즈카드,CHK,삼성카드,https://api.card-gorilla.com:8080/storage/card/1373/card_img/20770/1373card.png,https://api.card-gorilla.com:8080/storage/card/1373/card_img/20770/1373card.png,7,0,1,2
1332,삼성지엔미포인트카드,CRD,삼성카드,https://api.card-gorilla.com:8080/storage/card/1374/card_img/20769/1374card.png,https://api.card-gorilla.com:8080/storage/card/1374/card_img/20769/1374card.png,25,0,1,0
1333,퍼스트클럽 삼성플래티늄카드,CRD,삼성카드,https://api.card-gorilla.com:8080/storage/card/1375/card_img/20768/1375card.png,https://api.card-gorilla.com:8080/storage/card/1375/card_img/20768/1375card.png,41,0,1,9
1334,포인트플러스 포텐 카드,CRD,롯데카드,https://api.card-gorilla.com:8080/storage/card/1376/card_img/20767/1376card.png,https://api.card-gorilla.com:8080/storage/card/1376/card_img/20767/1376card.png,5,0,1,7
1335,이마트모바일 삼성카드 2,CRD,삼성카드,https://api.card-gorilla.com:8080/storage/card/1377/card_img/20766/1377card.png,https://api.card-gorilla.com:8080/storage/card/1377/card_img/20766/1377card.png,33,0,1,0
1336,에너지다이어트 삼성카드 & POINT,CRD,삼성카드,https://api.card-gorilla.com:8080/storage/card/1378/card_img/20765/1378card.png,https://api.card-gorilla.com:8080/storage/card/1378/card_img/20765/1378card.png,2,0,1,1
1337,굿데이 플래티늄카드,CRD,국민카드,https://api.card-gorilla.com:8080/storage/card/1379/card_img/20764/1379card.png,https://api.card-gorilla.com:8080/storage/card/1379/card_img/20764/1379card.png,12,0,1,4
1338,넥센타이어 KB국민카드,CHK,국민카드,https://api.card-gorilla.com:8080/storage/card/1380/card_img/20763/1380card.png,https://api.card-gorilla.com:8080/storage/card/1380/card_img/20763/1380card.png,33,0,1,3
1339,모두투어 투어마일리지 KB국민카드,CRD,국민카드,https://api.card-gorilla.com:8080/storage/card/1381/card_img/20762/1381card.png,https://api.card-gorilla.com:8080/storage/card/1381/card_img/20762/1381card.png,44,0,1,8
1340,몰테일 KB국민카드,CHK,국민카드,https://api.card-gorilla.com:8080/storage/card/1382/card_img/20761/1382card.png,https://api.card-gorilla.com:8080/storage/card/1382/card_img/20761/1382card.png,17,0,1,0
1341,반려愛카드(강아지),CRD,국민카드,https://api.card-gorilla.com:8080/storage/card/1383/card_img/20760/1383card.png,https://api.card-gorilla.com:8080/storage/card/1383/card_img/20760/1383card.png,36,0,1,8
1342,스마트렌탈카드,CRD,국민카드,https://api.card-gorilla.com:8080/storage/card/1384/card_img/20759/1384card.png,https://api.card-gorilla.com:8080/storage/card/1384/card_img/20759/1384card.png,28,0,1,4
1343,삼성지엔미카드,CRD,삼성카드,https://api.card-gorilla.com:8080/storage/card/1385/card_img/20758/1385card.png,https://api.card-gorilla.com:8080/storage/card/1385/card_img/20758/1385card.png,40,0,1,1
1344,삼성지엔미e포인트카드,CRD,삼성카드,https://api.card-gorilla.com:8080/storage/card/1386/card_img/20757/1386card.png,https://api.card-gorilla.com:8080/storage/card/1386/card_img/20757/1386card.png,41,0,1,5
1345,신라피트니스클럽 삼성플래티늄카드,CHK,삼성카드,https://api.card-gorilla.com:8080/storage/card/1387/card_img/20756/1387card.png,https://api.card-gorilla.com:8080/storage/card/1387/card_img/20756/1387card.png,13,0,1,5
1346,신라피트니스클럽 멤버십 삼성플래티늄카드,CHK,삼성카드,https://api.card-gorilla.com:8080/storage/card/1388/card_img/20754/1388card.png,https://api.card-gorilla.com:8080/storage/card/1388/card_img/20754/1388card.png,16,0,1,5
1347,신라피트니스클럽 스카이패스 삼성플래티늄카드,CRD,삼성카드,https://api.card-gorilla.com:8080/storage/card/1389/card_img/20753/1389card.png,https://api.card-gorilla.com:8080/storage/card/1389/card_img/20753/1389card.png,40,0,1,8
1348,LG U+ Bora 신한카드 Big Plus,CRD,신한카드,https://api.card-gorilla.com:8080/storage/card/1390/card_img/20752/1390card.png,https://api.card-gorilla.com:8080/storage/card/1390/card_img/20752/1390card.png,40,0,1,9
1349,탑모아 체크카드,CHK,BNK부산은행,https://api.card-gorilla.com:8080/storage/card/1391/card_img/20751/1391card.png,https://api.card-gorilla.com:8080/storage/card/1391/card_img/20751/1391card.png,50,0,1,1
1350,메가쇼핑체크카드,CRD,BNK부산은행,https://api.card-gorilla.com:8080/storage/card/1392/card_img/20750/1392card.png,https://api.card-gorilla.com:8080/storage/card/1392/card_img/20750/1392card.png,31,0,1,4
1351,미래에셋 자산관리 CMA 롯데포인트플러스 카드,CRD,롯데카드,https://api.card-gorilla.com:8080/storage/card/1393/card_img/20749/1393card.jpg,https://api.card-gorilla.com:8080/storage/card/1393/card_img/20749/1393card.jpg,44,0,1,8
1352,현대백화점 체크카드,CRD,BNK부산은행,https://api.card-gorilla.com:8080/storage/card/1394/card_img/20748/1394card.png,https://api.card-gorilla.com:8080/storage/card/1394/card_img/20748/1394card.png,30,0,1,7
1353,DUAL PARTNERS 기업카드,CRD,BNK부산은행,https://api.card-gorilla.com:8080/storage/card/1395/card_img/20747/1395card.png,https://api.card-gorilla.com:8080/storage/card/1395/card_img/20747/1395card.png,10,0,1,9
1354,신한생명 多달이 롯데카드,CRD,롯데카드,https://api.card-gorilla.com:8080/storage/card/1396/card_img/20746/1396card.jpg,https://api.card-gorilla.com:8080/storage/card/1396/card_img/20746/1396card.jpg,6,0,1,5
1355,YO 체크카드,CRD,BNK부산은행,https://api.card-gorilla.com:8080/storage/card/1397/card_img/20713/1397card.png,https://api.card-gorilla.com:8080/storage/card/1397/card_img/20713/1397card.png,4,0,1,1
1356,마이존 그린 체크카드,CRD,BNK부산은행,https://api.card-gorilla.com:8080/storage/card/1398/card_img/20712/1398card.png,https://api.card-gorilla.com:8080/storage/card/1398/card_img/20712/1398card.png,25,0,1,3
1357,미래에셋아내펀드CMA 삼성체크카드,CRD,삼성카드,https://api.card-gorilla.com:8080/storage/card/1399/card_img/20711/1399card.png,https://api.card-gorilla.com:8080/storage/card/1399/card_img/20711/1399card.png,11,0,1,6
1358,무비매니아 삼성지엔미포인트카드,CHK,삼성카드,https://api.card-gorilla.com:8080/storage/card/1400/card_img/20710/1400card.png,https://api.card-gorilla.com:8080/storage/card/1400/card_img/20710/1400card.png,33,0,1,9
1359,무비매니아 삼성애니패스포인트카드,CHK,삼성카드,https://api.card-gorilla.com:8080/storage/card/1401/card_img/20709/1401card.png,https://api.card-gorilla.com:8080/storage/card/1401/card_img/20709/1401card.png,3,0,1,4
1360,메가티즌 삼성애니패스포인트카드,CRD,삼성카드,https://api.card-gorilla.com:8080/storage/card/1402/card_img/20708/1402card.png,https://api.card-gorilla.com:8080/storage/card/1402/card_img/20708/1402card.png,44,0,1,5
1361,DGB UntacT 카드,CRD,DGB대구은행,https://api.card-gorilla.com:8080/storage/card/1403/card_img/20707/1403card.png,https://api.card-gorilla.com:8080/storage/card/1403/card_img/20707/1403card.png,47,0,1,2
1362,메가티즌 삼성지엔미포인트카드,CRD,삼성카드,https://api.card-gorilla.com:8080/storage/card/1404/card_img/20706/1404card.png,https://api.card-gorilla.com:8080/storage/card/1404/card_img/20706/1404card.png,11,0,1,3
1363,우리 국민연금증카드,CRD,우리카드,https://api.card-gorilla.com:8080/storage/card/1405/card_img/20705/1405card.png,https://api.card-gorilla.com:8080/storage/card/1405/card_img/20705/1405card.png,16,0,1,9
1364,리브로 삼성지엔미포인트카드,CHK,삼성카드,https://api.card-gorilla.com:8080/storage/card/1406/card_img/20675/1406card.png,https://api.card-gorilla.com:8080/storage/card/1406/card_img/20675/1406card.png,10,0,1,5
1365,리브로 삼성애니패스포인트카드,CRD,삼성카드,https://api.card-gorilla.com:8080/storage/card/1407/card_img/20674/1407card.png,https://api.card-gorilla.com:8080/storage/card/1407/card_img/20674/1407card.png,5,0,1,2
1366,리브로 롯데카드,CRD,롯데카드,https://api.card-gorilla.com:8080/storage/card/1408/card_img/20673/1408card.jpg,https://api.card-gorilla.com:8080/storage/card/1408/card_img/20673/1408card.jpg,48,0,1,3
1367,현대카드M2 Lady RED MEMBERS Platinum(구 Qmembers),CHK,현대카드,https://api.card-gorilla.com:8080/storage/card/1409/card_img/20672/1409card.png,https://api.card-gorilla.com:8080/storage/card/1409/card_img/20672/1409card.png,1,0,1,7
1368,현대카드M BLUEmembers,CHK,현대카드,https://api.card-gorilla.com:8080/storage/card/1410/card_img/20671/1410card.png,https://api.card-gorilla.com:8080/storage/card/1410/card_img/20671/1410card.png,30,0,1,2
1369,마이비 선불교통 롯데체크카드,CHK,롯데카드,https://api.card-gorilla.com:8080/storage/card/1411/card_img/20670/1411card.jpg,https://api.card-gorilla.com:8080/storage/card/1411/card_img/20670/1411card.jpg,15,0,1,8
1370,미래에셋 대우증권 CMA 롯데체크카드,CRD,롯데카드,https://api.card-gorilla.com:8080/storage/card/1412/card_img/20669/1412card.jpg,https://api.card-gorilla.com:8080/storage/card/1412/card_img/20669/1412card.jpg,31,0,1,7
1371,다둥이행복체크카드,CRD,우리카드,https://api.card-gorilla.com:8080/storage/card/1413/card_img/20668/1413card.png,https://api.card-gorilla.com:8080/storage/card/1413/card_img/20668/1413card.png,44,0,1,2
1372,POP 우리V스쿨카드,CHK,우리카드,https://api.card-gorilla.com:8080/storage/card/1414/card_img/20666/1414card.jpg,https://api.card-gorilla.com:8080/storage/card/1414/card_img/20666/1414card.jpg,24,0,1,10
1373,우리 SCHOOL CHECK,CRD,우리카드,https://api.card-gorilla.com:8080/storage/card/1415/card_img/20665/1415card.png,https://api.card-gorilla.com:8080/storage/card/1415/card_img/20665/1415card.png,25,0,1,6
1374,서울대학교 CHECK,CHK,우리카드,https://api.card-gorilla.com:8080/storage/card/1416/card_img/20663/1416card.png,https://api.card-gorilla.com:8080/storage/card/1416/card_img/20663/1416card.png,45,0,1,9
1375,새마을금고 삼성럭투유카드,CRD,삼성카드,https://api.card-gorilla.com:8080/storage/card/1417/card_img/20662/1417card.png,https://api.card-gorilla.com:8080/storage/card/1417/card_img/20662/1417card.png,28,0,1,2
1376,새마을금고 데일리 삼성카드,CHK,삼성카드,https://api.card-gorilla.com:8080/storage/card/1418/card_img/20661/1418card.png,https://api.card-gorilla.com:8080/storage/card/1418/card_img/20661/1418card.png,8,0,1,4
1377,신세계이마트 삼성카드 7+,CRD,삼성카드,https://api.card-gorilla.com:8080/storage/card/1419/card_img/20660/1419card.png,https://api.card-gorilla.com:8080/storage/card/1419/card_img/20660/1419card.png,1,0,1,8
1378,와이비엠시사닷컴 롯데카드,CRD,롯데카드,https://api.card-gorilla.com:8080/storage/card/1420/card_img/20659/1420card.jpg,https://api.card-gorilla.com:8080/storage/card/1420/card_img/20659/1420card.jpg,13,0,1,6
1379,삼성플래티늄라이프카드,CHK,삼성카드,https://api.card-gorilla.com:8080/storage/card/1421/card_img/20658/1421card.png,https://api.card-gorilla.com:8080/storage/card/1421/card_img/20658/1421card.png,18,0,1,3
1380,삼성카드 7,CRD,삼성카드,https://api.card-gorilla.com:8080/storage/card/1422/card_img/20652/1422card.png,https://api.card-gorilla.com:8080/storage/card/1422/card_img/20652/1422card.png,1,0,1,7
1381,삼성카드 7+,CRD,삼성카드,https://api.card-gorilla.com:8080/storage/card/1423/card_img/20651/1423card.png,https://api.card-gorilla.com:8080/storage/card/1423/card_img/20651/1423card.png,5,0,1,7
1382,스타트럭 플러스 현대오일뱅크카드,CRD,국민카드,https://api.card-gorilla.com:8080/storage/card/1424/card_img/20650/1424card.png,https://api.card-gorilla.com:8080/storage/card/1424/card_img/20650/1424card.png,42,0,1,0
1383,우리 OCTO CMA 롯데포인트플러스카드,CHK,롯데카드,https://api.card-gorilla.com:8080/storage/card/1425/card_img/20649/1425card.jpg,https://api.card-gorilla.com:8080/storage/card/1425/card_img/20649/1425card.jpg,33,0,1,8
1384,삼성전자 삼성애니패스카드,CHK,삼성카드,https://api.card-gorilla.com:8080/storage/card/1426/card_img/20648/1426card.png,https://api.card-gorilla.com:8080/storage/card/1426/card_img/20648/1426card.png,17,0,1,4
1385,삼성애니패스카드,CRD,삼성카드,https://api.card-gorilla.com:8080/storage/card/1427/card_img/20647/1427card.png,https://api.card-gorilla.com:8080/storage/card/1427/card_img/20647/1427card.png,50,0,1,5
1386,삼성애니패스포인트카드,CRD,삼성카드,https://api.card-gorilla.com:8080/storage/card/1428/card_img/20646/1428card.png,https://api.card-gorilla.com:8080/storage/card/1428/card_img/20646/1428card.png,18,0,1,10
1387,삼성애니패스e포인트카드,CHK,삼성카드,https://api.card-gorilla.com:8080/storage/card/1429/card_img/20645/1429card.png,https://api.card-gorilla.com:8080/storage/card/1429/card_img/20645/1429card.png,18,0,1,8
1388,부빅스 부가세 환급카드,CRD,BNK부산은행,https://api.card-gorilla.com:8080/storage/card/1430/card_img/20644/1430card.png,https://api.card-gorilla.com:8080/storage/card/1430/card_img/20644/1430card.png,31,0,1,6
1389,CJ 삼성애니패스카드,CHK,삼성카드,https://api.card-gorilla.com:8080/storage/card/1431/card_img/20643/1431card.png,https://api.card-gorilla.com:8080/storage/card/1431/card_img/20643/1431card.png,27,0,1,6
1390,CJ 삼성지엔미카드,CRD,삼성카드,https://api.card-gorilla.com:8080/storage/card/1432/card_img/20642/1432card.png,https://api.card-gorilla.com:8080/storage/card/1432/card_img/20642/1432card.png,41,0,1,4
1391,후불 하이패스카드,CRD,BNK부산은행,https://api.card-gorilla.com:8080/storage/card/1433/card_img/20641/1433card.png,https://api.card-gorilla.com:8080/storage/card/1433/card_img/20641/1433card.png,42,0,1,0
1392,스타트럭Ⅱ GS칼텍스카드,CHK,국민카드,https://api.card-gorilla.com:8080/storage/card/1434/card_img/20640/1434card.png,https://api.card-gorilla.com:8080/storage/card/1434/card_img/20640/1434card.png,5,0,1,2
1393,현대카드M RED MEMBERS(구 Qmembers),CHK,현대카드,https://api.card-gorilla.com:8080/storage/card/1435/card_img/20639/1435card.png,https://api.card-gorilla.com:8080/storage/card/1435/card_img/20639/1435card.png,38,0,1,3
1394,스타트럭플러스 S-OIL카드,CHK,국민카드,https://api.card-gorilla.com:8080/storage/card/1436/card_img/20638/1436card.png,https://api.card-gorilla.com:8080/storage/card/1436/card_img/20638/1436card.png,20,0,1,1
1395,현대카드M Lady BLUEmembers,CRD,현대카드,https://api.card-gorilla.com:8080/storage/card/1437/card_img/20637/1437card.png,https://api.card-gorilla.com:8080/storage/card/1437/card_img/20637/1437card.png,19,0,1,5
1396,해피포인트 체크카드,CRD,BNK부산은행,https://api.card-gorilla.com:8080/storage/card/1438/card_img/20636/1438card.png,https://api.card-gorilla.com:8080/storage/card/1438/card_img/20636/1438card.png,17,0,1,2
1397,현대카드M Lady REDmembers(구 Qmembers),CRD,현대카드,https://api.card-gorilla.com:8080/storage/card/1439/card_img/20635/1439card.png,https://api.card-gorilla.com:8080/storage/card/1439/card_img/20635/1439card.png,6,0,1,3
1398,하이 체크카드,CHK,BNK부산은행,https://api.card-gorilla.com:8080/storage/card/1440/card_img/20634/1440card.png,https://api.card-gorilla.com:8080/storage/card/1440/card_img/20634/1440card.png,46,0,1,2
1399,맘 & 데디(Mom & Daddy) 카드,CRD,롯데카드,https://api.card-gorilla.com:8080/storage/card/1441/card_img/20633/1441card.jpg,https://api.card-gorilla.com:8080/storage/card/1441/card_img/20633/1441card.jpg,4,0,1,5
1400,CJ 삼성애니스타일카드,CRD,삼성카드,https://api.card-gorilla.com:8080/storage/card/1442/card_img/20632/1442card.png,https://api.card-gorilla.com:8080/storage/card/1442/card_img/20632/1442card.png,32,0,1,2
1401,에버랜드 판다카드,CRD,국민카드,https://api.card-gorilla.com:8080/storage/card/1443/card_img/20631/1443card.png,https://api.card-gorilla.com:8080/storage/card/1443/card_img/20631/1443card.png,14,0,1,7
1402,ROVL 다이아몬드(스카이패스)기업카드,CRD,국민카드,https://api.card-gorilla.com:8080/storage/card/1444/card_img/20630/1444card.png,https://api.card-gorilla.com:8080/storage/card/1444/card_img/20630/1444card.png,10,0,1,2
1403,예다함 카드,CRD,국민카드,https://api.card-gorilla.com:8080/storage/card/1445/card_img/20629/1445card.png,https://api.card-gorilla.com:8080/storage/card/1445/card_img/20629/1445card.png,12,0,1,7
1404,웅진씽크빅 카드,CRD,국민카드,https://api.card-gorilla.com:8080/storage/card/1446/card_img/20628/1446card.png,https://api.card-gorilla.com:8080/storage/card/1446/card_img/20628/1446card.png,0,0,1,5
1405,NEW_UNI체크,CHK,우리카드,https://api.card-gorilla.com:8080/storage/card/1447/card_img/20627/1447card.png,https://api.card-gorilla.com:8080/storage/card/1447/card_img/20627/1447card.png,11,0,1,2
1406,CJ 삼성애니스타일플래티늄카드,CRD,삼성카드,https://api.card-gorilla.com:8080/storage/card/1448/card_img/20626/1448card.png,https://api.card-gorilla.com:8080/storage/card/1448/card_img/20626/1448card.png,38,0,1,9
1407,웰릭스렌탈 카드,CHK,국민카드,https://api.card-gorilla.com:8080/storage/card/1449/card_img/20625/1449card.png,https://api.card-gorilla.com:8080/storage/card/1449/card_img/20625/1449card.png,13,0,1,2
1408,맘스스토리 DC플러스카드,CRD,롯데카드,https://api.card-gorilla.com:8080/storage/card/1450/card_img/20624/1450card.jpg,https://api.card-gorilla.com:8080/storage/card/1450/card_img/20624/1450card.jpg,24,0,1,3
1409,우리V외국인체크카드,CRD,우리카드,https://api.card-gorilla.com:8080/storage/card/1451/card_img/20623/1451card.png,https://api.card-gorilla.com:8080/storage/card/1451/card_img/20623/1451card.png,30,0,1,9
1410,삼성애니스타일카드,CRD,삼성카드,https://api.card-gorilla.com:8080/storage/card/1452/card_img/20622/1452card.png,https://api.card-gorilla.com:8080/storage/card/1452/card_img/20622/1452card.png,42,0,1,1
1411,삼성애니스타일플래티늄카드,CHK,삼성카드,https://api.card-gorilla.com:8080/storage/card/1453/card_img/20621/1453card.png,https://api.card-gorilla.com:8080/storage/card/1453/card_img/20621/1453card.png,31,0,1,10
1412,맘스클럽 롯데카드,CRD,롯데카드,https://api.card-gorilla.com:8080/storage/card/1454/card_img/20620/1454card.gif,https://api.card-gorilla.com:8080/storage/card/1454/card_img/20620/1454card.gif,18,0,1,2
1413,KFC 삼성지엔미카드,CRD,삼성카드,https://api.card-gorilla.com:8080/storage/card/1455/card_img/20619/1455card.png,https://api.card-gorilla.com:8080/storage/card/1455/card_img/20619/1455card.png,32,0,1,10
1414,GS홈쇼핑 삼성지엔미포인트카드,CRD,삼성카드,https://api.card-gorilla.com:8080/storage/card/1456/card_img/20618/1456card.png,https://api.card-gorilla.com:8080/storage/card/1456/card_img/20618/1456card.png,8,0,1,0
1415,CU big SIMPLE(일반형),CRD,신협,https://api.card-gorilla.com:8080/storage/card/1457/card_img/20617/1457card.jpg,https://api.card-gorilla.com:8080/storage/card/1457/card_img/20617/1457card.jpg,20,0,1,4
1416,the Black Edition2,CRD,현대카드,https://api.card-gorilla.com:8080/storage/card/1458/card_img/20616/1458card.png,https://api.card-gorilla.com:8080/storage/card/1458/card_img/20616/1458card.png,49,0,1,4
1417,우리캐피탈 롯데포인트플러스카드,CHK,롯데카드,https://api.card-gorilla.com:8080/storage/card/1459/card_img/20615/1459card.jpg,https://api.card-gorilla.com:8080/storage/card/1459/card_img/20615/1459card.jpg,6,0,1,8
1418,웰릭스렌탈 Ⅱ카드,CRD,국민카드,https://api.card-gorilla.com:8080/storage/card/1460/card_img/20614/1460card.png,https://api.card-gorilla.com:8080/storage/card/1460/card_img/20614/1460card.png,9,0,1,6
1419,My Life 카드,CHK,하나카드,https://api.card-gorilla.com:8080/storage/card/1461/card_img/20613/1461card.png,https://api.card-gorilla.com:8080/storage/card/1461/card_img/20613/1461card.png,12,0,1,10
1420,GS샵&디앤샵 삼성지엔미포인트카드,CHK,삼성카드,https://api.card-gorilla.com:8080/storage/card/1462/card_img/20612/1462card.png,https://api.card-gorilla.com:8080/storage/card/1462/card_img/20612/1462card.png,22,0,1,8
1421,신협 어부바 체크카드,CHK,신협,https://api.card-gorilla.com:8080/storage/card/1463/card_img/20611/1463card.jpg,https://api.card-gorilla.com:8080/storage/card/1463/card_img/20611/1463card.jpg,23,0,1,9
1422,바디프랜드 롯데카드,CHK,롯데카드,https://api.card-gorilla.com:8080/storage/card/1464/card_img/20561/1464card.jpg,https://api.card-gorilla.com:8080/storage/card/1464/card_img/20561/1464card.jpg,19,0,1,1
1423,푸른저축은행 롯데체크카드,CHK,롯데카드,https://api.card-gorilla.com:8080/storage/card/1465/card_img/20549/1465card.jpg,https://api.card-gorilla.com:8080/storage/card/1465/card_img/20549/1465card.jpg,48,0,1,0
1424,My flight SKYPASS Prime 카드,CRD,하나카드,https://api.card-gorilla.com:8080/storage/card/1466/card_img/20548/1466card.png,https://api.card-gorilla.com:8080/storage/card/1466/card_img/20548/1466card.png,20,0,1,5
1425,맘인 롯데카드,CHK,롯데카드,https://api.card-gorilla.com:8080/storage/card/1467/card_img/20547/1467card.png,https://api.card-gorilla.com:8080/storage/card/1467/card_img/20547/1467card.png,50,0,1,8
1426,제주항공 Refresh Point KB국민카드,CRD,국민카드,https://api.card-gorilla.com:8080/storage/card/1468/card_img/20546/1468card.png,https://api.card-gorilla.com:8080/storage/card/1468/card_img/20546/1468card.png,3,0,1,5
1427,CUbig PAY 체크카드,CRD,신협,https://api.card-gorilla.com:8080/storage/card/1469/card_img/20545/1469card.jpg,https://api.card-gorilla.com:8080/storage/card/1469/card_img/20545/1469card.jpg,25,0,1,3
1428,우체국 롯데 비즈니스 카드,CHK,롯데카드,https://api.card-gorilla.com:8080/storage/card/1470/card_img/20544/1470card.jpg,https://api.card-gorilla.com:8080/storage/card/1470/card_img/20544/1470card.jpg,35,0,1,0
1429,GS홈쇼핑 삼성티클래스카드,CHK,삼성카드,https://api.card-gorilla.com:8080/storage/card/1471/card_img/20543/1471card.png,https://api.card-gorilla.com:8080/storage/card/1471/card_img/20543/1471card.png,1,0,1,3
1430,GS홈쇼핑 삼성애니패스포인트카드,CRD,삼성카드,https://api.card-gorilla.com:8080/storage/card/1472/card_img/20542/1472card.png,https://api.card-gorilla.com:8080/storage/card/1472/card_img/20542/1472card.png,43,0,1,7
1431,GS샵&디앤샵 삼성애니패스포인트카드,CRD,삼성카드,https://api.card-gorilla.com:8080/storage/card/1473/card_img/20541/1473card.png,https://api.card-gorilla.com:8080/storage/card/1473/card_img/20541/1473card.png,27,0,1,3
1432,G마켓 삼성티클래스앤오일카드,CHK,삼성카드,https://api.card-gorilla.com:8080/storage/card/1474/card_img/20540/1474card.png,https://api.card-gorilla.com:8080/storage/card/1474/card_img/20540/1474card.png,31,0,1,4
1433,세이 삼성카드 S클래스,CHK,삼성카드,https://api.card-gorilla.com:8080/storage/card/1475/card_img/20539/1475card.png,https://api.card-gorilla.com:8080/storage/card/1475/card_img/20539/1475card.png,23,0,1,3
1434,싸이월드 롯데체크카드,CHK,롯데카드,https://api.card-gorilla.com:8080/storage/card/1476/card_img/20538/1476card.jpg,https://api.card-gorilla.com:8080/storage/card/1476/card_img/20538/1476card.jpg,0,0,1,9
1435,싸이월드 롯데카드,CHK,롯데카드,https://api.card-gorilla.com:8080/storage/card/1477/card_img/20537/1477card.jpg,https://api.card-gorilla.com:8080/storage/card/1477/card_img/20537/1477card.jpg,4,0,1,6
1436,쌍용자동차 오토 플러스카드,CHK,롯데카드,https://api.card-gorilla.com:8080/storage/card/1478/card_img/20536/1478card.jpg,https://api.card-gorilla.com:8080/storage/card/1478/card_img/20536/1478card.jpg,9,0,1,4
1437,썸뱅크 롯데 체크카드,CHK,롯데카드,https://api.card-gorilla.com:8080/storage/card/1479/card_img/20535/1479card.png,https://api.card-gorilla.com:8080/storage/card/1479/card_img/20535/1479card.png,27,0,1,5
1438,썸뱅크 롯데백화점 카드,CHK,롯데카드,https://api.card-gorilla.com:8080/storage/card/1480/card_img/20533/1480card.png,https://api.card-gorilla.com:8080/storage/card/1480/card_img/20533/1480card.png,48,0,1,6
1439,썸뱅크 롯데카드,CRD,롯데카드,https://api.card-gorilla.com:8080/storage/card/1481/card_img/20532/1481card.png,https://api.card-gorilla.com:8080/storage/card/1481/card_img/20532/1481card.png,36,0,1,1
1440,씨앤앰 롯데DC플러스카드,CHK,롯데카드,https://api.card-gorilla.com:8080/storage/card/1482/card_img/20531/1482card.jpg,https://api.card-gorilla.com:8080/storage/card/1482/card_img/20531/1482card.jpg,40,0,1,3
1441,아름다운가게 롯데카드,CHK,롯데카드,https://api.card-gorilla.com:8080/storage/card/1483/card_img/20530/1483card.jpg,https://api.card-gorilla.com:8080/storage/card/1483/card_img/20530/1483card.jpg,38,0,1,7
1442,박승철헤어스투디오 롯데카드,CRD,롯데카드,https://api.card-gorilla.com:8080/storage/card/1484/card_img/20434/1484card.jpg,https://api.card-gorilla.com:8080/storage/card/1484/card_img/20434/1484card.jpg,3,0,1,1
1443,벅스 롯데체크카드,CHK,롯데카드,https://api.card-gorilla.com:8080/storage/card/1485/card_img/20433/1485card.jpg,https://api.card-gorilla.com:8080/storage/card/1485/card_img/20433/1485card.jpg,28,0,1,6
1444,벅스 롯데카드,CRD,롯데카드,https://api.card-gorilla.com:8080/storage/card/1486/card_img/20429/1486card.jpg,https://api.card-gorilla.com:8080/storage/card/1486/card_img/20429/1486card.jpg,12,0,1,1
1445,IBK 무직타이거 카드(신용),CRD,IBK기업은행,https://api.card-gorilla.com:8080/storage/card/1487/card_img/20427/1487card.png,https://api.card-gorilla.com:8080/storage/card/1487/card_img/20427/1487card.png,3,0,1,0
1446,법률소비자연맹 포인트플러스 롯데체크카드,CRD,롯데카드,https://api.card-gorilla.com:8080/storage/card/1488/card_img/20425/1488card.jpg,https://api.card-gorilla.com:8080/storage/card/1488/card_img/20425/1488card.jpg,44,0,1,4
1447,법률소비자연맹 포인트플러스 롯데카드,CRD,롯데카드,https://api.card-gorilla.com:8080/storage/card/1489/card_img/20422/1489card.jpg,https://api.card-gorilla.com:8080/storage/card/1489/card_img/20422/1489card.jpg,22,0,1,9
1448,IBK 무직타이거 카드(체크),CRD,IBK기업은행,https://api.card-gorilla.com:8080/storage/card/1490/card_img/20409/1490card.png,https://api.card-gorilla.com:8080/storage/card/1490/card_img/20409/1490card.png,21,0,1,9
1449,베페 롯데카드,CHK,롯데카드,https://api.card-gorilla.com:8080/storage/card/1491/card_img/20405/1491card.jpg,https://api.card-gorilla.com:8080/storage/card/1491/card_img/20405/1491card.jpg,1,0,1,7
1450,보령메디앙스 맘 & 데디(Mom & Daddy) 카드,CRD,롯데카드,https://api.card-gorilla.com:8080/storage/card/1492/card_img/20397/1492card.jpg,https://api.card-gorilla.com:8080/storage/card/1492/card_img/20397/1492card.jpg,3,0,1,3
1451,위메프페이 체크카드,CRD,국민카드,https://api.card-gorilla.com:8080/storage/card/1493/card_img/20392/1493card.png,https://api.card-gorilla.com:8080/storage/card/1493/card_img/20392/1493card.png,10,0,1,9
1452,신라면세점 멤버십 삼성카드 S클래스,CRD,삼성카드,https://api.card-gorilla.com:8080/storage/card/1494/card_img/20388/1494card.png,https://api.card-gorilla.com:8080/storage/card/1494/card_img/20388/1494card.png,48,0,1,6
1453,삼성화재 멤버십 삼성카드 S클래스,CRD,삼성카드,https://api.card-gorilla.com:8080/storage/card/1495/card_img/20376/1495card.png,https://api.card-gorilla.com:8080/storage/card/1495/card_img/20376/1495card.png,20,0,1,8
1454,삼성화재theS 삼성카앤모아카드,CHK,삼성카드,https://api.card-gorilla.com:8080/storage/card/1496/card_img/20375/1496card.png,https://api.card-gorilla.com:8080/storage/card/1496/card_img/20375/1496card.png,47,0,1,2
1455,삼성카드,CHK,삼성카드,https://api.card-gorilla.com:8080/storage/card/1497/card_img/25344/1497card.png,https://api.card-gorilla.com:8080/storage/card/1497/card_img/25344/1497card.png,20,0,1,4
1456,SK에너지 삼성카드 4,CHK,삼성카드,https://api.card-gorilla.com:8080/storage/card/1498/card_img/20259/1498card.png,https://api.card-gorilla.com:8080/storage/card/1498/card_img/20259/1498card.png,42,0,1,10
1457,삼성카드 4+,CRD,삼성카드,https://api.card-gorilla.com:8080/storage/card/1499/card_img/20255/1499card.png,https://api.card-gorilla.com:8080/storage/card/1499/card_img/20255/1499card.png,23,0,1,2
1458,삼성카드 4 V2,CHK,삼성카드,https://api.card-gorilla.com:8080/storage/card/1500/card_img/20252/1500card.png,https://api.card-gorilla.com:8080/storage/card/1500/card_img/20252/1500card.png,44,0,1,1
1459,주니어라이프 체크카드,CHK,국민카드,https://api.card-gorilla.com:8080/storage/card/1501/card_img/20249/1501card.png,https://api.card-gorilla.com:8080/storage/card/1501/card_img/20249/1501card.png,31,0,1,9
1460,청춘대로 싱글 레터링 체크카드(긁으면),CRD,국민카드,https://api.card-gorilla.com:8080/storage/card/1502/card_img/20244/1502card.png,https://api.card-gorilla.com:8080/storage/card/1502/card_img/20244/1502card.png,4,0,1,0
1461,북피니언 롯데카드,CHK,롯데카드,https://api.card-gorilla.com:8080/storage/card/1503/card_img/20240/1503card.jpg,https://api.card-gorilla.com:8080/storage/card/1503/card_img/20240/1503card.jpg,28,0,1,9
1462,청춘대로 싱글 레터링 체크카드(잘사는),CRD,국민카드,https://api.card-gorilla.com:8080/storage/card/1504/card_img/20238/1504card.png,https://api.card-gorilla.com:8080/storage/card/1504/card_img/20238/1504card.png,0,0,1,5
1463,청호나이스 KB국민카드,CHK,국민카드,https://api.card-gorilla.com:8080/storage/card/1505/card_img/20237/1505card.png,https://api.card-gorilla.com:8080/storage/card/1505/card_img/20237/1505card.png,3,0,1,9
1464,삼성카드 4+ V2,CRD,삼성카드,https://api.card-gorilla.com:8080/storage/card/1506/card_img/20236/1506card.png,https://api.card-gorilla.com:8080/storage/card/1506/card_img/20236/1506card.png,28,0,1,9
1465,우체국 롯데체크카드,CHK,롯데카드,https://api.card-gorilla.com:8080/storage/card/1507/card_img/20235/1507card.jpg,https://api.card-gorilla.com:8080/storage/card/1507/card_img/20235/1507card.jpg,22,0,1,8
1466,동부저축은행 삼성체크카드,CHK,삼성카드,https://api.card-gorilla.com:8080/storage/card/1508/card_img/20234/1508card.png,https://api.card-gorilla.com:8080/storage/card/1508/card_img/20234/1508card.png,23,0,1,2
1467,불멸코리아 롯데체크카드,CRD,롯데카드,https://api.card-gorilla.com:8080/storage/card/1509/card_img/20233/1509card.jpg,https://api.card-gorilla.com:8080/storage/card/1509/card_img/20233/1509card.jpg,2,0,1,6
1468,코웨이Ⅱ 카드,CHK,국민카드,https://api.card-gorilla.com:8080/storage/card/1510/card_img/20223/1510card.png,https://api.card-gorilla.com:8080/storage/card/1510/card_img/20223/1510card.png,5,0,1,2
1469,동부증권해피플러스CMA 삼성체크카드,CHK,삼성카드,https://api.card-gorilla.com:8080/storage/card/1511/card_img/20222/1511card.png,https://api.card-gorilla.com:8080/storage/card/1511/card_img/20222/1511card.png,27,0,1,7
1470,쿠쿠렌탈Ⅱ카드,CHK,국민카드,https://api.card-gorilla.com:8080/storage/card/1512/card_img/20221/1512card.png,https://api.card-gorilla.com:8080/storage/card/1512/card_img/20221/1512card.png,23,0,1,0
1471,불멸코리아 롯데카드,CRD,롯데카드,https://api.card-gorilla.com:8080/storage/card/1513/card_img/20220/1513card.jpg,https://api.card-gorilla.com:8080/storage/card/1513/card_img/20220/1513card.jpg,36,0,1,4
1472,쿠쿠렌탈 티타늄카드,CRD,국민카드,https://api.card-gorilla.com:8080/storage/card/1514/card_img/20219/1514card.png,https://api.card-gorilla.com:8080/storage/card/1514/card_img/20219/1514card.png,5,0,1,5
1473,SC은행 삼성애니패스포인트 체크카드,CRD,삼성카드,https://api.card-gorilla.com:8080/storage/card/1515/card_img/20218/1515card.png,https://api.card-gorilla.com:8080/storage/card/1515/card_img/20218/1515card.png,23,0,1,9
1474,우체국 롯데카드,CRD,롯데카드,https://api.card-gorilla.com:8080/storage/card/1516/card_img/20217/1516card.jpg,https://api.card-gorilla.com:8080/storage/card/1516/card_img/20217/1516card.jpg,2,0,1,2
1475,디지털멤버십 삼성유포인트카드,CRD,삼성카드,https://api.card-gorilla.com:8080/storage/card/1517/card_img/20216/1517card.png,https://api.card-gorilla.com:8080/storage/card/1517/card_img/20216/1517card.png,31,0,1,6
1476,위니아만도 롯데카드,CHK,롯데카드,https://api.card-gorilla.com:8080/storage/card/1518/card_img/20215/1518card.jpg,https://api.card-gorilla.com:8080/storage/card/1518/card_img/20215/1518card.jpg,33,0,1,6
1477,LG전자 렌탈 플러스 하나카드,CHK,하나카드,https://api.card-gorilla.com:8080/storage/card/1519/card_img/20214/1519card.png,https://api.card-gorilla.com:8080/storage/card/1519/card_img/20214/1519card.png,10,0,1,9
1478,행복한대구경북티타늄카드,CRD,국민카드,https://api.card-gorilla.com:8080/storage/card/1520/card_img/20213/1520card.png,https://api.card-gorilla.com:8080/storage/card/1520/card_img/20213/1520card.png,8,0,1,0
1479,CU big CLASSIC,CRD,신협,https://api.card-gorilla.com:8080/storage/card/1521/card_img/20212/1521card.png,https://api.card-gorilla.com:8080/storage/card/1521/card_img/20212/1521card.png,30,0,1,10
1480,쇼핑 그린,CHK,신협,https://api.card-gorilla.com:8080/storage/card/1522/card_img/20210/1522card.png,https://api.card-gorilla.com:8080/storage/card/1522/card_img/20210/1522card.png,33,0,1,0
1481,L.PAY 하나 체크카드,CHK,하나카드,https://api.card-gorilla.com:8080/storage/card/1523/card_img/20209/1523card.png,https://api.card-gorilla.com:8080/storage/card/1523/card_img/20209/1523card.png,3,0,1,1
1482,Cubig 청춘,CHK,신협,https://api.card-gorilla.com:8080/storage/card/1524/card_img/20208/1524card.png,https://api.card-gorilla.com:8080/storage/card/1524/card_img/20208/1524card.png,27,0,1,5
1483,Cubig SIMPLE(하이브리드형),CHK,신협,https://api.card-gorilla.com:8080/storage/card/1525/card_img/20207/1525card.png,https://api.card-gorilla.com:8080/storage/card/1525/card_img/20207/1525card.png,8,0,1,6
1484,K리그 축덕 Young Hana 체크카드 with OKcashbag,CHK,하나카드,https://api.card-gorilla.com:8080/storage/card/1526/card_img/20206/1526card.png,https://api.card-gorilla.com:8080/storage/card/1526/card_img/20206/1526card.png,21,0,1,10
1485,KT Super 할부,CRD,하나카드,https://api.card-gorilla.com:8080/storage/card/1527/card_img/20205/1527card.png,https://api.card-gorilla.com:8080/storage/card/1527/card_img/20205/1527card.png,34,0,1,9
1486,ROVL 다이아몬드(토탈마일)기업카드,CRD,국민카드,https://api.card-gorilla.com:8080/storage/card/1528/card_img/20204/1528card.png,https://api.card-gorilla.com:8080/storage/card/1528/card_img/20204/1528card.png,27,0,1,4
1487,KT Super DC,CRD,하나카드,https://api.card-gorilla.com:8080/storage/card/1529/card_img/20202/1529card.png,https://api.card-gorilla.com:8080/storage/card/1529/card_img/20202/1529card.png,8,0,1,7
1488,BS렌탈 플러스 하나카드,CRD,하나카드,https://api.card-gorilla.com:8080/storage/card/1530/card_img/20201/1530card.png,https://api.card-gorilla.com:8080/storage/card/1530/card_img/20201/1530card.png,21,0,1,3
1489,Any PLUS SMTOWN &STORE 카드,CHK,하나카드,https://api.card-gorilla.com:8080/storage/card/1531/card_img/20200/1531card.png,https://api.card-gorilla.com:8080/storage/card/1531/card_img/20200/1531card.png,48,0,1,0
1490,LGU+ 카드의정석 Ⅱ,CRD,우리카드,https://api.card-gorilla.com:8080/storage/card/1532/card_img/20199/1532card.png,https://api.card-gorilla.com:8080/storage/card/1532/card_img/20199/1532card.png,26,0,1,4
1491,동양증권WCMA신세계 삼성애니패스포인트카드,CHK,삼성카드,https://api.card-gorilla.com:8080/storage/card/1533/card_img/20198/1533card.png,https://api.card-gorilla.com:8080/storage/card/1533/card_img/20198/1533card.png,42,0,1,5
1492,LIG 삼성티클래스앤오일카드,CHK,삼성카드,https://api.card-gorilla.com:8080/storage/card/1534/card_img/20197/1534card.png,https://api.card-gorilla.com:8080/storage/card/1534/card_img/20197/1534card.png,10,0,1,3
1493,ENVY 삼성애니패스포인트카드,CHK,삼성카드,https://api.card-gorilla.com:8080/storage/card/1535/card_img/20180/1535card.png,https://api.card-gorilla.com:8080/storage/card/1535/card_img/20180/1535card.png,34,0,1,0
1494,ENVY 삼성지엔미포인트카드,CHK,삼성카드,https://api.card-gorilla.com:8080/storage/card/1536/card_img/20179/1536card.png,https://api.card-gorilla.com:8080/storage/card/1536/card_img/20179/1536card.png,7,0,1,6
1495,D&Style 삼성지엔미포인트카드,CRD,삼성카드,https://api.card-gorilla.com:8080/storage/card/1537/card_img/22697/1537card.png,https://api.card-gorilla.com:8080/storage/card/1537/card_img/22697/1537card.png,20,0,1,8
1496,D&Life 삼성애니패스포인트카드,CRD,삼성카드,https://api.card-gorilla.com:8080/storage/card/1538/card_img/22696/1538card.png,https://api.card-gorilla.com:8080/storage/card/1538/card_img/22696/1538card.png,19,0,1,5
1497,SC제일은행 삼성카드 BIZ 4 V2,CRD,삼성카드,https://api.card-gorilla.com:8080/storage/card/1539/card_img/22695/1539card.png,https://api.card-gorilla.com:8080/storage/card/1539/card_img/22695/1539card.png,27,0,1,1
1498,비비드레스 롯데카드,CHK,롯데카드,https://api.card-gorilla.com:8080/storage/card/1540/card_img/22694/1540card.jpg,https://api.card-gorilla.com:8080/storage/card/1540/card_img/22694/1540card.jpg,11,0,1,0
1499,사랑의열매 롯데카드,CHK,롯데카드,https://api.card-gorilla.com:8080/storage/card/1541/card_img/22693/1541card.jpg,https://api.card-gorilla.com:8080/storage/card/1541/card_img/22693/1541card.jpg,26,0,1,4
1500,삼성CMA플러스 롯데체크카드,CHK,롯데카드,https://api.card-gorilla.com:8080/storage/card/1542/card_img/22692/1542card.jpg,https://api.card-gorilla.com:8080/storage/card/1542/card_img/22692/1542card.jpg,14,0,1,10
1501,KTX이마트 삼성카드,CRD,삼성카드,https://api.card-gorilla.com:8080/storage/card/1543/card_img/22691/1543card.png,https://api.card-gorilla.com:8080/storage/card/1543/card_img/22691/1543card.png,0,0,1,9
1502,해피포인트 KB국민카드,CRD,국민카드,https://api.card-gorilla.com:8080/storage/card/1544/card_img/22690/1544card.png,https://api.card-gorilla.com:8080/storage/card/1544/card_img/22690/1544card.png,16,0,1,10
1503,SLR클럽 삼성티클래스카드,CRD,삼성카드,https://api.card-gorilla.com:8080/storage/card/1545/card_img/22689/1545card.png,https://api.card-gorilla.com:8080/storage/card/1545/card_img/22689/1545card.png,42,0,1,10
1504,T라이트 카드의정석,CRD,우리카드,https://api.card-gorilla.com:8080/storage/card/1546/card_img/22688/1546card.png,https://api.card-gorilla.com:8080/storage/card/1546/card_img/22688/1546card.png,36,0,1,6
1505,SLR클럽 삼성애니패스포인트카드,CRD,삼성카드,https://api.card-gorilla.com:8080/storage/card/1547/card_img/22687/1547card.png,https://api.card-gorilla.com:8080/storage/card/1547/card_img/22687/1547card.png,40,0,1,3
1506,STM철도 삼성지엔미카드,CHK,삼성카드,https://api.card-gorilla.com:8080/storage/card/1548/card_img/22686/1548card.png,https://api.card-gorilla.com:8080/storage/card/1548/card_img/22686/1548card.png,26,0,1,0
1507,하나투어 KB국민카드,CRD,국민카드,https://api.card-gorilla.com:8080/storage/card/1549/card_img/22685/1549card.png,https://api.card-gorilla.com:8080/storage/card/1549/card_img/22685/1549card.png,1,0,1,8
1508,구도일+100 롯데카드,CHK,롯데카드,https://api.card-gorilla.com:8080/storage/card/1550/card_img/22684/1550card.gif,https://api.card-gorilla.com:8080/storage/card/1550/card_img/22684/1550card.gif,43,0,1,5
1509,STM철도 삼성애니패스카드,CHK,삼성카드,https://api.card-gorilla.com:8080/storage/card/1551/card_img/22683/1551card.png,https://api.card-gorilla.com:8080/storage/card/1551/card_img/22683/1551card.png,4,0,1,2
1510,S-OIL 삼성카드 4 (포인트),CRD,삼성카드,https://api.card-gorilla.com:8080/storage/card/1552/card_img/22682/1552card.png,https://api.card-gorilla.com:8080/storage/card/1552/card_img/22682/1552card.png,47,0,1,4
1511,SN KB국민은행 삼성애니패스포인트 체크카드,CRD,삼성카드,https://api.card-gorilla.com:8080/storage/card/1553/card_img/22681/1553card.png,https://api.card-gorilla.com:8080/storage/card/1553/card_img/22681/1553card.png,8,0,1,1
1512,대교 삼성카드 & POINT,CHK,삼성카드,https://api.card-gorilla.com:8080/storage/card/1554/card_img/22680/1554card.png,https://api.card-gorilla.com:8080/storage/card/1554/card_img/22680/1554card.png,22,0,1,8
1513,SKT 우리카드,CRD,우리카드,https://api.card-gorilla.com:8080/storage/card/1555/card_img/22679/1555card.png,https://api.card-gorilla.com:8080/storage/card/1555/card_img/22679/1555card.png,0,0,1,7
1514,플렉스페이카드,CHK,국민카드,https://api.card-gorilla.com:8080/storage/card/1556/card_img/22678/1556card.png,https://api.card-gorilla.com:8080/storage/card/1556/card_img/22678/1556card.png,9,0,1,3
1515,삼성 페이 삼성체크카드 & POINT,CHK,삼성카드,https://api.card-gorilla.com:8080/storage/card/1557/card_img/22677/1557card.png,https://api.card-gorilla.com:8080/storage/card/1557/card_img/22677/1557card.png,45,0,1,6
1516,탄탄대로 웰컴카드,CRD,국민카드,https://api.card-gorilla.com:8080/storage/card/1558/card_img/22676/1558card.png,https://api.card-gorilla.com:8080/storage/card/1558/card_img/22676/1558card.png,6,0,1,4
1517,삼성아멕스카드,CHK,삼성카드,https://api.card-gorilla.com:8080/storage/card/1559/card_img/22675/1559card.png,https://api.card-gorilla.com:8080/storage/card/1559/card_img/22675/1559card.png,44,0,1,2
1518,삼성스마트오토 캐시백체크카드,CHK,삼성카드,https://api.card-gorilla.com:8080/storage/card/1560/card_img/22674/1560card.png,https://api.card-gorilla.com:8080/storage/card/1560/card_img/22674/1560card.png,26,0,1,0
1519,SK 세븐모바일 라서 즐거운카드,CRD,우리카드,https://api.card-gorilla.com:8080/storage/card/1561/card_img/22673/1561card.png,https://api.card-gorilla.com:8080/storage/card/1561/card_img/22673/1561card.png,8,0,1,9
1520,삼성오일앤세이브플러스카드,CRD,삼성카드,https://api.card-gorilla.com:8080/storage/card/1562/card_img/22672/1562card.png,https://api.card-gorilla.com:8080/storage/card/1562/card_img/22672/1562card.png,38,0,1,2
1521,olleh CEO 우리카드,CRD,우리카드,https://api.card-gorilla.com:8080/storage/card/1563/card_img/22671/1563card.png,https://api.card-gorilla.com:8080/storage/card/1563/card_img/22671/1563card.png,19,0,1,2
1522,삼성오일앤세이브플러스카드 (유류환급),CRD,삼성카드,https://api.card-gorilla.com:8080/storage/card/1564/card_img/22670/1564card.png,https://api.card-gorilla.com:8080/storage/card/1564/card_img/22670/1564card.png,34,0,1,8
1523,썸(SUM)화물복지카드 (개인체크),CHK,우리카드,https://api.card-gorilla.com:8080/storage/card/1565/card_img/22669/1565card.png,https://api.card-gorilla.com:8080/storage/card/1565/card_img/22669/1565card.png,4,0,1,0
1524,삼성카드 애니패스 +,CHK,삼성카드,https://api.card-gorilla.com:8080/storage/card/1566/card_img/22668/1566card.png,https://api.card-gorilla.com:8080/storage/card/1566/card_img/22668/1566card.png,2,0,1,3
1525,WithWOORI보조금결제전용카드,CRD,우리카드,https://api.card-gorilla.com:8080/storage/card/1567/card_img/22667/1567card.png,https://api.card-gorilla.com:8080/storage/card/1567/card_img/22667/1567card.png,4,0,1,2
1526,국방신협 우리카드,CRD,우리카드,https://api.card-gorilla.com:8080/storage/card/1568/card_img/22666/1568card.png,https://api.card-gorilla.com:8080/storage/card/1568/card_img/22666/1568card.png,45,0,1,8
1527,KB국민 훈카드,CRD,국민카드,https://api.card-gorilla.com:8080/storage/card/1569/card_img/22665/1569card.png,https://api.card-gorilla.com:8080/storage/card/1569/card_img/22665/1569card.png,3,0,1,9
1528,KB국민 민카드,CHK,국민카드,https://api.card-gorilla.com:8080/storage/card/1570/card_img/22664/1570card.png,https://api.card-gorilla.com:8080/storage/card/1570/card_img/22664/1570card.png,20,0,1,9
1529,삼성카드 3,CRD,삼성카드,https://api.card-gorilla.com:8080/storage/card/1571/card_img/22663/1571card.png,https://api.card-gorilla.com:8080/storage/card/1571/card_img/22663/1571card.png,14,0,1,10
1530,탐나는전 체크카드,CRD,국민카드,https://api.card-gorilla.com:8080/storage/card/1572/card_img/22656/1572card.png,https://api.card-gorilla.com:8080/storage/card/1572/card_img/22656/1572card.png,39,0,1,4
1531,티머니 체크카드,CRD,국민카드,https://api.card-gorilla.com:8080/storage/card/1573/card_img/22652/1573card.png,https://api.card-gorilla.com:8080/storage/card/1573/card_img/22652/1573card.png,15,0,1,10
1532,e나라도움카드,CHK,NH농협카드,https://api.card-gorilla.com:8080/storage/card/1574/card_img/22651/1574card.png,https://api.card-gorilla.com:8080/storage/card/1574/card_img/22651/1574card.png,32,0,1,6
1533,e나라도움체크카드,CHK,NH농협카드,https://api.card-gorilla.com:8080/storage/card/1575/card_img/22647/1575card.png,https://api.card-gorilla.com:8080/storage/card/1575/card_img/22647/1575card.png,40,0,1,7
1534,Free&(프리앤)카드,CHK,NH농협카드,https://api.card-gorilla.com:8080/storage/card/1576/card_img/22646/1576card.png,https://api.card-gorilla.com:8080/storage/card/1576/card_img/22646/1576card.png,39,0,1,10
1535,New후불하이패스카드,CRD,NH농협카드,https://api.card-gorilla.com:8080/storage/card/1577/card_img/22645/1577card.png,https://api.card-gorilla.com:8080/storage/card/1577/card_img/22645/1577card.png,38,0,1,6
1536,삼성카드 3 V2,CHK,삼성카드,https://api.card-gorilla.com:8080/storage/card/1578/card_img/22641/1578card.png,https://api.card-gorilla.com:8080/storage/card/1578/card_img/22641/1578card.png,30,0,1,10
1537,삼성카드 BIZ 3,CRD,삼성카드,https://api.card-gorilla.com:8080/storage/card/1579/card_img/22640/1579card.png,https://api.card-gorilla.com:8080/storage/card/1579/card_img/22640/1579card.png,0,0,1,2
1538,삼성카드 3+,CRD,삼성카드,https://api.card-gorilla.com:8080/storage/card/1580/card_img/22639/1580card.png,https://api.card-gorilla.com:8080/storage/card/1580/card_img/22639/1580card.png,29,0,1,3
1539,삼성카드 3+ V2,CRD,삼성카드,https://api.card-gorilla.com:8080/storage/card/1581/card_img/23919/1581card.png,https://api.card-gorilla.com:8080/storage/card/1581/card_img/23919/1581card.png,29,0,1,8
1540,삼성카드 3+ (스카이패스),CHK,삼성카드,https://api.card-gorilla.com:8080/storage/card/1582/card_img/22635/1582card.png,https://api.card-gorilla.com:8080/storage/card/1582/card_img/22635/1582card.png,3,0,1,3
1541,ROVL 시그니쳐(스카이패스)기업카드,CRD,국민카드,https://api.card-gorilla.com:8080/storage/card/1583/card_img/22634/1583card.png,https://api.card-gorilla.com:8080/storage/card/1583/card_img/22634/1583card.png,20,0,1,9
1542,신협-신한카드 Hi-Point,CHK,신협,https://api.card-gorilla.com:8080/storage/card/1584/card_img/22633/1584card.png,https://api.card-gorilla.com:8080/storage/card/1584/card_img/22633/1584card.png,5,0,1,7
1543,삼성디지털프라자 삼성티클래스카드,CHK,삼성카드,https://api.card-gorilla.com:8080/storage/card/1585/card_img/22632/1585card.png,https://api.card-gorilla.com:8080/storage/card/1585/card_img/22632/1585card.png,15,0,1,0
1544,신협-신한카드 Shopping,CHK,신협,https://api.card-gorilla.com:8080/storage/card/1586/card_img/22631/1586card.png,https://api.card-gorilla.com:8080/storage/card/1586/card_img/22631/1586card.png,16,0,1,4
1545,11번가 삼성티클래스앤오일카드,CHK,삼성카드,https://api.card-gorilla.com:8080/storage/card/1587/card_img/22630/1587card.png,https://api.card-gorilla.com:8080/storage/card/1587/card_img/22630/1587card.png,31,0,1,4
1546,KB국민 정카드,CRD,국민카드,https://api.card-gorilla.com:8080/storage/card/1588/card_img/22629/1588card.png,https://api.card-gorilla.com:8080/storage/card/1588/card_img/22629/1588card.png,40,0,1,0
1547,KB국민 음카드,CRD,국민카드,https://api.card-gorilla.com:8080/storage/card/1589/card_img/22628/1589card.png,https://api.card-gorilla.com:8080/storage/card/1589/card_img/22628/1589card.png,49,0,1,1
1548,kt-현대카드M Edition3(라이트할부형),CHK,현대카드,https://api.card-gorilla.com:8080/storage/card/1590/card_img/22627/1590card.png,https://api.card-gorilla.com:8080/storage/card/1590/card_img/22627/1590card.png,4,0,1,3
1549,아모레퍼시픽 올림카드,CRD,국민카드,https://api.card-gorilla.com:8080/storage/card/1591/card_img/22626/1591card.png,https://api.card-gorilla.com:8080/storage/card/1591/card_img/22626/1591card.png,10,0,1,3
1550,신협-신한카드 B.Big(삑),CHK,신협,https://api.card-gorilla.com:8080/storage/card/1592/card_img/22625/1592card.png,https://api.card-gorilla.com:8080/storage/card/1592/card_img/22625/1592card.png,36,0,1,5
1551,신협-신한카드 RPM+Platinum#,CHK,신협,https://api.card-gorilla.com:8080/storage/card/1593/card_img/22624/1593card.png,https://api.card-gorilla.com:8080/storage/card/1593/card_img/22624/1593card.png,27,0,1,5
1552,세라젬 KB국민카드,CHK,국민카드,https://api.card-gorilla.com:8080/storage/card/1594/card_img/22623/1594card.png,https://api.card-gorilla.com:8080/storage/card/1594/card_img/22623/1594card.png,7,0,1,6
1553,신협-신한카드 Love Platinum#,CRD,신협,https://api.card-gorilla.com:8080/storage/card/1595/card_img/22621/1595card.png,https://api.card-gorilla.com:8080/storage/card/1595/card_img/22621/1595card.png,46,0,1,8
1554,kt-현대카드M Edition3(청구할인형2.0),CRD,현대카드,https://api.card-gorilla.com:8080/storage/card/1596/card_img/22620/1596card.png,https://api.card-gorilla.com:8080/storage/card/1596/card_img/22620/1596card.png,27,0,1,9
1555,신협-신한카드 Air One,CHK,신협,https://api.card-gorilla.com:8080/storage/card/1597/card_img/22610/1597card.png,https://api.card-gorilla.com:8080/storage/card/1597/card_img/22610/1597card.png,48,0,1,6
1556,KB국민 SK매직 올림카드,CHK,국민카드,https://api.card-gorilla.com:8080/storage/card/1598/card_img/22606/1598card.png,https://api.card-gorilla.com:8080/storage/card/1598/card_img/22606/1598card.png,41,0,1,10
1557,신협-신한카드 The CLASSIC+,CHK,신협,https://api.card-gorilla.com:8080/storage/card/1599/card_img/22605/1599card.png,https://api.card-gorilla.com:8080/storage/card/1599/card_img/22605/1599card.png,37,0,1,4
1558,kt-현대카드M Edition3(청구할인형),CHK,현대카드,https://api.card-gorilla.com:8080/storage/card/1600/card_img/22604/1600card.png,https://api.card-gorilla.com:8080/storage/card/1600/card_img/22604/1600card.png,17,0,1,10
1559,kt M mobile-현대카드M Edition3,CHK,현대카드,https://api.card-gorilla.com:8080/storage/card/1601/card_img/22603/1601card.png,https://api.card-gorilla.com:8080/storage/card/1601/card_img/22603/1601card.png,10,0,1,10
1560,신한카드 The LADY BEST,CHK,신한카드,https://api.card-gorilla.com:8080/storage/card/1602/card_img/22602/1602card.png,https://api.card-gorilla.com:8080/storage/card/1602/card_img/22602/1602card.png,7,0,1,2
1561,삼성마이키즈카드,CHK,삼성카드,https://api.card-gorilla.com:8080/storage/card/1603/card_img/22601/1603card.png,https://api.card-gorilla.com:8080/storage/card/1603/card_img/22601/1603card.png,32,0,1,0
1562,SK내트럭 유가보조금카드,CRD,국민카드,https://api.card-gorilla.com:8080/storage/card/1604/card_img/22600/1604card.png,https://api.card-gorilla.com:8080/storage/card/1604/card_img/22600/1604card.png,11,0,1,10
1563,U+ 알뜰모바일-현대카드M Edition3,CRD,현대카드,https://api.card-gorilla.com:8080/storage/card/1605/card_img/22599/1605card.png,https://api.card-gorilla.com:8080/storage/card/1605/card_img/22599/1605card.png,30,0,1,1
1564,삼성마이키즈플러스카드,CHK,삼성카드,https://api.card-gorilla.com:8080/storage/card/1606/card_img/22598/1606card.png,https://api.card-gorilla.com:8080/storage/card/1606/card_img/22598/1606card.png,29,0,1,4
1565,SK 7mobile-현대카드M Edition3,CHK,현대카드,https://api.card-gorilla.com:8080/storage/card/1607/card_img/22597/1607card.png,https://api.card-gorilla.com:8080/storage/card/1607/card_img/22597/1607card.png,25,0,1,1
1566,SK 7mobile카드,CHK,국민카드,https://api.card-gorilla.com:8080/storage/card/1608/card_img/22596/1608card.png,https://api.card-gorilla.com:8080/storage/card/1608/card_img/22596/1608card.png,42,0,1,1
1567,피에르 가니에르 인피니트 카드,CRD,롯데카드,https://api.card-gorilla.com:8080/storage/card/1609/card_img/22595/1609card.jpg,https://api.card-gorilla.com:8080/storage/card/1609/card_img/22595/1609card.jpg,22,0,1,4
1568,KB국민 티머니 노리 학생증체크카드(퍼플),CRD,국민카드,https://api.card-gorilla.com:8080/storage/card/1610/card_img/22594/1610card.png,https://api.card-gorilla.com:8080/storage/card/1610/card_img/22594/1610card.png,50,0,1,10
1569,PlayStation? - 현대카드M,CHK,현대카드,https://api.card-gorilla.com:8080/storage/card/1611/card_img/22591/1611card.png,https://api.card-gorilla.com:8080/storage/card/1611/card_img/22591/1611card.png,46,0,1,8
1570,삼성빅앤빅카드,CRD,삼성카드,https://api.card-gorilla.com:8080/storage/card/1612/card_img/22590/1612card.png,https://api.card-gorilla.com:8080/storage/card/1612/card_img/22590/1612card.png,24,0,1,1
1571,신한카드 The CLASSIC,CRD,신한카드,https://api.card-gorilla.com:8080/storage/card/1613/card_img/22587/1613card.png,https://api.card-gorilla.com:8080/storage/card/1613/card_img/22587/1613card.png,39,0,1,6
1572,쿠쿠 프리멤버쉽 하나카드,CHK,하나카드,https://api.card-gorilla.com:8080/storage/card/1614/card_img/22584/1614card.png,https://api.card-gorilla.com:8080/storage/card/1614/card_img/22584/1614card.png,34,0,1,6
1573,KB국민 티머니노리학생증 체크카드(세로형_퍼플),CHK,국민카드,https://api.card-gorilla.com:8080/storage/card/1615/card_img/22581/1615card.png,https://api.card-gorilla.com:8080/storage/card/1615/card_img/22581/1615card.png,33,0,1,4
1574,KB국민 티머니노리학생증 체크카드(블루_세로형),CRD,국민카드,https://api.card-gorilla.com:8080/storage/card/1616/card_img/22580/1616card.png,https://api.card-gorilla.com:8080/storage/card/1616/card_img/22580/1616card.png,49,0,1,9
1575,KB국민 티머니노리학생증 체크카드(그린_세로형),CHK,국민카드,https://api.card-gorilla.com:8080/storage/card/1617/card_img/22579/1617card.png,https://api.card-gorilla.com:8080/storage/card/1617/card_img/22579/1617card.png,26,0,1,1
1576,KB국민 티머니노리학생증 체크카드(그린),CHK,국민카드,https://api.card-gorilla.com:8080/storage/card/1618/card_img/22578/1618card.png,https://api.card-gorilla.com:8080/storage/card/1618/card_img/22578/1618card.png,33,0,1,6
1577,KB국민 티머니노리학생증 체크카드(블루),CHK,국민카드,https://api.card-gorilla.com:8080/storage/card/1619/card_img/22577/1619card.png,https://api.card-gorilla.com:8080/storage/card/1619/card_img/22577/1619card.png,21,0,1,6
1578,삼성빅보너스카드,CHK,삼성카드,https://api.card-gorilla.com:8080/storage/card/1620/card_img/22576/1620card.png,https://api.card-gorilla.com:8080/storage/card/1620/card_img/22576/1620card.png,1,0,1,2
1579,내(內) 카드,CRD,하나카드,https://api.card-gorilla.com:8080/storage/card/1621/card_img/22575/1621card.png,https://api.card-gorilla.com:8080/storage/card/1621/card_img/22575/1621card.png,0,0,1,1
1580,필레오 롯데카드,CHK,롯데카드,https://api.card-gorilla.com:8080/storage/card/1622/card_img/22574/1622card.jpg,https://api.card-gorilla.com:8080/storage/card/1622/card_img/22574/1622card.jpg,40,0,1,8
1581,삼성빅보너스체크카드,CHK,삼성카드,https://api.card-gorilla.com:8080/storage/card/1623/card_img/22573/1623card.png,https://api.card-gorilla.com:8080/storage/card/1623/card_img/22573/1623card.png,26,0,1,0
1582,삼성마이골프카드,CHK,삼성카드,https://api.card-gorilla.com:8080/storage/card/1624/card_img/22572/1624card.png,https://api.card-gorilla.com:8080/storage/card/1624/card_img/22572/1624card.png,38,0,1,5
1583,삼성 리워즈 하나 신용카드,CHK,하나카드,https://api.card-gorilla.com:8080/storage/card/1625/card_img/22571/1625card.png,https://api.card-gorilla.com:8080/storage/card/1625/card_img/22571/1625card.png,27,0,1,1
1584,신한카드 The BEST,CRD,신한카드,https://api.card-gorilla.com:8080/storage/card/1626/card_img/22568/1626card.png,https://api.card-gorilla.com:8080/storage/card/1626/card_img/22568/1626card.png,2,0,1,7
1585,하기스몰 롯데카드,CHK,롯데카드,https://api.card-gorilla.com:8080/storage/card/1627/card_img/22555/1627card.png,https://api.card-gorilla.com:8080/storage/card/1627/card_img/22555/1627card.png,31,0,1,7
1586,삼성비즈니스매니저카드,CRD,삼성카드,https://api.card-gorilla.com:8080/storage/card/1628/card_img/22554/1628card.png,https://api.card-gorilla.com:8080/storage/card/1628/card_img/22554/1628card.png,35,0,1,8
1587,신한카드 The ACE,CHK,신한카드,https://api.card-gorilla.com:8080/storage/card/1629/card_img/22553/1629card.png,https://api.card-gorilla.com:8080/storage/card/1629/card_img/22553/1629card.png,40,0,1,3
1588,한화생명 Family카드 (골프형),CRD,우리카드,https://api.card-gorilla.com:8080/storage/card/1630/card_img/22552/1630card.png,https://api.card-gorilla.com:8080/storage/card/1630/card_img/22552/1630card.png,6,0,1,4
1589,삼성비즈니스플래티늄카드,CHK,삼성카드,https://api.card-gorilla.com:8080/storage/card/1631/card_img/22551/1631card.png,https://api.card-gorilla.com:8080/storage/card/1631/card_img/22551/1631card.png,41,0,1,3
1590,위메이크프라이스 롯데포인트플러스카드,CRD,롯데카드,https://api.card-gorilla.com:8080/storage/card/1632/card_img/22550/1632card.jpg,https://api.card-gorilla.com:8080/storage/card/1632/card_img/22550/1632card.jpg,40,0,1,5
1591,하나은행 롯데포인트 플러스 GRANDE 체크카드,CHK,롯데카드,https://api.card-gorilla.com:8080/storage/card/1633/card_img/22549/1633card.png,https://api.card-gorilla.com:8080/storage/card/1633/card_img/22549/1633card.png,19,0,1,8
1592,하우머치 롯데카드,CHK,롯데카드,https://api.card-gorilla.com:8080/storage/card/1634/card_img/22547/1634card.jpg,https://api.card-gorilla.com:8080/storage/card/1634/card_img/22547/1634card.jpg,21,0,1,1
1593,하이카다이렉트 롯데포인트플러스카드,CHK,롯데카드,https://api.card-gorilla.com:8080/storage/card/1635/card_img/22546/1635card.jpg,https://api.card-gorilla.com:8080/storage/card/1635/card_img/22546/1635card.jpg,16,0,1,3
1594,한국납세자연맹 롯데포인트플러스카드,CRD,롯데카드,https://api.card-gorilla.com:8080/storage/card/1636/card_img/22545/1636card.jpg,https://api.card-gorilla.com:8080/storage/card/1636/card_img/22545/1636card.jpg,34,0,1,10
1595,삼성카드5,CRD,삼성카드,https://api.card-gorilla.com:8080/storage/card/1637/card_img/22544/1637card.png,https://api.card-gorilla.com:8080/storage/card/1637/card_img/22544/1637card.png,35,0,1,4
1596,백년지대계 삼성카드 5,CRD,삼성카드,https://api.card-gorilla.com:8080/storage/card/1638/card_img/22543/1638card.png,https://api.card-gorilla.com:8080/storage/card/1638/card_img/22543/1638card.png,18,0,1,0
1597,딸기가좋아 삼성카드 5,CRD,삼성카드,https://api.card-gorilla.com:8080/storage/card/1639/card_img/22542/1639card.png,https://api.card-gorilla.com:8080/storage/card/1639/card_img/22542/1639card.png,12,0,1,7
1598,삼성카드 5 V2,CHK,삼성카드,https://api.card-gorilla.com:8080/storage/card/1640/card_img/22541/1640card.png,https://api.card-gorilla.com:8080/storage/card/1640/card_img/22541/1640card.png,49,0,1,5
1599,삼성카드 5+,CHK,삼성카드,https://api.card-gorilla.com:8080/storage/card/1641/card_img/22540/1641card.png,https://api.card-gorilla.com:8080/storage/card/1641/card_img/22540/1641card.png,21,0,1,9
1600,북크 삼성카드 5,CRD,삼성카드,https://api.card-gorilla.com:8080/storage/card/1642/card_img/22539/1642card.png,https://api.card-gorilla.com:8080/storage/card/1642/card_img/22539/1642card.png,40,0,1,8
1601,Gvalley 삼성카드 5,CRD,삼성카드,https://api.card-gorilla.com:8080/storage/card/1643/card_img/22538/1643card.png,https://api.card-gorilla.com:8080/storage/card/1643/card_img/22538/1643card.png,37,0,1,9
1602,Gvalley 삼성카드 3,CHK,삼성카드,https://api.card-gorilla.com:8080/storage/card/1644/card_img/22537/1644card.png,https://api.card-gorilla.com:8080/storage/card/1644/card_img/22537/1644card.png,10,0,1,6
1603,백년지대계 삼성카드 7,CRD,삼성카드,https://api.card-gorilla.com:8080/storage/card/1645/card_img/22529/1645card.png,https://api.card-gorilla.com:8080/storage/card/1645/card_img/22529/1645card.png,2,0,1,4
1604,삼성카드 7 V2,CHK,삼성카드,https://api.card-gorilla.com:8080/storage/card/1646/card_img/22528/1646card.png,https://api.card-gorilla.com:8080/storage/card/1646/card_img/22528/1646card.png,30,0,1,2
1605,삼성카드 7+ V2,CRD,삼성카드,https://api.card-gorilla.com:8080/storage/card/1647/card_img/22523/1647card.png,https://api.card-gorilla.com:8080/storage/card/1647/card_img/22523/1647card.png,35,0,1,9
1606,NH올원 Direct&DB손해보험카드,CHK,NH농협카드,https://api.card-gorilla.com:8080/storage/card/1648/card_img/22517/1648card.png,https://api.card-gorilla.com:8080/storage/card/1648/card_img/22517/1648card.png,18,0,1,7
1607,삼성쇼핑캐시백체크카드,CHK,삼성카드,https://api.card-gorilla.com:8080/storage/card/1649/card_img/22516/1649card.png,https://api.card-gorilla.com:8080/storage/card/1649/card_img/22516/1649card.png,31,0,1,5
1608,화물복지 삼성카드,CHK,삼성카드,https://api.card-gorilla.com:8080/storage/card/1650/card_img/22515/1650card.png,https://api.card-gorilla.com:8080/storage/card/1650/card_img/22515/1650card.png,25,0,1,3
1609,화물복지 삼성체크카드,CRD,삼성카드,https://api.card-gorilla.com:8080/storage/card/1651/card_img/22514/1651card.png,https://api.card-gorilla.com:8080/storage/card/1651/card_img/22514/1651card.png,7,0,1,8
1610,삼성루와드뱅카드,CRD,삼성카드,https://api.card-gorilla.com:8080/storage/card/1652/card_img/22513/1652card.png,https://api.card-gorilla.com:8080/storage/card/1652/card_img/22513/1652card.png,26,0,1,10
1611,트레이더스신세계 삼성카드 5,CRD,삼성카드,https://api.card-gorilla.com:8080/storage/card/1653/card_img/22512/1653card.png,https://api.card-gorilla.com:8080/storage/card/1653/card_img/22512/1653card.png,29,0,1,9
1612,트레이더스 삼성카드 BIZ,CRD,삼성카드,https://api.card-gorilla.com:8080/storage/card/1654/card_img/22511/1654card.png,https://api.card-gorilla.com:8080/storage/card/1654/card_img/22511/1654card.png,1,0,1,1
1613,큰수레 화물복지 삼성카드,CRD,삼성카드,https://api.card-gorilla.com:8080/storage/card/1655/card_img/22510/1655card.png,https://api.card-gorilla.com:8080/storage/card/1655/card_img/22510/1655card.png,49,0,1,6
1614,전자랜드 삼성카드 3 V2,CRD,삼성카드,https://api.card-gorilla.com:8080/storage/card/1656/card_img/22506/1656card.png,https://api.card-gorilla.com:8080/storage/card/1656/card_img/22506/1656card.png,50,0,1,3
1615,전우사랑 패밀리 삼성카드,CHK,삼성카드,https://api.card-gorilla.com:8080/storage/card/1657/card_img/22489/1657card.png,https://api.card-gorilla.com:8080/storage/card/1657/card_img/22489/1657card.png,31,0,1,4
1616,롯데관광 삼성빅앤빅카드,CRD,삼성카드,https://api.card-gorilla.com:8080/storage/card/1658/card_img/22488/1658card.png,https://api.card-gorilla.com:8080/storage/card/1658/card_img/22488/1658card.png,13,0,1,6
1617,전우사랑 삼성카드,CHK,삼성카드,https://api.card-gorilla.com:8080/storage/card/1659/card_img/22709/1659card.png,https://api.card-gorilla.com:8080/storage/card/1659/card_img/22709/1659card.png,9,0,1,2
1618,전국24시콜화물 화물복지 삼성카드,CHK,삼성카드,https://api.card-gorilla.com:8080/storage/card/1660/card_img/22485/1660card.png,https://api.card-gorilla.com:8080/storage/card/1660/card_img/22485/1660card.png,41,0,1,9
1619,웰스 삼성카드,CHK,삼성카드,https://api.card-gorilla.com:8080/storage/card/1661/card_img/22484/1661card.png,https://api.card-gorilla.com:8080/storage/card/1661/card_img/22484/1661card.png,37,0,1,6
1620,웰스 삼성카드(할부),CHK,삼성카드,https://api.card-gorilla.com:8080/storage/card/1662/card_img/22483/1662card.png,https://api.card-gorilla.com:8080/storage/card/1662/card_img/22483/1662card.png,42,0,1,9
1621,에스원 안심 삼성카드 BIZ,CRD,삼성카드,https://api.card-gorilla.com:8080/storage/card/1663/card_img/22481/1663card.png,https://api.card-gorilla.com:8080/storage/card/1663/card_img/22481/1663card.png,48,0,1,7
1622,디큐브 삼성더아파트카드,CRD,삼성카드,https://api.card-gorilla.com:8080/storage/card/1664/card_img/22480/1664card.png,https://api.card-gorilla.com:8080/storage/card/1664/card_img/22480/1664card.png,10,0,1,8
1623,에버리치 삼성체크카드,CHK,삼성카드,https://api.card-gorilla.com:8080/storage/card/1665/card_img/22477/1665card.png,https://api.card-gorilla.com:8080/storage/card/1665/card_img/22477/1665card.png,15,0,1,10
1624,SK에너지 전국24시콜화물 화물복지 삼성카드,CHK,삼성카드,https://api.card-gorilla.com:8080/storage/card/1666/card_img/22476/1666card.png,https://api.card-gorilla.com:8080/storage/card/1666/card_img/22476/1666card.png,28,0,1,2
1625,SK에너지 큰수레 화물복지 삼성카드,CRD,삼성카드,https://api.card-gorilla.com:8080/storage/card/1667/card_img/22473/1667card.png,https://api.card-gorilla.com:8080/storage/card/1667/card_img/22473/1667card.png,2,0,1,2
1626,SK에너지 화물복지 삼성카드,CRD,삼성카드,https://api.card-gorilla.com:8080/storage/card/1668/card_img/22470/1668card.png,https://api.card-gorilla.com:8080/storage/card/1668/card_img/22470/1668card.png,46,0,1,2
1627,SK에너지 화물복지 삼성체크카드,CHK,삼성카드,https://api.card-gorilla.com:8080/storage/card/1669/card_img/22469/1669card.png,https://api.card-gorilla.com:8080/storage/card/1669/card_img/22469/1669card.png,5,0,1,5
1628,SK매직 삼성카드,CHK,삼성카드,https://api.card-gorilla.com:8080/storage/card/1670/card_img/22467/1670card.png,https://api.card-gorilla.com:8080/storage/card/1670/card_img/22467/1670card.png,37,0,1,9
1629,SK매직 삼성카드 (할부),CRD,삼성카드,https://api.card-gorilla.com:8080/storage/card/1671/card_img/22466/1671card.png,https://api.card-gorilla.com:8080/storage/card/1671/card_img/22466/1671card.png,14,0,1,4
1630,삼성더아파트카드,CHK,삼성카드,https://api.card-gorilla.com:8080/storage/card/1672/card_img/22465/1672card.png,https://api.card-gorilla.com:8080/storage/card/1672/card_img/22465/1672card.png,37,0,1,3
1631,S-OIL 삼성카드 & POINT,CRD,삼성카드,https://api.card-gorilla.com:8080/storage/card/1673/card_img/22464/1673card.png,https://api.card-gorilla.com:8080/storage/card/1673/card_img/22464/1673card.png,23,0,1,0
1632,삼성다이닝캐시백체크카드,CRD,삼성카드,https://api.card-gorilla.com:8080/storage/card/1674/card_img/22463/1674card.png,https://api.card-gorilla.com:8080/storage/card/1674/card_img/22463/1674card.png,43,0,1,4
1633,T 라이트 삼성카드,CHK,삼성카드,https://api.card-gorilla.com:8080/storage/card/1675/card_img/22462/1675card.png,https://api.card-gorilla.com:8080/storage/card/1675/card_img/22462/1675card.png,17,0,1,0
1634,신세계인터내셔날 삼성카드,CHK,삼성카드,https://api.card-gorilla.com:8080/storage/card/1676/card_img/22461/1676card.png,https://api.card-gorilla.com:8080/storage/card/1676/card_img/22461/1676card.png,3,0,1,7
1635,삼성금융카드,CHK,삼성카드,https://api.card-gorilla.com:8080/storage/card/1677/card_img/22460/1677card.png,https://api.card-gorilla.com:8080/storage/card/1677/card_img/22460/1677card.png,46,0,1,1
1636,신세계이마트 삼성카드 7,CHK,삼성카드,https://api.card-gorilla.com:8080/storage/card/1678/card_img/22457/1678card.png,https://api.card-gorilla.com:8080/storage/card/1678/card_img/22457/1678card.png,12,0,1,1
1637,삼성로즈플래티늄카드,CRD,삼성카드,https://api.card-gorilla.com:8080/storage/card/1679/card_img/22456/1679card.png,https://api.card-gorilla.com:8080/storage/card/1679/card_img/22456/1679card.png,20,0,1,7
1638,삼성골프플래티늄카드,CHK,삼성카드,https://api.card-gorilla.com:8080/storage/card/1680/card_img/22453/1680card.png,https://api.card-gorilla.com:8080/storage/card/1680/card_img/22453/1680card.png,46,0,1,4
1639,한국새생명복지재단 롯데체크 카드,CHK,롯데카드,https://api.card-gorilla.com:8080/storage/card/1681/card_img/22452/1681card.png,https://api.card-gorilla.com:8080/storage/card/1681/card_img/22452/1681card.png,45,0,1,5
1640,한국새생명복지재단 롯데카드,CRD,롯데카드,https://api.card-gorilla.com:8080/storage/card/1682/card_img/22449/1682card.png,https://api.card-gorilla.com:8080/storage/card/1682/card_img/22449/1682card.png,9,0,1,10
1641,한국투자증권 CMA 롯데체크카드,CRD,롯데카드,https://api.card-gorilla.com:8080/storage/card/1683/card_img/22448/1683card.jpg,https://api.card-gorilla.com:8080/storage/card/1683/card_img/22448/1683card.jpg,47,0,1,7
1642,한샘 롯데카드,CHK,롯데카드,https://api.card-gorilla.com:8080/storage/card/1684/card_img/22447/1684card.png,https://api.card-gorilla.com:8080/storage/card/1684/card_img/22447/1684card.png,6,0,1,7
1643,아모레퍼시픽 뷰티포인트 롯데체크카드,CHK,롯데카드,https://api.card-gorilla.com:8080/storage/card/1685/card_img/22446/1685card.jpg,https://api.card-gorilla.com:8080/storage/card/1685/card_img/22446/1685card.jpg,10,0,1,4
1644,아모레퍼시픽 뷰티포인트 롯데카드,CHK,롯데카드,https://api.card-gorilla.com:8080/storage/card/1686/card_img/22445/1686card.jpg,https://api.card-gorilla.com:8080/storage/card/1686/card_img/22445/1686card.jpg,29,0,1,0
1645,아이랑 롯데체크카드,CRD,롯데카드,https://api.card-gorilla.com:8080/storage/card/1687/card_img/22438/1687card.jpg,https://api.card-gorilla.com:8080/storage/card/1687/card_img/22438/1687card.jpg,26,0,1,8
1646,아이랑 롯데카드,CRD,롯데카드,https://api.card-gorilla.com:8080/storage/card/1688/card_img/22437/1688card.jpg,https://api.card-gorilla.com:8080/storage/card/1688/card_img/22437/1688card.jpg,44,0,1,8
1647,아이북랜드 독서천재 롯데카드,CHK,롯데카드,https://api.card-gorilla.com:8080/storage/card/1689/card_img/22435/1689card.jpg,https://api.card-gorilla.com:8080/storage/card/1689/card_img/22435/1689card.jpg,4,0,1,1
1648,아이챌린지 롯데카드,CRD,롯데카드,https://api.card-gorilla.com:8080/storage/card/1690/card_img/22434/1690card.jpg,https://api.card-gorilla.com:8080/storage/card/1690/card_img/22434/1690card.jpg,25,0,1,2
1649,알라딘 Magic 롯데카드,CHK,롯데카드,https://api.card-gorilla.com:8080/storage/card/1691/card_img/22433/1691card.png,https://api.card-gorilla.com:8080/storage/card/1691/card_img/22433/1691card.png,0,0,1,7
1650,패션그룹 형지 롯데카드,CRD,롯데카드,https://api.card-gorilla.com:8080/storage/card/1692/card_img/22432/1692card.png,https://api.card-gorilla.com:8080/storage/card/1692/card_img/22432/1692card.png,35,0,1,2
1651,포인트플러스 Penta 카드,CRD,롯데카드,https://api.card-gorilla.com:8080/storage/card/1693/card_img/22431/1693card.png,https://api.card-gorilla.com:8080/storage/card/1693/card_img/22431/1693card.png,4,0,1,7
1652,행복한대한민국체크카드(비씨),CHK,NH농협카드,https://api.card-gorilla.com:8080/storage/card/1694/card_img/22430/1694card.png,https://api.card-gorilla.com:8080/storage/card/1694/card_img/22430/1694card.png,5,0,1,8
1653,한화생명 Family 카드 (문화형),CHK,우리카드,https://api.card-gorilla.com:8080/storage/card/1695/card_img/22429/1695card.png,https://api.card-gorilla.com:8080/storage/card/1695/card_img/22429/1695card.png,20,0,1,9
1654,우리성당카드 다모아포인트,CRD,우리카드,https://api.card-gorilla.com:8080/storage/card/1696/card_img/22428/1696card.png,https://api.card-gorilla.com:8080/storage/card/1696/card_img/22428/1696card.png,42,0,1,4
1655,평생교육희망카드(비씨),CRD,NH농협카드,https://api.card-gorilla.com:8080/storage/card/1697/card_img/22427/1697card.png,https://api.card-gorilla.com:8080/storage/card/1697/card_img/22427/1697card.png,47,0,1,8
1656,中國 通(중국통)체크카드,CRD,NH농협카드,https://api.card-gorilla.com:8080/storage/card/1698/card_img/22426/1698card.png,https://api.card-gorilla.com:8080/storage/card/1698/card_img/22426/1698card.png,3,0,1,3
1657,한화생명 Family 체크카드,CHK,우리카드,https://api.card-gorilla.com:8080/storage/card/1699/card_img/23920/1699card.png,https://api.card-gorilla.com:8080/storage/card/1699/card_img/23920/1699card.png,8,0,1,2
1658,국기원 단증카드,CRD,우리카드,https://api.card-gorilla.com:8080/storage/card/1700/card_img/22424/1700card.png,https://api.card-gorilla.com:8080/storage/card/1700/card_img/22424/1700card.png,28,0,1,7
1659,국제학생증체크카드,CRD,우리카드,https://api.card-gorilla.com:8080/storage/card/1701/card_img/22423/1701card.png,https://api.card-gorilla.com:8080/storage/card/1701/card_img/22423/1701card.png,28,0,1,8
1660,FC EXPRESS 체크,CRD,우리카드,https://api.card-gorilla.com:8080/storage/card/1702/card_img/22422/1702card.png,https://api.card-gorilla.com:8080/storage/card/1702/card_img/22422/1702card.png,50,0,1,7
1661,우리ONE 체크카드 국제ATM,CRD,우리카드,https://api.card-gorilla.com:8080/storage/card/1703/card_img/22421/1703card.png,https://api.card-gorilla.com:8080/storage/card/1703/card_img/22421/1703card.png,22,0,1,2
1662,해병대 전우 롯데카드,CHK,롯데카드,https://api.card-gorilla.com:8080/storage/card/1704/card_img/22420/1704card.gif,https://api.card-gorilla.com:8080/storage/card/1704/card_img/22420/1704card.gif,34,0,1,6
1663,해병대 전우 롯데 포인트플러스 체크카드,CHK,롯데카드,https://api.card-gorilla.com:8080/storage/card/1705/card_img/22419/1705card.gif,https://api.card-gorilla.com:8080/storage/card/1705/card_img/22419/1705card.gif,3,0,1,2
1664,해병대 전우 롯데체크플러스 카드,CHK,롯데카드,https://api.card-gorilla.com:8080/storage/card/1706/card_img/22418/1706card.gif,https://api.card-gorilla.com:8080/storage/card/1706/card_img/22418/1706card.gif,4,0,1,3
1665,KATA가득한 할인카드,CRD,우리카드,https://api.card-gorilla.com:8080/storage/card/1707/card_img/22417/1707card.png,https://api.card-gorilla.com:8080/storage/card/1707/card_img/22417/1707card.png,49,0,1,4
1666,[문화] The Family 동부카드,CRD,우리카드,https://api.card-gorilla.com:8080/storage/card/1708/card_img/22416/1708card.png,https://api.card-gorilla.com:8080/storage/card/1708/card_img/22416/1708card.png,27,0,1,10
1667,[골프] The Family 동부카드,CHK,우리카드,https://api.card-gorilla.com:8080/storage/card/1709/card_img/22415/1709card.png,https://api.card-gorilla.com:8080/storage/card/1709/card_img/22415/1709card.png,29,0,1,10
1668,카드의정석 HEROES,CRD,우리카드,https://api.card-gorilla.com:8080/storage/card/1710/card_img/22414/1710card.png,https://api.card-gorilla.com:8080/storage/card/1710/card_img/22414/1710card.png,23,0,1,3
1669,삼성카드 1 (포인트),CRD,삼성카드,https://api.card-gorilla.com:8080/storage/card/1711/card_img/22710/1711card.png,https://api.card-gorilla.com:8080/storage/card/1711/card_img/22710/1711card.png,0,0,1,7
1670,매직서비스 롯데카드,CRD,롯데카드,https://api.card-gorilla.com:8080/storage/card/1712/card_img/22412/1712card.jpg,https://api.card-gorilla.com:8080/storage/card/1712/card_img/22412/1712card.jpg,7,0,1,6
1671,카드의정석 Biz Platinum Discount,CHK,우리카드,https://api.card-gorilla.com:8080/storage/card/1713/card_img/23936/1713card.png,https://api.card-gorilla.com:8080/storage/card/1713/card_img/23936/1713card.png,9,0,1,7
1672,세븐일레븐 멤버십롯데체크카드,CHK,롯데카드,https://api.card-gorilla.com:8080/storage/card/1714/card_img/22410/1714card.jpg,https://api.card-gorilla.com:8080/storage/card/1714/card_img/22410/1714card.jpg,48,0,1,9
1673,셀프페이 DC스마트 카드,CRD,롯데카드,https://api.card-gorilla.com:8080/storage/card/1715/card_img/22409/1715card.jpg,https://api.card-gorilla.com:8080/storage/card/1715/card_img/22409/1715card.jpg,29,0,1,2
1674,카드의정석 Biz Platinum,CRD,우리카드,https://api.card-gorilla.com:8080/storage/card/1716/card_img/22408/1716card.png,https://api.card-gorilla.com:8080/storage/card/1716/card_img/22408/1716card.png,46,0,1,7
1675,신한카드 Hi-Point Nano Platinum#,CHK,신한카드,https://api.card-gorilla.com:8080/storage/card/1717/card_img/22397/1717card.png,https://api.card-gorilla.com:8080/storage/card/1717/card_img/22397/1717card.png,13,0,1,1
1676,해피포인트 롯데카드,CRD,롯데카드,https://api.card-gorilla.com:8080/storage/card/1718/card_img/22396/1718card.png,https://api.card-gorilla.com:8080/storage/card/1718/card_img/22396/1718card.png,22,0,1,4
1677,맥스무비 롯데카드,CRD,롯데카드,https://api.card-gorilla.com:8080/storage/card/1719/card_img/22395/1719card.jpg,https://api.card-gorilla.com:8080/storage/card/1719/card_img/22395/1719card.jpg,39,0,1,10
1678,삼성카드 1 (아시아나),CRD,삼성카드,https://api.card-gorilla.com:8080/storage/card/1720/card_img/22394/1720card.png,https://api.card-gorilla.com:8080/storage/card/1720/card_img/22394/1720card.png,24,0,1,3
1679,해피포인트 롯데체크카드,CHK,롯데카드,https://api.card-gorilla.com:8080/storage/card/1721/card_img/22393/1721card.jpg,https://api.card-gorilla.com:8080/storage/card/1721/card_img/22393/1721card.jpg,45,0,1,9
1680,쇼핑 세이브 카드,CHK,롯데카드,https://api.card-gorilla.com:8080/storage/card/1722/card_img/22392/1722card.png,https://api.card-gorilla.com:8080/storage/card/1722/card_img/22392/1722card.png,4,0,1,0
1681,삼성카드 1 (스카이패스),CRD,삼성카드,https://api.card-gorilla.com:8080/storage/card/1723/card_img/22391/1723card.png,https://api.card-gorilla.com:8080/storage/card/1723/card_img/22391/1723card.png,30,0,1,5
1682,멋남 롯데카드,CRD,롯데카드,https://api.card-gorilla.com:8080/storage/card/1724/card_img/22390/1724card.jpg,https://api.card-gorilla.com:8080/storage/card/1724/card_img/22390/1724card.jpg,35,0,1,4
1683,수박씨닷컴 롯데포인트플러스카드,CHK,롯데카드,https://api.card-gorilla.com:8080/storage/card/1725/card_img/22389/1725card.jpg,https://api.card-gorilla.com:8080/storage/card/1725/card_img/22389/1725card.jpg,49,0,1,1
1684,그린카드 (서울형),CRD,우리카드,https://api.card-gorilla.com:8080/storage/card/1726/card_img/22388/1726card.png,https://api.card-gorilla.com:8080/storage/card/1726/card_img/22388/1726card.png,26,0,1,4
1685,삼성쇼핑플래티늄카드,CHK,삼성카드,https://api.card-gorilla.com:8080/storage/card/1727/card_img/22387/1727card.png,https://api.card-gorilla.com:8080/storage/card/1727/card_img/22387/1727card.png,41,0,1,3
1686,신한카드 Hi-Point Nano f,CHK,신한카드,https://api.card-gorilla.com:8080/storage/card/1728/card_img/22386/1728card.png,https://api.card-gorilla.com:8080/storage/card/1728/card_img/22386/1728card.png,24,0,1,8
1687,그린카드 (전국형),CHK,우리카드,https://api.card-gorilla.com:8080/storage/card/1729/card_img/22385/1729card.png,https://api.card-gorilla.com:8080/storage/card/1729/card_img/22385/1729card.png,4,0,1,6
1688,신한카드 Always On,CHK,신한카드,https://api.card-gorilla.com:8080/storage/card/1730/card_img/22384/1730card.png,https://api.card-gorilla.com:8080/storage/card/1730/card_img/22384/1730card.png,24,0,1,1
1689,로얄블루1000카드 [SKYPASS],CHK,우리카드,https://api.card-gorilla.com:8080/storage/card/1731/card_img/22383/1731card.png,https://api.card-gorilla.com:8080/storage/card/1731/card_img/22383/1731card.png,24,0,1,8
1690,로얄블루1000카드 [ASIANA],CRD,우리카드,https://api.card-gorilla.com:8080/storage/card/1732/card_img/22382/1732card.png,https://api.card-gorilla.com:8080/storage/card/1732/card_img/22382/1732card.png,19,0,1,3
1691,신한카드 2030,CHK,신한카드,https://api.card-gorilla.com:8080/storage/card/1733/card_img/22381/1733card.png,https://api.card-gorilla.com:8080/storage/card/1733/card_img/22381/1733card.png,25,0,1,4
1692,현대오일뱅크 드라이빙패스 카드,CHK,롯데카드,https://api.card-gorilla.com:8080/storage/card/1734/card_img/22380/1734card.jpg,https://api.card-gorilla.com:8080/storage/card/1734/card_img/22380/1734card.jpg,1,0,1,7
1693,울산현대축구단 신한카드 2030,CHK,신한카드,https://api.card-gorilla.com:8080/storage/card/1735/card_img/22379/1735card.png,https://api.card-gorilla.com:8080/storage/card/1735/card_img/22379/1735card.png,1,0,1,6
1694,스마일 Seller카드,CHK,현대카드,https://api.card-gorilla.com:8080/storage/card/1736/card_img/22378/1736card.png,https://api.card-gorilla.com:8080/storage/card/1736/card_img/22378/1736card.png,14,0,1,3
1695,신한 Hi-Point 카드 Nano,CHK,신한카드,https://api.card-gorilla.com:8080/storage/card/1737/card_img/22377/1737card.png,https://api.card-gorilla.com:8080/storage/card/1737/card_img/22377/1737card.png,40,0,1,9
1696,마이아모레 신한카드 체크,CRD,신한카드,https://api.card-gorilla.com:8080/storage/card/1738/card_img/22376/1738card.jpg,https://api.card-gorilla.com:8080/storage/card/1738/card_img/22376/1738card.jpg,5,0,1,10
1697,넥슨 메이플스토리 신한카드 체크,CHK,신한카드,https://api.card-gorilla.com:8080/storage/card/1739/card_img/22375/1739card.png,https://api.card-gorilla.com:8080/storage/card/1739/card_img/22375/1739card.png,35,0,1,7
1698,기본 맥스선불카드,CRD,신한카드,https://api.card-gorilla.com:8080/storage/card/1740/card_img/22374/1740card.png,https://api.card-gorilla.com:8080/storage/card/1740/card_img/22374/1740card.png,39,0,1,6
1699,ROYAL BLUE POINT,CRD,우리카드,https://api.card-gorilla.com:8080/storage/card/1741/card_img/22373/1741card.png,https://api.card-gorilla.com:8080/storage/card/1741/card_img/22373/1741card.png,41,0,1,2
1700,신세계이마트 삼성카드 5,CHK,삼성카드,https://api.card-gorilla.com:8080/storage/card/1742/card_img/22372/1742card.png,https://api.card-gorilla.com:8080/storage/card/1742/card_img/22372/1742card.png,48,0,1,0
1701,신세계이마트 삼성카드 4 (포인트),CRD,삼성카드,https://api.card-gorilla.com:8080/storage/card/1743/card_img/22371/1743card.png,https://api.card-gorilla.com:8080/storage/card/1743/card_img/22371/1743card.png,0,0,1,5
1702,신세계이마트 삼성카드 2,CHK,삼성카드,https://api.card-gorilla.com:8080/storage/card/1744/card_img/22370/1744card.png,https://api.card-gorilla.com:8080/storage/card/1744/card_img/22370/1744card.png,33,0,1,8
1703,신세계사이먼 프리미엄 아울렛 삼성카드,CRD,삼성카드,https://api.card-gorilla.com:8080/storage/card/1745/card_img/22369/1745card.png,https://api.card-gorilla.com:8080/storage/card/1745/card_img/22369/1745card.png,8,0,1,3
1704,신세계까사미아 삼성카드,CRD,삼성카드,https://api.card-gorilla.com:8080/storage/card/1746/card_img/22368/1746card.png,https://api.card-gorilla.com:8080/storage/card/1746/card_img/22368/1746card.png,11,0,1,10
1705,신세계 엑스포 삼성카드,CHK,삼성카드,https://api.card-gorilla.com:8080/storage/card/1747/card_img/22367/1747card.png,https://api.card-gorilla.com:8080/storage/card/1747/card_img/22367/1747card.png,21,0,1,2
1706,신세계 멘즈라이프 삼성카드,CRD,삼성카드,https://api.card-gorilla.com:8080/storage/card/1748/card_img/22366/1748card.png,https://api.card-gorilla.com:8080/storage/card/1748/card_img/22366/1748card.png,31,0,1,2
1707,신세계 대구라이프 삼성카드,CRD,삼성카드,https://api.card-gorilla.com:8080/storage/card/1749/card_img/22365/1749card.png,https://api.card-gorilla.com:8080/storage/card/1749/card_img/22365/1749card.png,2,0,1,8
1708,신세계KB국민은행 삼성체크카드,CHK,삼성카드,https://api.card-gorilla.com:8080/storage/card/1750/card_img/22364/1750card.png,https://api.card-gorilla.com:8080/storage/card/1750/card_img/22364/1750card.png,42,0,1,4
1709,신세계 삼성지엔미포인트 체크카드,CRD,삼성카드,https://api.card-gorilla.com:8080/storage/card/1751/card_img/22363/1751card.png,https://api.card-gorilla.com:8080/storage/card/1751/card_img/22363/1751card.png,32,0,1,3
1710,신세계 삼성애니패스포인트 체크카드,CRD,삼성카드,https://api.card-gorilla.com:8080/storage/card/1752/card_img/22362/1752card.png,https://api.card-gorilla.com:8080/storage/card/1752/card_img/22362/1752card.png,39,0,1,3
1711,나인걸 롯데카드,CRD,롯데카드,https://api.card-gorilla.com:8080/storage/card/1753/card_img/22361/1753card.jpg,https://api.card-gorilla.com:8080/storage/card/1753/card_img/22361/1753card.jpg,0,0,1,6
1712,뉴GS칼텍스 롯데카드,CRD,롯데카드,https://api.card-gorilla.com:8080/storage/card/1754/card_img/22360/1754card.jpg,https://api.card-gorilla.com:8080/storage/card/1754/card_img/22360/1754card.jpg,35,0,1,4
1713,뉴롯데면세점카드,CRD,롯데카드,https://api.card-gorilla.com:8080/storage/card/1755/card_img/22359/1755card.png,https://api.card-gorilla.com:8080/storage/card/1755/card_img/22359/1755card.png,17,0,1,8
1714,뉴롯데시네마 롯데체크카드,CRD,롯데카드,https://api.card-gorilla.com:8080/storage/card/1756/card_img/22358/1756card.png,https://api.card-gorilla.com:8080/storage/card/1756/card_img/22358/1756card.png,44,0,1,1
1715,뉴롯데시네마 포인트플러스카드,CHK,롯데카드,https://api.card-gorilla.com:8080/storage/card/1757/card_img/22356/1757card.png,https://api.card-gorilla.com:8080/storage/card/1757/card_img/22356/1757card.png,8,0,1,6
1716,올바른SAFE카드,CHK,NH농협카드,https://api.card-gorilla.com:8080/storage/card/1758/card_img/22355/1758card.png,https://api.card-gorilla.com:8080/storage/card/1758/card_img/22355/1758card.png,46,0,1,4
1717,SC제일은행 아시아나 삼성지엔미카드,CHK,삼성카드,https://api.card-gorilla.com:8080/storage/card/1759/card_img/22354/1759card.png,https://api.card-gorilla.com:8080/storage/card/1759/card_img/22354/1759card.png,21,0,1,4
1718,현대해상하이카다이렉트 롯데카드,CRD,롯데카드,https://api.card-gorilla.com:8080/storage/card/1760/card_img/22353/1760card.jpg,https://api.card-gorilla.com:8080/storage/card/1760/card_img/22353/1760card.jpg,20,0,1,5
1719,SC제일은행 삼성카드 6 V2,CRD,삼성카드,https://api.card-gorilla.com:8080/storage/card/1761/card_img/22352/1761card.png,https://api.card-gorilla.com:8080/storage/card/1761/card_img/22352/1761card.png,33,0,1,0
1720,SC제일은행 삼성카드 4 V2,CHK,삼성카드,https://api.card-gorilla.com:8080/storage/card/1762/card_img/22351/1762card.png,https://api.card-gorilla.com:8080/storage/card/1762/card_img/22351/1762card.png,0,0,1,0
1721,올바른SAFE Platinum카드,CHK,NH농협카드,https://api.card-gorilla.com:8080/storage/card/1763/card_img/22350/1763card.png,https://api.card-gorilla.com:8080/storage/card/1763/card_img/22350/1763card.png,4,0,1,5
1722,Gowid 롯데법인카드,CHK,롯데카드,https://api.card-gorilla.com:8080/storage/card/1764/card_img/22349/1764card.png,https://api.card-gorilla.com:8080/storage/card/1764/card_img/22349/1764card.png,15,0,1,3
1723,올바른 NEW HAVE체크카드,CRD,NH농협카드,https://api.card-gorilla.com:8080/storage/card/1765/card_img/22348/1765card.png,https://api.card-gorilla.com:8080/storage/card/1765/card_img/22348/1765card.png,8,0,1,0
1724,한솔교육 롯데카드,CHK,롯데카드,https://api.card-gorilla.com:8080/storage/card/1766/card_img/22347/1766card.gif,https://api.card-gorilla.com:8080/storage/card/1766/card_img/22347/1766card.gif,50,0,1,6
1725,에코마일리지체크카드(비씨),CHK,NH농협카드,https://api.card-gorilla.com:8080/storage/card/1767/card_img/22346/1767card.png,https://api.card-gorilla.com:8080/storage/card/1767/card_img/22346/1767card.png,39,0,1,5
1726,ROYAL BLUE MILEAGE[SKYPASS],CHK,우리카드,https://api.card-gorilla.com:8080/storage/card/1768/card_img/22345/1768card.png,https://api.card-gorilla.com:8080/storage/card/1768/card_img/22345/1768card.png,28,0,1,3
1727,ROYAL BLUE MILEAGE[AsianaClub],CRD,우리카드,https://api.card-gorilla.com:8080/storage/card/1769/card_img/22343/1769card.png,https://api.card-gorilla.com:8080/storage/card/1769/card_img/22343/1769card.png,46,0,1,1
1728,한화 Smart CMA 롯데DC플러스 카드,CRD,롯데카드,https://api.card-gorilla.com:8080/storage/card/1770/card_img/22342/1770card.jpg,https://api.card-gorilla.com:8080/storage/card/1770/card_img/22342/1770card.jpg,8,0,1,1
1729,삼성카드 6 V2,CHK,삼성카드,https://api.card-gorilla.com:8080/storage/card/1771/card_img/22341/1771card.png,https://api.card-gorilla.com:8080/storage/card/1771/card_img/22341/1771card.png,20,0,1,6
1730,TAX SAVE 법인카드,CRD,롯데카드,https://api.card-gorilla.com:8080/storage/card/1772/card_img/22340/1772card.png,https://api.card-gorilla.com:8080/storage/card/1772/card_img/22340/1772card.png,2,0,1,9
1731,한화 Smart CMA 롯데포인트플러스카드,CRD,롯데카드,https://api.card-gorilla.com:8080/storage/card/1773/card_img/22339/1773card.jpg,https://api.card-gorilla.com:8080/storage/card/1773/card_img/22339/1773card.jpg,11,0,1,2
1732,삼성카드 6+,CHK,삼성카드,https://api.card-gorilla.com:8080/storage/card/1774/card_img/22338/1774card.png,https://api.card-gorilla.com:8080/storage/card/1774/card_img/22338/1774card.png,17,0,1,7
1733,삼성카드 2 V2,CRD,삼성카드,https://api.card-gorilla.com:8080/storage/card/1775/card_img/22337/1775card.png,https://api.card-gorilla.com:8080/storage/card/1775/card_img/22337/1775card.png,47,0,1,7
1734,결제 전용 특화 법인카드,CRD,롯데카드,https://api.card-gorilla.com:8080/storage/card/1776/card_img/22336/1776card.png,https://api.card-gorilla.com:8080/storage/card/1776/card_img/22336/1776card.png,28,0,1,8
1735,Gvalley 삼성카드 2,CRD,삼성카드,https://api.card-gorilla.com:8080/storage/card/1777/card_img/22335/1777card.png,https://api.card-gorilla.com:8080/storage/card/1777/card_img/22335/1777card.png,36,0,1,3
1736,해피머니 롯데카드,CHK,롯데카드,https://api.card-gorilla.com:8080/storage/card/1778/card_img/22334/1778card.jpg,https://api.card-gorilla.com:8080/storage/card/1778/card_img/22334/1778card.jpg,25,0,1,4
1737,농협OK체크카드(개인),CHK,NH농협카드,https://api.card-gorilla.com:8080/storage/card/1779/card_img/22333/1779card.png,https://api.card-gorilla.com:8080/storage/card/1779/card_img/22333/1779card.png,9,0,1,4
1738,국고보조금 법인카드,CRD,롯데카드,https://api.card-gorilla.com:8080/storage/card/1780/card_img/22332/1780card.png,https://api.card-gorilla.com:8080/storage/card/1780/card_img/22332/1780card.png,27,0,1,3
1739,한국잡월드 카드의정석 POINT 주거래,CHK,우리카드,https://api.card-gorilla.com:8080/storage/card/1781/card_img/22331/1781card.png,https://api.card-gorilla.com:8080/storage/card/1781/card_img/22331/1781card.png,35,0,1,6
1740,더 플래티넘 법인카드,CHK,롯데카드,https://api.card-gorilla.com:8080/storage/card/1782/card_img/22330/1782card.png,https://api.card-gorilla.com:8080/storage/card/1782/card_img/22330/1782card.png,49,0,1,0
1741,SC제일은행 라이프 삼성카드,CHK,삼성카드,https://api.card-gorilla.com:8080/storage/card/1783/card_img/22329/1783card.png,https://api.card-gorilla.com:8080/storage/card/1783/card_img/22329/1783card.png,19,0,1,0
1742,그린체크카드(전국형),CHK,NH농협카드,https://api.card-gorilla.com:8080/storage/card/1784/card_img/22328/1784card.png,https://api.card-gorilla.com:8080/storage/card/1784/card_img/22328/1784card.png,13,0,1,0
1743,SC제일은행 디지털 삼성카드,CHK,삼성카드,https://api.card-gorilla.com:8080/storage/card/1785/card_img/22327/1785card.png,https://api.card-gorilla.com:8080/storage/card/1785/card_img/22327/1785card.png,47,0,1,3
1744,국민연금증카드,CHK,NH농협카드,https://api.card-gorilla.com:8080/storage/card/1786/card_img/22326/1786card.png,https://api.card-gorilla.com:8080/storage/card/1786/card_img/22326/1786card.png,5,0,1,0
1745,카드의정석 후불하이패스,CRD,우리카드,https://api.card-gorilla.com:8080/storage/card/1787/card_img/22325/1787card.png,https://api.card-gorilla.com:8080/storage/card/1787/card_img/22325/1787card.png,42,0,1,2
1746,SC제일은행 드라이브 삼성카드,CHK,삼성카드,https://api.card-gorilla.com:8080/storage/card/1788/card_img/22324/1788card.png,https://api.card-gorilla.com:8080/storage/card/1788/card_img/22324/1788card.png,4,0,1,6
1747,S-OIL화물복지50,CRD,우리카드,https://api.card-gorilla.com:8080/storage/card/1789/card_img/22323/1789card.png,https://api.card-gorilla.com:8080/storage/card/1789/card_img/22323/1789card.png,32,0,1,1
1748,해피오토 롯데카드,CHK,롯데카드,https://api.card-gorilla.com:8080/storage/card/1790/card_img/22322/1790card.jpg,https://api.card-gorilla.com:8080/storage/card/1790/card_img/22322/1790card.jpg,4,0,1,5
1749,SC제일은행 데일리 삼성카드,CRD,삼성카드,https://api.card-gorilla.com:8080/storage/card/1791/card_img/22321/1791card.png,https://api.card-gorilla.com:8080/storage/card/1791/card_img/22321/1791card.png,15,0,1,9
1750,삼성카드 2+,CHK,삼성카드,https://api.card-gorilla.com:8080/storage/card/1792/card_img/22320/1792card.png,https://api.card-gorilla.com:8080/storage/card/1792/card_img/22320/1792card.png,34,0,1,2
1751,SC제일은행 삼성체크카드 YOUNG,CHK,삼성카드,https://api.card-gorilla.com:8080/storage/card/1793/card_img/22319/1793card.png,https://api.card-gorilla.com:8080/storage/card/1793/card_img/22319/1793card.png,1,0,1,0
1752,카드의정석 POINT 주거래,CRD,우리카드,https://api.card-gorilla.com:8080/storage/card/1794/card_img/22318/1794card.png,https://api.card-gorilla.com:8080/storage/card/1794/card_img/22318/1794card.png,15,0,1,7
1753,롯데 법인카드,CHK,롯데카드,https://api.card-gorilla.com:8080/storage/card/1795/card_img/22317/1795card.png,https://api.card-gorilla.com:8080/storage/card/1795/card_img/22317/1795card.png,20,0,1,9
1754,카드의정석 화물복지카드,CHK,우리카드,https://api.card-gorilla.com:8080/storage/card/1796/card_img/22316/1796card.png,https://api.card-gorilla.com:8080/storage/card/1796/card_img/22316/1796card.png,12,0,1,10
1755,SC제일은행 삼성체크카드 CASHBACK,CHK,삼성카드,https://api.card-gorilla.com:8080/storage/card/1797/card_img/22315/1797card.png,https://api.card-gorilla.com:8080/storage/card/1797/card_img/22315/1797card.png,42,0,1,1
1756,현대렌탈케어 롯데카드,CHK,롯데카드,https://api.card-gorilla.com:8080/storage/card/1798/card_img/22314/1798card.jpg,https://api.card-gorilla.com:8080/storage/card/1798/card_img/22314/1798card.jpg,26,0,1,3
1757,삼성전자 멤버십 BLUE B 삼성카드 BIZ,CHK,삼성카드,https://api.card-gorilla.com:8080/storage/card/1799/card_img/22313/1799card.png,https://api.card-gorilla.com:8080/storage/card/1799/card_img/22313/1799card.png,21,0,1,6
1758,이제너두 카드의정석 DISCOUNT,CHK,우리카드,https://api.card-gorilla.com:8080/storage/card/1800/card_img/22312/1800card.png,https://api.card-gorilla.com:8080/storage/card/1800/card_img/22312/1800card.png,37,0,1,0
1759,롯데 오토빌 법인카드,CHK,롯데카드,https://api.card-gorilla.com:8080/storage/card/1801/card_img/22311/1801card.png,https://api.card-gorilla.com:8080/storage/card/1801/card_img/22311/1801card.png,7,0,1,4
1760,삼성에스마일카드,CRD,삼성카드,https://api.card-gorilla.com:8080/storage/card/1802/card_img/22310/1802card.png,https://api.card-gorilla.com:8080/storage/card/1802/card_img/22310/1802card.png,27,0,1,3
1761,국민연금증체크카드,CHK,NH농협카드,https://api.card-gorilla.com:8080/storage/card/1803/card_img/22309/1803card.png,https://api.card-gorilla.com:8080/storage/card/1803/card_img/22309/1803card.png,50,0,1,8
1762,공무원연금체크카드(퇴직)(비씨),CRD,NH농협카드,https://api.card-gorilla.com:8080/storage/card/1804/card_img/22308/1804card.png,https://api.card-gorilla.com:8080/storage/card/1804/card_img/22308/1804card.png,40,0,1,4
1763,우리V카드-知(지),CHK,우리카드,https://api.card-gorilla.com:8080/storage/card/1805/card_img/22307/1805card.png,https://api.card-gorilla.com:8080/storage/card/1805/card_img/22307/1805card.png,6,0,1,10
1764,롯데 티타늄 법인카드,CHK,롯데카드,https://api.card-gorilla.com:8080/storage/card/1806/card_img/22306/1806card.png,https://api.card-gorilla.com:8080/storage/card/1806/card_img/22306/1806card.png,40,0,1,7
1765,LineageM 신한카드 체크,CRD,신한카드,https://api.card-gorilla.com:8080/storage/card/1807/card_img/22304/1807card.png,https://api.card-gorilla.com:8080/storage/card/1807/card_img/22304/1807card.png,24,0,1,3
1766,공무원연금체크카드(재직)(비씨),CHK,NH농협카드,https://api.card-gorilla.com:8080/storage/card/1808/card_img/22302/1808card.png,https://api.card-gorilla.com:8080/storage/card/1808/card_img/22302/1808card.png,13,0,1,9
1767,카드의정석 UniMile CHECK,CHK,우리카드,https://api.card-gorilla.com:8080/storage/card/1809/card_img/22300/1809card.png,https://api.card-gorilla.com:8080/storage/card/1809/card_img/22300/1809card.png,12,0,1,0
1768,LG/GS/LS/LIG패밀리 신한카드 The Best,CHK,신한카드,https://api.card-gorilla.com:8080/storage/card/1810/card_img/22299/1810card.png,https://api.card-gorilla.com:8080/storage/card/1810/card_img/22299/1810card.png,47,0,1,3
1769,삼성생명 삼성시그니처카드,CHK,삼성카드,https://api.card-gorilla.com:8080/storage/card/1811/card_img/22298/1811card.png,https://api.card-gorilla.com:8080/storage/card/1811/card_img/22298/1811card.png,17,0,1,1
1770,SC제일은행 삼성체크카드 POINT,CRD,삼성카드,https://api.card-gorilla.com:8080/storage/card/1812/card_img/22297/1812card.png,https://api.card-gorilla.com:8080/storage/card/1812/card_img/22297/1812card.png,45,0,1,6
1771,POP New 우리V카드,CHK,우리카드,https://api.card-gorilla.com:8080/storage/card/1813/card_img/22296/1813card.png,https://api.card-gorilla.com:8080/storage/card/1813/card_img/22296/1813card.png,12,0,1,6
1772,삼성생명 삼성시그니처카드 (포인트0.5%),CRD,삼성카드,https://api.card-gorilla.com:8080/storage/card/1814/card_img/22295/1814card.png,https://api.card-gorilla.com:8080/storage/card/1814/card_img/22295/1814card.png,0,0,1,4
1773,CJ ONE 신한카드,CRD,신한카드,https://api.card-gorilla.com:8080/storage/card/1815/card_img/22291/1815card.png,https://api.card-gorilla.com:8080/storage/card/1815/card_img/22291/1815card.png,45,0,1,3
1774,카드의정석 시니어플러스,CHK,우리카드,https://api.card-gorilla.com:8080/storage/card/1816/card_img/22290/1816card.png,https://api.card-gorilla.com:8080/storage/card/1816/card_img/22290/1816card.png,12,0,1,6
1775,삼성생명 삼성시그니처카드 (포인트1%),CHK,삼성카드,https://api.card-gorilla.com:8080/storage/card/1817/card_img/22289/1817card.png,https://api.card-gorilla.com:8080/storage/card/1817/card_img/22289/1817card.png,30,0,1,1
1776,카드의정석 삼성화재 당신에게 좋은보험,CHK,우리카드,https://api.card-gorilla.com:8080/storage/card/1818/card_img/22288/1818card.png,https://api.card-gorilla.com:8080/storage/card/1818/card_img/22288/1818card.png,49,0,1,7
1777,메리츠다이렉트 롯데 포인트플러스카드,CHK,롯데카드,https://api.card-gorilla.com:8080/storage/card/1819/card_img/22287/1819card.jpg,https://api.card-gorilla.com:8080/storage/card/1819/card_img/22287/1819card.jpg,21,0,1,0
1778,삼성생명 삼성시그니처카드 (스카이패스),CRD,삼성카드,https://api.card-gorilla.com:8080/storage/card/1820/card_img/22286/1820card.png,https://api.card-gorilla.com:8080/storage/card/1820/card_img/22286/1820card.png,11,0,1,7
1779,삼성생명 삼성시그니처카드 (아시아나),CRD,삼성카드,https://api.card-gorilla.com:8080/storage/card/1821/card_img/22285/1821card.png,https://api.card-gorilla.com:8080/storage/card/1821/card_img/22285/1821card.png,39,0,1,10
1780,메가패스 롯데카드,CHK,롯데카드,https://api.card-gorilla.com:8080/storage/card/1822/card_img/22284/1822card.jpg,https://api.card-gorilla.com:8080/storage/card/1822/card_img/22284/1822card.jpg,18,0,1,8
1781,YES24 우리V카드 知,CHK,우리카드,https://api.card-gorilla.com:8080/storage/card/1823/card_img/22283/1823card.png,https://api.card-gorilla.com:8080/storage/card/1823/card_img/22283/1823card.png,5,0,1,10
1782,더존 삼성비즈퍼스트카드,CRD,삼성카드,https://api.card-gorilla.com:8080/storage/card/1824/card_img/22282/1824card.png,https://api.card-gorilla.com:8080/storage/card/1824/card_img/22282/1824card.png,34,0,1,3
1783,외식가족공제 신한카드 Hi-point MyShop,CHK,신한카드,https://api.card-gorilla.com:8080/storage/card/1825/card_img/22281/1825card.png,https://api.card-gorilla.com:8080/storage/card/1825/card_img/22281/1825card.png,22,0,1,7
1784,모네타 롯데포인트플러스 카드,CHK,롯데카드,https://api.card-gorilla.com:8080/storage/card/1826/card_img/22280/1826card.jpg,https://api.card-gorilla.com:8080/storage/card/1826/card_img/22280/1826card.jpg,35,0,1,3
1785,위즈위드 롯데카드,CHK,롯데카드,https://api.card-gorilla.com:8080/storage/card/1827/card_img/22279/1827card.jpg,https://api.card-gorilla.com:8080/storage/card/1827/card_img/22279/1827card.jpg,17,0,1,4
1786,쿠쿠 렌탈프리멤버십 우리카드,CHK,우리카드,https://api.card-gorilla.com:8080/storage/card/1828/card_img/22278/1828card.png,https://api.card-gorilla.com:8080/storage/card/1828/card_img/22278/1828card.png,17,0,1,1
1787,바디프랜드 카드,CRD,우리카드,https://api.card-gorilla.com:8080/storage/card/1829/card_img/22277/1829card.png,https://api.card-gorilla.com:8080/storage/card/1829/card_img/22277/1829card.png,0,0,1,6
1788,현대해상 오토인슈 롯데카드,CHK,롯데카드,https://api.card-gorilla.com:8080/storage/card/1830/card_img/22276/1830card.png,https://api.card-gorilla.com:8080/storage/card/1830/card_img/22276/1830card.png,18,0,1,9
1789,유니클로 롯데카드,CRD,롯데카드,https://api.card-gorilla.com:8080/storage/card/1831/card_img/22274/1831card.jpg,https://api.card-gorilla.com:8080/storage/card/1831/card_img/22274/1831card.jpg,24,0,1,6
1790,후불 하이패스 카드,CRD,롯데카드,https://api.card-gorilla.com:8080/storage/card/1832/card_img/22270/1832card.png,https://api.card-gorilla.com:8080/storage/card/1832/card_img/22270/1832card.png,1,0,1,5
1791,신한카드 미래설계 4Tune 체크,CHK,신한카드,https://api.card-gorilla.com:8080/storage/card/1833/card_img/22269/1833card.png,https://api.card-gorilla.com:8080/storage/card/1833/card_img/22269/1833card.png,33,0,1,5
1792,신한카드 Change-Up 체크,CRD,신한카드,https://api.card-gorilla.com:8080/storage/card/1834/card_img/22268/1834card.png,https://api.card-gorilla.com:8080/storage/card/1834/card_img/22268/1834card.png,36,0,1,1
1793,개인택시운송자사업자 신한카드 T-플러스,CRD,신한카드,https://api.card-gorilla.com:8080/storage/card/1835/card_img/22267/1835card.png,https://api.card-gorilla.com:8080/storage/card/1835/card_img/22267/1835card.png,30,0,1,1
1794,디앤샵 롯데포인트플러스카드,CRD,롯데카드,https://api.card-gorilla.com:8080/storage/card/1836/card_img/22266/1836card.jpg,https://api.card-gorilla.com:8080/storage/card/1836/card_img/22266/1836card.jpg,2,0,1,5
1795,후이즈 DC카드,CHK,롯데카드,https://api.card-gorilla.com:8080/storage/card/1837/card_img/22130/1837card.jpg,https://api.card-gorilla.com:8080/storage/card/1837/card_img/22130/1837card.jpg,28,0,1,9
1796,매일경제 NEW우리V카드,CHK,우리카드,https://api.card-gorilla.com:8080/storage/card/1838/card_img/22131/1838card.png,https://api.card-gorilla.com:8080/storage/card/1838/card_img/22131/1838card.png,34,0,1,4
1797,AIA생명 롯데 리얼체크카드,CHK,롯데카드,https://api.card-gorilla.com:8080/storage/card/1839/card_img/22132/1839card.jpg,https://api.card-gorilla.com:8080/storage/card/1839/card_img/22132/1839card.jpg,18,0,1,5
1798,AIA생명 롯데 리얼카드,CHK,롯데카드,https://api.card-gorilla.com:8080/storage/card/1840/card_img/22712/1840card.jpg,https://api.card-gorilla.com:8080/storage/card/1840/card_img/22712/1840card.jpg,32,0,1,4
1799,AXA다이렉트 프라임 롯데카드,CRD,롯데카드,https://api.card-gorilla.com:8080/storage/card/1841/card_img/22134/1841card.png,https://api.card-gorilla.com:8080/storage/card/1841/card_img/22134/1841card.png,44,0,1,9
1800,라비다 DC 플러스 롯데카드,CRD,롯데카드,https://api.card-gorilla.com:8080/storage/card/1842/card_img/22135/1842card.jpg,https://api.card-gorilla.com:8080/storage/card/1842/card_img/22135/1842card.jpg,10,0,1,10
1801,라츠 롯데카드,CHK,롯데카드,https://api.card-gorilla.com:8080/storage/card/1843/card_img/22136/1843card.jpg,https://api.card-gorilla.com:8080/storage/card/1843/card_img/22136/1843card.jpg,8,0,1,5
1802,B롯데카드,CRD,롯데카드,https://api.card-gorilla.com:8080/storage/card/1844/card_img/22137/1844card.jpg,https://api.card-gorilla.com:8080/storage/card/1844/card_img/22137/1844card.jpg,9,0,1,4
1803,APT 우리知카드,CRD,우리카드,https://api.card-gorilla.com:8080/storage/card/1845/card_img/22138/1845card.png,https://api.card-gorilla.com:8080/storage/card/1845/card_img/22138/1845card.png,13,0,1,1
1804,부자되세요 홈쇼핑카드,CRD,우리카드,https://api.card-gorilla.com:8080/storage/card/1846/card_img/22139/1846card.png,https://api.card-gorilla.com:8080/storage/card/1846/card_img/22139/1846card.png,14,0,1,10
1805,카드의정석 넥센타이어렌탈 우리카드,CRD,우리카드,https://api.card-gorilla.com:8080/storage/card/1847/card_img/22140/1847card.jpg,https://api.card-gorilla.com:8080/storage/card/1847/card_img/22140/1847card.jpg,5,0,1,7
1806,롯데렌터카 신차장 우리카드,CHK,우리카드,https://api.card-gorilla.com:8080/storage/card/1848/card_img/22141/1848card.png,https://api.card-gorilla.com:8080/storage/card/1848/card_img/22141/1848card.png,16,0,1,10
1807,더케이 손해보험 롯데카드,CRD,롯데카드,https://api.card-gorilla.com:8080/storage/card/1849/card_img/22142/1849card.jpg,https://api.card-gorilla.com:8080/storage/card/1849/card_img/22142/1849card.jpg,15,0,1,7
1808,데일리카드,CHK,롯데카드,https://api.card-gorilla.com:8080/storage/card/1850/card_img/22143/1850card.png,https://api.card-gorilla.com:8080/storage/card/1850/card_img/22143/1850card.png,15,0,1,0
1809,GS칼텍스 화물복지카드,CHK,우리카드,https://api.card-gorilla.com:8080/storage/card/1851/card_img/22144/1851card.png,https://api.card-gorilla.com:8080/storage/card/1851/card_img/22144/1851card.png,13,0,1,0
1810,카드의정석 JVM,CRD,우리카드,https://api.card-gorilla.com:8080/storage/card/1852/card_img/22145/1852card.png,https://api.card-gorilla.com:8080/storage/card/1852/card_img/22145/1852card.png,42,0,1,6
1811,맑은 우리 카드,CHK,우리카드,https://api.card-gorilla.com:8080/storage/card/1853/card_img/22146/1853card.png,https://api.card-gorilla.com:8080/storage/card/1853/card_img/22146/1853card.png,32,0,1,9
1812,ALL 다모아카드,CHK,우리카드,https://api.card-gorilla.com:8080/storage/card/1854/card_img/22147/1854card.png,https://api.card-gorilla.com:8080/storage/card/1854/card_img/22147/1854card.png,40,0,1,1
1813,우리사장님(Power)카드,CHK,우리카드,https://api.card-gorilla.com:8080/storage/card/1855/card_img/22148/1855card.png,https://api.card-gorilla.com:8080/storage/card/1855/card_img/22148/1855card.png,4,0,1,0
1814,카드의정석 하이마트,CHK,우리카드,https://api.card-gorilla.com:8080/storage/card/1856/card_img/22149/1856card.png,https://api.card-gorilla.com:8080/storage/card/1856/card_img/22149/1856card.png,22,0,1,7
1815,동부생명 롯데카드,CRD,롯데카드,https://api.card-gorilla.com:8080/storage/card/1857/card_img/22150/1857card.jpg,https://api.card-gorilla.com:8080/storage/card/1857/card_img/22150/1857card.jpg,20,0,1,10
1816,딜라이브 롯데카드,CHK,롯데카드,https://api.card-gorilla.com:8080/storage/card/1858/card_img/22151/1858card.png,https://api.card-gorilla.com:8080/storage/card/1858/card_img/22151/1858card.png,1,0,1,3
1817,OK캐쉬백 위비할인카드,CHK,우리카드,https://api.card-gorilla.com:8080/storage/card/1859/card_img/22152/1859card.png,https://api.card-gorilla.com:8080/storage/card/1859/card_img/22152/1859card.png,18,0,1,8
1818,RAUME O,CRD,삼성카드,https://api.card-gorilla.com:8080/storage/card/1860/card_img/22153/1860card.png,https://api.card-gorilla.com:8080/storage/card/1860/card_img/22153/1860card.png,35,0,1,0
1819,롭스 롯데카드,CRD,롯데카드,https://api.card-gorilla.com:8080/storage/card/1861/card_img/22154/1861card.jpg,https://api.card-gorilla.com:8080/storage/card/1861/card_img/22154/1861card.jpg,31,0,1,8
1820,롭스 선불캐시비 롯데체크카드,CHK,롯데카드,https://api.card-gorilla.com:8080/storage/card/1862/card_img/22155/1862card.jpg,https://api.card-gorilla.com:8080/storage/card/1862/card_img/22155/1862card.jpg,23,0,1,0
1821,롯데 I♡Jeju 카드,CRD,롯데카드,https://api.card-gorilla.com:8080/storage/card/1863/card_img/22156/1863card.png,https://api.card-gorilla.com:8080/storage/card/1863/card_img/22156/1863card.png,19,0,1,5
1822,롯데 weekly 체크카드(경기도 청소년 교통비 지원),CHK,롯데카드,https://api.card-gorilla.com:8080/storage/card/1864/card_img/22157/1864card.png,https://api.card-gorilla.com:8080/storage/card/1864/card_img/22157/1864card.png,31,0,1,6
1823,RAUME O (스카이패스),CRD,삼성카드,https://api.card-gorilla.com:8080/storage/card/1865/card_img/22158/1865card.png,https://api.card-gorilla.com:8080/storage/card/1865/card_img/22158/1865card.png,30,0,1,6
1824,RAUME O (아시아나),CRD,삼성카드,https://api.card-gorilla.com:8080/storage/card/1866/card_img/22159/1866card.png,https://api.card-gorilla.com:8080/storage/card/1866/card_img/22159/1866card.png,6,0,1,7
1825,교원 웰스 우리카드,CRD,우리카드,https://api.card-gorilla.com:8080/storage/card/1867/card_img/22129/1867card.png,https://api.card-gorilla.com:8080/storage/card/1867/card_img/22129/1867card.png,49,0,1,1
1826,라이나생명 라서즐거운카드,CRD,우리카드,https://api.card-gorilla.com:8080/storage/card/1868/card_img/22128/1868card.png,https://api.card-gorilla.com:8080/storage/card/1868/card_img/22128/1868card.png,9,0,1,10
1827,신세계 THE S VIP,CRD,삼성카드,https://api.card-gorilla.com:8080/storage/card/1869/card_img/22127/1869card.png,https://api.card-gorilla.com:8080/storage/card/1869/card_img/22127/1869card.png,16,0,1,4
1828,신세계 THE S PRESTIGE 삼성카드,CHK,삼성카드,https://api.card-gorilla.com:8080/storage/card/1870/card_img/22126/1870card.png,https://api.card-gorilla.com:8080/storage/card/1870/card_img/22126/1870card.png,48,0,1,5
1829,제일아쿠아 포티 라서즐거운카드,CRD,우리카드,https://api.card-gorilla.com:8080/storage/card/1871/card_img/22125/1871card.png,https://api.card-gorilla.com:8080/storage/card/1871/card_img/22125/1871card.png,6,0,1,4
1830,새마을금고 삼성체크카드,CHK,삼성카드,https://api.card-gorilla.com:8080/storage/card/1872/card_img/22124/1872card.png,https://api.card-gorilla.com:8080/storage/card/1872/card_img/22124/1872card.png,43,0,1,9
1831,대림케어 라서즐거운카드,CRD,우리카드,https://api.card-gorilla.com:8080/storage/card/1873/card_img/22123/1873card.png,https://api.card-gorilla.com:8080/storage/card/1873/card_img/22123/1873card.png,19,0,1,7
1832,코웨이 우리카드,CHK,우리카드,https://api.card-gorilla.com:8080/storage/card/1874/card_img/22122/1874card.png,https://api.card-gorilla.com:8080/storage/card/1874/card_img/22122/1874card.png,12,0,1,3
1833,헬러라서 즐거운카드,CHK,우리카드,https://api.card-gorilla.com:8080/storage/card/1875/card_img/22121/1875card.png,https://api.card-gorilla.com:8080/storage/card/1875/card_img/22121/1875card.png,35,0,1,6
1834,새마을금고 삼성애니패스포인트체크카드,CRD,삼성카드,https://api.card-gorilla.com:8080/storage/card/1876/card_img/22120/1876card.png,https://api.card-gorilla.com:8080/storage/card/1876/card_img/22120/1876card.png,23,0,1,7
1835,우리 YG 신용카드,CHK,우리카드,https://api.card-gorilla.com:8080/storage/card/1877/card_img/22119/1877card.png,https://api.card-gorilla.com:8080/storage/card/1877/card_img/22119/1877card.png,42,0,1,8
1836,동양매직 우리카드,CHK,우리카드,https://api.card-gorilla.com:8080/storage/card/1878/card_img/22118/1878card.png,https://api.card-gorilla.com:8080/storage/card/1878/card_img/22118/1878card.png,39,0,1,1
1837,삼성오토캐시백체크카드,CRD,삼성카드,https://api.card-gorilla.com:8080/storage/card/1879/card_img/22117/1879card.png,https://api.card-gorilla.com:8080/storage/card/1879/card_img/22117/1879card.png,36,0,1,2
1838,한샘 라서즐거운 카드,CRD,우리카드,https://api.card-gorilla.com:8080/storage/card/1880/card_img/22116/1880card.png,https://api.card-gorilla.com:8080/storage/card/1880/card_img/22116/1880card.png,38,0,1,5
1839,코웨이 Slim할부 우리카드,CHK,우리카드,https://api.card-gorilla.com:8080/storage/card/1881/card_img/22115/1881card.png,https://api.card-gorilla.com:8080/storage/card/1881/card_img/22115/1881card.png,18,0,1,1
1840,삼성 디지털프라자 삼성카드,CRD,삼성카드,https://api.card-gorilla.com:8080/storage/card/1882/card_img/25527/1882card-%281%29.png,https://api.card-gorilla.com:8080/storage/card/1882/card_img/25527/1882card-%281%29.png,28,0,1,1
1841,PAYCO taptap,CRD,삼성카드,https://api.card-gorilla.com:8080/storage/card/1883/card_img/22113/1883card.png,https://api.card-gorilla.com:8080/storage/card/1883/card_img/22113/1883card.png,27,0,1,5
1842,라이프파트너 삼성카드,CHK,삼성카드,https://api.card-gorilla.com:8080/storage/card/1884/card_img/22112/1884card.png,https://api.card-gorilla.com:8080/storage/card/1884/card_img/22112/1884card.png,41,0,1,8
1843,삼성카드 BIZ 6 V2,CRD,삼성카드,https://api.card-gorilla.com:8080/storage/card/1885/card_img/22111/1885card.png,https://api.card-gorilla.com:8080/storage/card/1885/card_img/22111/1885card.png,36,0,1,9
1844,삼성 리워즈 삼성카드 taptap,CHK,삼성카드,https://api.card-gorilla.com:8080/storage/card/1886/card_img/22110/1886card.png,https://api.card-gorilla.com:8080/storage/card/1886/card_img/22110/1886card.png,20,0,1,6
1845,넷마블 신한카드,CRD,신한카드,https://api.card-gorilla.com:8080/storage/card/1887/card_img/22109/1887card.png,https://api.card-gorilla.com:8080/storage/card/1887/card_img/22109/1887card.png,8,0,1,1
1846,SRT GS칼텍스 신한카드 Shine,CHK,신한카드,https://api.card-gorilla.com:8080/storage/card/1888/card_img/22108/1888card.png,https://api.card-gorilla.com:8080/storage/card/1888/card_img/22108/1888card.png,46,0,1,1
1847,Toss taptap S,CHK,삼성카드,https://api.card-gorilla.com:8080/storage/card/1889/card_img/22107/1889card.png,https://api.card-gorilla.com:8080/storage/card/1889/card_img/22107/1889card.png,11,0,1,6
1848,세이 우리카드,CHK,우리카드,https://api.card-gorilla.com:8080/storage/card/1890/card_img/22106/1890card.png,https://api.card-gorilla.com:8080/storage/card/1890/card_img/22106/1890card.png,17,0,1,8
1849,Syrup n 11ST 우리카드,CRD,우리카드,https://api.card-gorilla.com:8080/storage/card/1891/card_img/22105/1891card.png,https://api.card-gorilla.com:8080/storage/card/1891/card_img/22105/1891card.png,15,0,1,1
1850,Every Mall카드,CHK,우리카드,https://api.card-gorilla.com:8080/storage/card/1892/card_img/22104/1892card.png,https://api.card-gorilla.com:8080/storage/card/1892/card_img/22104/1892card.png,15,0,1,1
1851,우리 전통시장 W카드,CHK,우리카드,https://api.card-gorilla.com:8080/storage/card/1893/card_img/22103/1893card.png,https://api.card-gorilla.com:8080/storage/card/1893/card_img/22103/1893card.png,11,0,1,3
1852,위니아대우 스마트 우리카드,CHK,우리카드,https://api.card-gorilla.com:8080/storage/card/1894/card_img/22102/1894card.png,https://api.card-gorilla.com:8080/storage/card/1894/card_img/22102/1894card.png,43,0,1,9
1853,일룸 스마트 우리카드,CHK,우리카드,https://api.card-gorilla.com:8080/storage/card/1895/card_img/22101/1895card.png,https://api.card-gorilla.com:8080/storage/card/1895/card_img/22101/1895card.png,28,0,1,0
1854,한샘 스마트 우리카드,CRD,우리카드,https://api.card-gorilla.com:8080/storage/card/1896/card_img/22100/1896card.png,https://api.card-gorilla.com:8080/storage/card/1896/card_img/22100/1896card.png,8,0,1,8
1855,NEW BS렌탈 우리카드,CRD,우리카드,https://api.card-gorilla.com:8080/storage/card/1897/card_img/22099/1897card.png,https://api.card-gorilla.com:8080/storage/card/1897/card_img/22099/1897card.png,3,0,1,4
1856,현대 HCN 라서즐거운카드,CHK,우리카드,https://api.card-gorilla.com:8080/storage/card/1898/card_img/22098/1898card.png,https://api.card-gorilla.com:8080/storage/card/1898/card_img/22098/1898card.png,40,0,1,10
1857,New LG전자 베스트샵 PLUS 신한카드,CRD,신한카드,https://api.card-gorilla.com:8080/storage/card/1899/card_img/22097/1899card.png,https://api.card-gorilla.com:8080/storage/card/1899/card_img/22097/1899card.png,15,0,1,10
1858,Win.K 체크카드,CRD,교보증권,https://api.card-gorilla.com:8080/storage/card/1900/card_img/22096/1900card.png,https://api.card-gorilla.com:8080/storage/card/1900/card_img/22096/1900card.png,36,0,1,6
1859,현대렌탈케어 우리카드,CRD,우리카드,https://api.card-gorilla.com:8080/storage/card/1901/card_img/22095/1901card.png,https://api.card-gorilla.com:8080/storage/card/1901/card_img/22095/1901card.png,1,0,1,0
1860,삼성카드 BIZ 4 V2,CRD,삼성카드,https://api.card-gorilla.com:8080/storage/card/1902/card_img/22094/1902card.png,https://api.card-gorilla.com:8080/storage/card/1902/card_img/22094/1902card.png,32,0,1,10
1861,부자되세요 더마일리지 체크카드,CRD,교보증권,https://api.card-gorilla.com:8080/storage/card/1903/card_img/22093/1903card.png,https://api.card-gorilla.com:8080/storage/card/1903/card_img/22093/1903card.png,50,0,1,9
1862,THE O V2 (포인트),CRD,삼성카드,https://api.card-gorilla.com:8080/storage/card/1904/card_img/22092/1904card.png,https://api.card-gorilla.com:8080/storage/card/1904/card_img/22092/1904card.png,11,0,1,2
1863,THE O V2 (아시아나),CRD,삼성카드,https://api.card-gorilla.com:8080/storage/card/1905/card_img/22091/1905card.png,https://api.card-gorilla.com:8080/storage/card/1905/card_img/22091/1905card.png,6,0,1,2
1864,후불하이패스카드(비씨),CHK,NH농협카드,https://api.card-gorilla.com:8080/storage/card/1906/card_img/22090/1906card.png,https://api.card-gorilla.com:8080/storage/card/1906/card_img/22090/1906card.png,9,0,1,4
1865,우체국 우리동네plus 체크카드,CHK,우체국,https://api.card-gorilla.com:8080/storage/card/1907/card_img/24418/1907card.png,https://api.card-gorilla.com:8080/storage/card/1907/card_img/24418/1907card.png,35,0,1,6
1866,THE 1,CHK,삼성카드,https://api.card-gorilla.com:8080/storage/card/1908/card_img/22088/1908card.png,https://api.card-gorilla.com:8080/storage/card/1908/card_img/22088/1908card.png,1,0,1,6
1867,THE 1 (스카이패스),CHK,삼성카드,https://api.card-gorilla.com:8080/storage/card/1909/card_img/22087/1909card.png,https://api.card-gorilla.com:8080/storage/card/1909/card_img/22087/1909card.png,7,0,1,0
1868,Joy더함카드(비씨),CRD,NH농협카드,https://api.card-gorilla.com:8080/storage/card/1910/card_img/22086/1910card.png,https://api.card-gorilla.com:8080/storage/card/1910/card_img/22086/1910card.png,43,0,1,1
1869,할인더함카드(비씨),CHK,NH농협카드,https://api.card-gorilla.com:8080/storage/card/1911/card_img/22085/1911card.png,https://api.card-gorilla.com:8080/storage/card/1911/card_img/22085/1911card.png,32,0,1,5
1870,유안타 Stock+ 체크카드,CRD,유안타증권,https://api.card-gorilla.com:8080/storage/card/1912/card_img/22084/1912card.png,https://api.card-gorilla.com:8080/storage/card/1912/card_img/22084/1912card.png,31,0,1,5
1871,THE 1 BIZ,CHK,삼성카드,https://api.card-gorilla.com:8080/storage/card/1913/card_img/22083/1913card.png,https://api.card-gorilla.com:8080/storage/card/1913/card_img/22083/1913card.png,23,0,1,8
1872,포인트더함카드(비씨),CRD,NH농협카드,https://api.card-gorilla.com:8080/storage/card/1914/card_img/22082/1914card.png,https://api.card-gorilla.com:8080/storage/card/1914/card_img/22082/1914card.png,4,0,1,10
1873,채움 후불하이패스카드(비씨),CHK,NH농협카드,https://api.card-gorilla.com:8080/storage/card/1915/card_img/22081/1915card.png,https://api.card-gorilla.com:8080/storage/card/1915/card_img/22081/1915card.png,47,0,1,10
1874,YoungPro NH투자증권 카드,CRD,NH농협카드,https://api.card-gorilla.com:8080/storage/card/1916/card_img/22080/1916card.png,https://api.card-gorilla.com:8080/storage/card/1916/card_img/22080/1916card.png,8,0,1,7
1875,하나로카드,CHK,NH농협카드,https://api.card-gorilla.com:8080/storage/card/1917/card_img/22079/1917card.png,https://api.card-gorilla.com:8080/storage/card/1917/card_img/22079/1917card.png,26,0,1,2
1876,유안타 W-CMA 롯데체크카드,CHK,롯데카드,https://api.card-gorilla.com:8080/storage/card/1918/card_img/22078/1918card.jpg,https://api.card-gorilla.com:8080/storage/card/1918/card_img/22078/1918card.jpg,50,0,1,9
1877,유안타 W-CMA 캐시백 롯데카드,CHK,롯데카드,https://api.card-gorilla.com:8080/storage/card/1919/card_img/22077/1919card.jpg,https://api.card-gorilla.com:8080/storage/card/1919/card_img/22077/1919card.jpg,2,0,1,7
1878,유안타 W-CMA 포인트플러스 롯데카드,CRD,롯데카드,https://api.card-gorilla.com:8080/storage/card/1920/card_img/22076/1920card.jpg,https://api.card-gorilla.com:8080/storage/card/1920/card_img/22076/1920card.jpg,1,0,1,7
1879,야구사랑 체크카드(LG트윈스),CHK,롯데카드,https://api.card-gorilla.com:8080/storage/card/1921/card_img/22075/1921card.jpg,https://api.card-gorilla.com:8080/storage/card/1921/card_img/22075/1921card.jpg,5,0,1,3
1880,DC Plus 카드,CRD,롯데카드,https://api.card-gorilla.com:8080/storage/card/1923/card_img/22074/1923card.png,https://api.card-gorilla.com:8080/storage/card/1923/card_img/22074/1923card.png,43,0,1,2
1881,야구사랑 체크카드(SK와이번스),CRD,롯데카드,https://api.card-gorilla.com:8080/storage/card/1925/card_img/22073/1925card.jpg,https://api.card-gorilla.com:8080/storage/card/1925/card_img/22073/1925card.jpg,33,0,1,3
1882,E1 LPG 롯데카드,CHK,롯데카드,https://api.card-gorilla.com:8080/storage/card/1926/card_img/22072/1926card.jpg,https://api.card-gorilla.com:8080/storage/card/1926/card_img/22072/1926card.jpg,28,0,1,1
1883,야구사랑 체크카드(기아타이거즈),CHK,롯데카드,https://api.card-gorilla.com:8080/storage/card/1927/card_img/22071/1927card.jpg,https://api.card-gorilla.com:8080/storage/card/1927/card_img/22071/1927card.jpg,15,0,1,1
1884,야구사랑 체크카드(넥센히어로즈),CHK,롯데카드,https://api.card-gorilla.com:8080/storage/card/1928/card_img/22070/1928card.jpg,https://api.card-gorilla.com:8080/storage/card/1928/card_img/22070/1928card.jpg,7,0,1,4
1885,야구사랑 체크카드(삼성라이온즈),CRD,롯데카드,https://api.card-gorilla.com:8080/storage/card/1929/card_img/22069/1929card.jpg,https://api.card-gorilla.com:8080/storage/card/1929/card_img/22069/1929card.jpg,40,0,1,3
1886,야구사랑 체크카드(한화이글스),CHK,롯데카드,https://api.card-gorilla.com:8080/storage/card/1930/card_img/22068/1930card.jpg,https://api.card-gorilla.com:8080/storage/card/1930/card_img/22068/1930card.jpg,40,0,1,5
1887,어바웃 롯데카드,CHK,롯데카드,https://api.card-gorilla.com:8080/storage/card/1931/card_img/22067/1931card.jpg,https://api.card-gorilla.com:8080/storage/card/1931/card_img/22067/1931card.jpg,33,0,1,5
1888,E1 LPG 롯데 체크카드,CHK,롯데카드,https://api.card-gorilla.com:8080/storage/card/1932/card_img/22066/1932card.jpg,https://api.card-gorilla.com:8080/storage/card/1932/card_img/22066/1932card.jpg,7,0,1,6
1889,베스트파트너 법인카드,CHK,롯데카드,https://api.card-gorilla.com:8080/storage/card/1933/card_img/22065/1933card.png,https://api.card-gorilla.com:8080/storage/card/1933/card_img/22065/1933card.png,42,0,1,0
1890,레일플러스 포인트 롯데카드,CRD,롯데카드,https://api.card-gorilla.com:8080/storage/card/1934/card_img/22064/1934card.jpg,https://api.card-gorilla.com:8080/storage/card/1934/card_img/22064/1934card.jpg,3,0,1,7
1891,비즈니스 법인카드,CHK,롯데카드,https://api.card-gorilla.com:8080/storage/card/1935/card_img/22063/1935card.png,https://api.card-gorilla.com:8080/storage/card/1935/card_img/22063/1935card.png,35,0,1,8
1892,로열30 인피니트 카드,CHK,롯데카드,https://api.card-gorilla.com:8080/storage/card/1936/card_img/22062/1936card.jpg,https://api.card-gorilla.com:8080/storage/card/1936/card_img/22062/1936card.jpg,44,0,1,0
1893,아멕스 센츄리온 법인카드,CHK,롯데카드,https://api.card-gorilla.com:8080/storage/card/1937/card_img/22061/1937card.png,https://api.card-gorilla.com:8080/storage/card/1937/card_img/22061/1937card.png,49,0,1,7
1894,롯데 AUTO 세이브 카드,CHK,롯데카드,https://api.card-gorilla.com:8080/storage/card/1938/card_img/22060/1938card.jpg,https://api.card-gorilla.com:8080/storage/card/1938/card_img/22060/1938card.jpg,48,0,1,1
1895,우리은행 롯데 오토빌 법인카드,CRD,롯데카드,https://api.card-gorilla.com:8080/storage/card/1939/card_img/22059/1939card.png,https://api.card-gorilla.com:8080/storage/card/1939/card_img/22059/1939card.png,38,0,1,6
1896,스카이패스카드,CHK,IBK기업은행,https://api.card-gorilla.com:8080/storage/card/1940/card_img/22058/1940card.png,https://api.card-gorilla.com:8080/storage/card/1940/card_img/22058/1940card.png,12,0,1,9
1897,농업경영체크카드,CHK,NH농협카드,https://api.card-gorilla.com:8080/storage/card/1941/card_img/22057/1941card.png,https://api.card-gorilla.com:8080/storage/card/1941/card_img/22057/1941card.png,45,0,1,5
1898,우편요금 결제전용 카드(우체국),CRD,IBK기업은행,https://api.card-gorilla.com:8080/storage/card/1942/card_img/22056/1942card.jpg,https://api.card-gorilla.com:8080/storage/card/1942/card_img/22056/1942card.jpg,11,0,1,3
1899,아시아나클럽카드,CRD,IBK기업은행,https://api.card-gorilla.com:8080/storage/card/1943/card_img/22055/1943card.jpg,https://api.card-gorilla.com:8080/storage/card/1943/card_img/22055/1943card.jpg,28,0,1,8
1900,엘포인트카드(비씨),CRD,NH농협카드,https://api.card-gorilla.com:8080/storage/card/1944/card_img/22054/1944card.png,https://api.card-gorilla.com:8080/storage/card/1944/card_img/22054/1944card.png,23,0,1,2
1901,팜코 카드,CHK,IBK기업은행,https://api.card-gorilla.com:8080/storage/card/1945/card_img/22053/1945card.jpg,https://api.card-gorilla.com:8080/storage/card/1945/card_img/22053/1945card.jpg,43,0,1,10
1902,I-biz 팜코카드,CRD,IBK기업은행,https://api.card-gorilla.com:8080/storage/card/1946/card_img/22052/1946card.jpg,https://api.card-gorilla.com:8080/storage/card/1946/card_img/22052/1946card.jpg,39,0,1,9
1903,전기료 결제전용 카드(체크),CHK,IBK기업은행,https://api.card-gorilla.com:8080/storage/card/1947/card_img/22051/1947card.jpg,https://api.card-gorilla.com:8080/storage/card/1947/card_img/22051/1947card.jpg,2,0,1,6
1904,청년농업희망카드(비씨),CHK,NH농협카드,https://api.card-gorilla.com:8080/storage/card/1948/card_img/22050/1948card.png,https://api.card-gorilla.com:8080/storage/card/1948/card_img/22050/1948card.png,1,0,1,0
1905,IBK 후불 하이패스 카드(개인),CRD,IBK기업은행,https://api.card-gorilla.com:8080/storage/card/1949/card_img/22049/1949card.jpg,https://api.card-gorilla.com:8080/storage/card/1949/card_img/22049/1949card.jpg,19,0,1,7
1906,IBK 후불 하이패스 카드(기업),CRD,IBK기업은행,https://api.card-gorilla.com:8080/storage/card/1950/card_img/22048/1950card.jpg,https://api.card-gorilla.com:8080/storage/card/1950/card_img/22048/1950card.jpg,20,0,1,6
1907,청년농업희망체크카드(비씨),CRD,NH농협카드,https://api.card-gorilla.com:8080/storage/card/1951/card_img/22047/1951card.png,https://api.card-gorilla.com:8080/storage/card/1951/card_img/22047/1951card.png,47,0,1,10
1908,충남 다자녀행복키움카드(신용),CRD,NH농협카드,https://api.card-gorilla.com:8080/storage/card/1952/card_img/22046/1952card.png,https://api.card-gorilla.com:8080/storage/card/1952/card_img/22046/1952card.png,45,0,1,0
1909,다이아몬드 법인카드,CHK,롯데카드,https://api.card-gorilla.com:8080/storage/card/1953/card_img/22045/1953card.png,https://api.card-gorilla.com:8080/storage/card/1953/card_img/22045/1953card.png,20,0,1,3
1910,롯데 뉴라인 골드 아멕스카드,CRD,롯데카드,https://api.card-gorilla.com:8080/storage/card/1954/card_img/22044/1954card.png,https://api.card-gorilla.com:8080/storage/card/1954/card_img/22044/1954card.png,1,0,1,8
1911,충남 다자녀행복키움카드(체크),CRD,NH농협카드,https://api.card-gorilla.com:8080/storage/card/1955/card_img/22043/1955card.png,https://api.card-gorilla.com:8080/storage/card/1955/card_img/22043/1955card.png,43,0,1,6
1912,롯데 뉴라인 아멕스카드,CRD,롯데카드,https://api.card-gorilla.com:8080/storage/card/1956/card_img/22042/1956card.png,https://api.card-gorilla.com:8080/storage/card/1956/card_img/22042/1956card.png,35,0,1,5
1913,롯데 비즈니스 체크 카드,CHK,롯데카드,https://api.card-gorilla.com:8080/storage/card/1957/card_img/22041/1957card.jpg,https://api.card-gorilla.com:8080/storage/card/1957/card_img/22041/1957card.jpg,15,0,1,2
1914,롯데 체크플러스 카드,CHK,롯데카드,https://api.card-gorilla.com:8080/storage/card/1958/card_img/22040/1958card.jpg,https://api.card-gorilla.com:8080/storage/card/1958/card_img/22040/1958card.jpg,40,0,1,10
1915,롯데마트 DC100 카드,CRD,롯데카드,https://api.card-gorilla.com:8080/storage/card/1959/card_img/22039/1959card.png,https://api.card-gorilla.com:8080/storage/card/1959/card_img/22039/1959card.png,31,0,1,0
1916,모두모아 체크카드,CHK,교보증권,https://api.card-gorilla.com:8080/storage/card/1960/card_img/22038/1960card.png,https://api.card-gorilla.com:8080/storage/card/1960/card_img/22038/1960card.png,35,0,1,0
1917,S1카드,CRD,Sh수협은행,https://api.card-gorilla.com:8080/storage/card/1961/card_img/22037/1961card.png,https://api.card-gorilla.com:8080/storage/card/1961/card_img/22037/1961card.png,26,0,1,5
1918,휴먼라이프 S1 수협카드,CRD,Sh수협은행,https://api.card-gorilla.com:8080/storage/card/1962/card_img/22036/1962card.png,https://api.card-gorilla.com:8080/storage/card/1962/card_img/22036/1962card.png,32,0,1,1
1919,Real Zero 체크카드,CHK,Sh수협은행,https://api.card-gorilla.com:8080/storage/card/1963/card_img/22035/1963card.png,https://api.card-gorilla.com:8080/storage/card/1963/card_img/22035/1963card.png,10,0,1,10
1920,KDB Choice 하이브리드 카드,CRD,KDB산업은행,https://api.card-gorilla.com:8080/storage/card/1964/card_img/22034/1964card.png,https://api.card-gorilla.com:8080/storage/card/1964/card_img/22034/1964card.png,3,0,1,4
1921,KDB SAMSUNGCARD 4,CHK,삼성카드,https://api.card-gorilla.com:8080/storage/card/1965/card_img/22033/1965card.png,https://api.card-gorilla.com:8080/storage/card/1965/card_img/22033/1965card.png,46,0,1,4
1922,스마트36 우리카드,CHK,우리카드,https://api.card-gorilla.com:8080/storage/card/1966/card_img/22032/1966card.png,https://api.card-gorilla.com:8080/storage/card/1966/card_img/22032/1966card.png,3,0,1,9
1923,BeV Ⅸ 대한항공 카드,CRD,국민카드,https://api.card-gorilla.com:8080/storage/card/1967/card_img/22031/1967card.png,https://api.card-gorilla.com:8080/storage/card/1967/card_img/22031/1967card.png,32,0,1,8
1924,리마크 우리카드,CHK,우리카드,https://api.card-gorilla.com:8080/storage/card/1968/card_img/22030/1968card.png,https://api.card-gorilla.com:8080/storage/card/1968/card_img/22030/1968card.png,40,0,1,5
1925,리워드W신용카드,CRD,SC제일은행,https://api.card-gorilla.com:8080/storage/card/1969/card_img/22029/1969card.png,https://api.card-gorilla.com:8080/storage/card/1969/card_img/22029/1969card.png,4,0,1,10
1926,리워드W체크카드,CHK,SC제일은행,https://api.card-gorilla.com:8080/storage/card/1970/card_img/22028/1970card.png,https://api.card-gorilla.com:8080/storage/card/1970/card_img/22028/1970card.png,35,0,1,1
1927,GOODSHOT카드,CRD,NH농협카드,https://api.card-gorilla.com:8080/storage/card/1971/card_img/22027/1971card.png,https://api.card-gorilla.com:8080/storage/card/1971/card_img/22027/1971card.png,5,0,1,9
1928,쿠쿠 Slim(슬림)할부 우리카드,CRD,우리카드,https://api.card-gorilla.com:8080/storage/card/1972/card_img/22026/1972card.png,https://api.card-gorilla.com:8080/storage/card/1972/card_img/22026/1972card.png,11,0,1,6
1929,딜라이트(Delight)카드,CHK,SC제일은행,https://api.card-gorilla.com:8080/storage/card/1973/card_img/22025/1973card.png,https://api.card-gorilla.com:8080/storage/card/1973/card_img/22025/1973card.png,38,0,1,0
1930,Lady라온카드,CRD,NH농협카드,https://api.card-gorilla.com:8080/storage/card/1974/card_img/22024/1974card.png,https://api.card-gorilla.com:8080/storage/card/1974/card_img/22024/1974card.png,50,0,1,7
1931,마블 체크카드(에이스플러스체크카드),CHK,SC제일은행,https://api.card-gorilla.com:8080/storage/card/1975/card_img/22023/1975card.png,https://api.card-gorilla.com:8080/storage/card/1975/card_img/22023/1975card.png,6,0,1,0
1932,NH올원 시럽카드,CRD,NH농협카드,https://api.card-gorilla.com:8080/storage/card/1976/card_img/22022/1976card.png,https://api.card-gorilla.com:8080/storage/card/1976/card_img/22022/1976card.png,24,0,1,8
1933,SB 팝 체크카드,CHK,SBI저축은행,https://api.card-gorilla.com:8080/storage/card/1977/card_img/22021/1977card.png,https://api.card-gorilla.com:8080/storage/card/1977/card_img/22021/1977card.png,25,0,1,7
1934,NH올원 시럽체크카드,CHK,NH농협카드,https://api.card-gorilla.com:8080/storage/card/1978/card_img/22020/1978card.png,https://api.card-gorilla.com:8080/storage/card/1978/card_img/22020/1978card.png,34,0,1,4
1935,SB 팝 플러스 체크카드,CRD,SBI저축은행,https://api.card-gorilla.com:8080/storage/card/1979/card_img/22019/1979card.png,https://api.card-gorilla.com:8080/storage/card/1979/card_img/22019/1979card.png,17,0,1,1
1936,LG전자 베스트렌탈 우리카드,CRD,우리카드,https://api.card-gorilla.com:8080/storage/card/1980/card_img/22018/1980card.png,https://api.card-gorilla.com:8080/storage/card/1980/card_img/22018/1980card.png,28,0,1,9
1937,SK매직 우리카드,CRD,우리카드,https://api.card-gorilla.com:8080/storage/card/1981/card_img/22017/1981card.png,https://api.card-gorilla.com:8080/storage/card/1981/card_img/22017/1981card.png,50,0,1,1
1938,NEW 코웨이 우리카드,CRD,우리카드,https://api.card-gorilla.com:8080/storage/card/1982/card_img/22016/1982card.png,https://api.card-gorilla.com:8080/storage/card/1982/card_img/22016/1982card.png,3,0,1,9
1939,Save&Safe(세이브앤세이프)카드(비씨),CRD,NH농협카드,https://api.card-gorilla.com:8080/storage/card/1983/card_img/22015/1983card.png,https://api.card-gorilla.com:8080/storage/card/1983/card_img/22015/1983card.png,16,0,1,5
1940,동양생명 우리카드,CRD,우리카드,https://api.card-gorilla.com:8080/storage/card/1984/card_img/22014/1984card.png,https://api.card-gorilla.com:8080/storage/card/1984/card_img/22014/1984card.png,19,0,1,10
1941,내가그린카드,CHK,SBI저축은행,https://api.card-gorilla.com:8080/storage/card/1985/card_img/22013/1985card.png,https://api.card-gorilla.com:8080/storage/card/1985/card_img/22013/1985card.png,23,0,1,3
1942,SK매직 슬림할부 우리카드,CHK,우리카드,https://api.card-gorilla.com:8080/storage/card/1986/card_img/22012/1986card.png,https://api.card-gorilla.com:8080/storage/card/1986/card_img/22012/1986card.png,3,0,1,2
1943,롯데마트 롯데카드,CHK,롯데카드,https://api.card-gorilla.com:8080/storage/card/1987/card_img/22011/1987card.png,https://api.card-gorilla.com:8080/storage/card/1987/card_img/22011/1987card.png,31,0,1,9
1944,함께그린카드,CRD,SBI저축은행,https://api.card-gorilla.com:8080/storage/card/1988/card_img/22010/1988card.png,https://api.card-gorilla.com:8080/storage/card/1988/card_img/22010/1988card.png,26,0,1,0
1945,예다함 우리카드,CRD,우리카드,https://api.card-gorilla.com:8080/storage/card/1989/card_img/22009/1989card.png,https://api.card-gorilla.com:8080/storage/card/1989/card_img/22009/1989card.png,34,0,1,4
1946,엉 카드,CRD,우리카드,https://api.card-gorilla.com:8080/storage/card/1990/card_img/22008/1990card.png,https://api.card-gorilla.com:8080/storage/card/1990/card_img/22008/1990card.png,20,0,1,2
1947,BeV Ⅸ 토탈마일 카드,CHK,국민카드,https://api.card-gorilla.com:8080/storage/card/1991/card_img/22007/1991card.png,https://api.card-gorilla.com:8080/storage/card/1991/card_img/22007/1991card.png,49,0,1,4
1948,청호나이스우리카드,CHK,우리카드,https://api.card-gorilla.com:8080/storage/card/1992/card_img/22006/1992card.png,https://api.card-gorilla.com:8080/storage/card/1992/card_img/22006/1992card.png,36,0,1,1
1949,롯데백화점 AVENUEL 카드,CRD,롯데카드,https://api.card-gorilla.com:8080/storage/card/1993/card_img/22005/1993card.png,https://api.card-gorilla.com:8080/storage/card/1993/card_img/22005/1993card.png,30,0,1,2
1950,BS렌탈 우리카드,CHK,우리카드,https://api.card-gorilla.com:8080/storage/card/1994/card_img/22004/1994card.png,https://api.card-gorilla.com:8080/storage/card/1994/card_img/22004/1994card.png,9,0,1,0
1951,LIME 체크카드,CRD,MG새마을금고,https://api.card-gorilla.com:8080/storage/card/1995/card_img/22003/1995card.png,https://api.card-gorilla.com:8080/storage/card/1995/card_img/22003/1995card.png,44,0,1,4
1952,NH올원 LG전자BEST카드,CRD,NH농협카드,https://api.card-gorilla.com:8080/storage/card/1996/card_img/22002/1996card.png,https://api.card-gorilla.com:8080/storage/card/1996/card_img/22002/1996card.png,23,0,1,5
1953,프리드라이프 우리카드,CHK,우리카드,https://api.card-gorilla.com:8080/storage/card/1997/card_img/22001/1997card.png,https://api.card-gorilla.com:8080/storage/card/1997/card_img/22001/1997card.png,22,0,1,5
1954,NH올원 NH저축은행카드,CHK,NH농협카드,https://api.card-gorilla.com:8080/storage/card/1998/card_img/22000/1998card.png,https://api.card-gorilla.com:8080/storage/card/1998/card_img/22000/1998card.png,10,0,1,0
1955,바디프랜드 Slim(슬림)할부 우리카드,CRD,우리카드,https://api.card-gorilla.com:8080/storage/card/1999/card_img/21999/1999card.png,https://api.card-gorilla.com:8080/storage/card/1999/card_img/21999/1999card.png,46,0,1,1
1956,롯데백화점 CLUB L 카드,CRD,롯데카드,https://api.card-gorilla.com:8080/storage/card/2000/card_img/21998/2000card.png,https://api.card-gorilla.com:8080/storage/card/2000/card_img/21998/2000card.png,7,0,1,6
1957,꿀카드,CHK,MG새마을금고,https://api.card-gorilla.com:8080/storage/card/2001/card_img/21997/2001card.png,https://api.card-gorilla.com:8080/storage/card/2001/card_img/21997/2001card.png,31,0,1,10
1958,DB손해보험 다이렉트 롯데카드,CHK,롯데카드,https://api.card-gorilla.com:8080/storage/card/2002/card_img/21996/2002card.jpg,https://api.card-gorilla.com:8080/storage/card/2002/card_img/21996/2002card.jpg,39,0,1,5
1959,E-POINT 롯데카드,CRD,롯데카드,https://api.card-gorilla.com:8080/storage/card/2003/card_img/21995/2003card.jpg,https://api.card-gorilla.com:8080/storage/card/2003/card_img/21995/2003card.jpg,33,0,1,8
1960,스마트 U 카드,CHK,롯데카드,https://api.card-gorilla.com:8080/storage/card/2004/card_img/21994/2004card.png,https://api.card-gorilla.com:8080/storage/card/2004/card_img/21994/2004card.png,42,0,1,3
1961,GS&POINT 롯데카드,CHK,롯데카드,https://api.card-gorilla.com:8080/storage/card/2005/card_img/21993/2005card.gif,https://api.card-gorilla.com:8080/storage/card/2005/card_img/21993/2005card.gif,26,0,1,10
1962,청호나이스 Slim할부 우리카드,CRD,우리카드,https://api.card-gorilla.com:8080/storage/card/2006/card_img/21992/2006card.png,https://api.card-gorilla.com:8080/storage/card/2006/card_img/21992/2006card.png,40,0,1,7
1963,LG전자 라서즐거운 카드,CRD,우리카드,https://api.card-gorilla.com:8080/storage/card/2007/card_img/21991/2007card.png,https://api.card-gorilla.com:8080/storage/card/2007/card_img/21991/2007card.png,30,0,1,9
1964,스마트리빙 코웨이 롯데카드,CRD,롯데카드,https://api.card-gorilla.com:8080/storage/card/2008/card_img/21990/2008card.jpg,https://api.card-gorilla.com:8080/storage/card/2008/card_img/21990/2008card.jpg,17,0,1,1
1965,I LOVE SEOUL 관리공단 나눔 롯데카드,CHK,롯데카드,https://api.card-gorilla.com:8080/storage/card/2009/card_img/21989/2009card.jpg,https://api.card-gorilla.com:8080/storage/card/2009/card_img/21989/2009card.jpg,22,0,1,8
1966,SKYPASS카드(비씨),CHK,NH농협카드,https://api.card-gorilla.com:8080/storage/card/2010/card_img/21988/2010card.png,https://api.card-gorilla.com:8080/storage/card/2010/card_img/21988/2010card.png,38,0,1,4
1967,I♥Busan 체크카드,CRD,롯데카드,https://api.card-gorilla.com:8080/storage/card/2011/card_img/21987/2011card.png,https://api.card-gorilla.com:8080/storage/card/2011/card_img/21987/2011card.png,17,0,1,6
1968,NH올원 NH투자증권체크카드,CRD,NH농협카드,https://api.card-gorilla.com:8080/storage/card/2012/card_img/21986/2012card.png,https://api.card-gorilla.com:8080/storage/card/2012/card_img/21986/2012card.png,45,0,1,6
1969,I♥Busan 카드,CHK,롯데카드,https://api.card-gorilla.com:8080/storage/card/2013/card_img/21985/2013card.png,https://api.card-gorilla.com:8080/storage/card/2013/card_img/21985/2013card.png,36,0,1,9
1970,NH올원 NH투자증권카드,CRD,NH농협카드,https://api.card-gorilla.com:8080/storage/card/2014/card_img/21984/2014card.png,https://api.card-gorilla.com:8080/storage/card/2014/card_img/21984/2014card.png,0,0,1,4
1971,TITANIUM(티타늄)카드(POINT),CHK,NH농협카드,https://api.card-gorilla.com:8080/storage/card/2015/card_img/21983/2015card.png,https://api.card-gorilla.com:8080/storage/card/2015/card_img/21983/2015card.png,9,0,1,10
1972,Jin Air - 롯데카드,CRD,롯데카드,https://api.card-gorilla.com:8080/storage/card/2016/card_img/21982/2016card.jpg,https://api.card-gorilla.com:8080/storage/card/2016/card_img/21982/2016card.jpg,11,0,1,5
1973,TITANIUM(티타늄)카드(SKYPASS),CRD,NH농협카드,https://api.card-gorilla.com:8080/storage/card/2017/card_img/21981/2017card.png,https://api.card-gorilla.com:8080/storage/card/2017/card_img/21981/2017card.png,21,0,1,2
1974,이가자헤어비스 롯데포인트플러스 카드,CHK,롯데카드,https://api.card-gorilla.com:8080/storage/card/2018/card_img/21980/2018card.jpg,https://api.card-gorilla.com:8080/storage/card/2018/card_img/21980/2018card.jpg,2,0,1,1
1975,NH올원 Rental&넥센타이어카드,CRD,NH농협카드,https://api.card-gorilla.com:8080/storage/card/2019/card_img/21979/2019card.png,https://api.card-gorilla.com:8080/storage/card/2019/card_img/21979/2019card.png,19,0,1,3
1976,KT GiGA APT 롯데카드,CRD,롯데카드,https://api.card-gorilla.com:8080/storage/card/2020/card_img/21978/2020card.jpg,https://api.card-gorilla.com:8080/storage/card/2020/card_img/21978/2020card.jpg,42,0,1,2
1977,NH올원 Rental&바디프랜드카드,CHK,NH농협카드,https://api.card-gorilla.com:8080/storage/card/2021/card_img/21977/2021card.png,https://api.card-gorilla.com:8080/storage/card/2021/card_img/21977/2021card.png,32,0,1,2
1978,LIKIT all 체크플러스 카드,CRD,롯데카드,https://api.card-gorilla.com:8080/storage/card/2022/card_img/21976/2022card.png,https://api.card-gorilla.com:8080/storage/card/2022/card_img/21976/2022card.png,47,0,1,1
1979,NH올원 Rental&코웨이카드,CRD,NH농협카드,https://api.card-gorilla.com:8080/storage/card/2023/card_img/21975/2023card.png,https://api.card-gorilla.com:8080/storage/card/2023/card_img/21975/2023card.png,34,0,1,6
1980,LIKIT fun 체크플러스 카드,CRD,롯데카드,https://api.card-gorilla.com:8080/storage/card/2024/card_img/21974/2024card.png,https://api.card-gorilla.com:8080/storage/card/2024/card_img/21974/2024card.png,45,0,1,4
1981,LIKIT on 체크플러스 카드,CHK,롯데카드,https://api.card-gorilla.com:8080/storage/card/2025/card_img/21973/2025card.png,https://api.card-gorilla.com:8080/storage/card/2025/card_img/21973/2025card.png,17,0,1,7
1982,카카오페이 체크카드,CRD,IBK기업은행,https://api.card-gorilla.com:8080/storage/card/2026/card_img/21972/2026card.png,https://api.card-gorilla.com:8080/storage/card/2026/card_img/21972/2026card.png,49,0,1,3
1983,IBK-Syrup카드[체크],CHK,IBK기업은행,https://api.card-gorilla.com:8080/storage/card/2027/card_img/21971/2027card.png,https://api.card-gorilla.com:8080/storage/card/2027/card_img/21971/2027card.png,7,0,1,6
1984,LOCA in BUSAN,CHK,롯데카드,https://api.card-gorilla.com:8080/storage/card/2028/card_img/21970/2028card.png,https://api.card-gorilla.com:8080/storage/card/2028/card_img/21970/2028card.png,46,0,1,7
1985,이베이옥션 롯데카드,CHK,롯데카드,https://api.card-gorilla.com:8080/storage/card/2029/card_img/21969/2029card.jpg,https://api.card-gorilla.com:8080/storage/card/2029/card_img/21969/2029card.jpg,9,0,1,3
1986,LOCA MONEY 비즈니스 카드,CRD,롯데카드,https://api.card-gorilla.com:8080/storage/card/2030/card_img/21968/2030card.png,https://api.card-gorilla.com:8080/storage/card/2030/card_img/21968/2030card.png,5,0,1,7
1987,에스케이(SK) 주유전용 기업카드,CRD,IBK기업은행,https://api.card-gorilla.com:8080/storage/card/2031/card_img/21967/2031card.jpg,https://api.card-gorilla.com:8080/storage/card/2031/card_img/21967/2031card.jpg,10,0,1,9
1988,주유전용 기업카드,CHK,IBK기업은행,https://api.card-gorilla.com:8080/storage/card/2032/card_img/21966/2032card.png,https://api.card-gorilla.com:8080/storage/card/2032/card_img/21966/2032card.png,33,0,1,10
1989,공공기관 클린카드 코퍼레이트,CRD,IBK기업은행,https://api.card-gorilla.com:8080/storage/card/2033/card_img/21965/2033card.jpg,https://api.card-gorilla.com:8080/storage/card/2033/card_img/21965/2033card.jpg,6,0,1,4
1990,롯데 Best Drive 포인트플러스카드,CRD,롯데카드,https://api.card-gorilla.com:8080/storage/card/2034/card_img/21964/2034card.jpg,https://api.card-gorilla.com:8080/storage/card/2034/card_img/21964/2034card.jpg,45,0,1,4
1991,IBK hi-pass&oil카드,CRD,IBK기업은행,https://api.card-gorilla.com:8080/storage/card/2035/card_img/21963/2035card.png,https://api.card-gorilla.com:8080/storage/card/2035/card_img/21963/2035card.png,36,0,1,0
1992,NH올원 Shopping&AMOREPACIFIC카드,CHK,NH농협카드,https://api.card-gorilla.com:8080/storage/card/2036/card_img/21962/2036card.png,https://api.card-gorilla.com:8080/storage/card/2036/card_img/21962/2036card.png,24,0,1,10
1993,이유다이렉트 롯데포인트플러스카드,CRD,롯데카드,https://api.card-gorilla.com:8080/storage/card/2037/card_img/21961/2037card.jpg,https://api.card-gorilla.com:8080/storage/card/2037/card_img/21961/2037card.jpg,25,0,1,9
1994,동반성공카드,CHK,IBK기업은행,https://api.card-gorilla.com:8080/storage/card/2038/card_img/21960/2038card.png,https://api.card-gorilla.com:8080/storage/card/2038/card_img/21960/2038card.png,29,0,1,9
1995,인슈넷 롯데카드,CHK,롯데카드,https://api.card-gorilla.com:8080/storage/card/2039/card_img/21959/2039card.jpg,https://api.card-gorilla.com:8080/storage/card/2039/card_img/21959/2039card.jpg,42,0,1,10
1996,NH올원 Shopping&INTERPARK카드,CHK,NH농협카드,https://api.card-gorilla.com:8080/storage/card/2040/card_img/21958/2040card.png,https://api.card-gorilla.com:8080/storage/card/2040/card_img/21958/2040card.png,33,0,1,4
1997,NH올원 Shopping&TLC카드,CRD,NH농협카드,https://api.card-gorilla.com:8080/storage/card/2041/card_img/21957/2041card.png,https://api.card-gorilla.com:8080/storage/card/2041/card_img/21957/2041card.png,32,0,1,6
1998,Oh!Point 더블체크카드(비씨),CRD,NH농협카드,https://api.card-gorilla.com:8080/storage/card/2042/card_img/21956/2042card.png,https://api.card-gorilla.com:8080/storage/card/2042/card_img/21956/2042card.png,32,0,1,9
1999,롯데 Two in One 카드,CRD,롯데카드,https://api.card-gorilla.com:8080/storage/card/2044/card_img/21955/2044card.png,https://api.card-gorilla.com:8080/storage/card/2044/card_img/21955/2044card.png,28,0,1,5
2000,인스니즈 롯데 포인트플러스 카드,CHK,롯데카드,https://api.card-gorilla.com:8080/storage/card/2045/card_img/21954/2045card.jpg,https://api.card-gorilla.com:8080/storage/card/2045/card_img/21954/2045card.jpg,33,0,1,1
2001,택시 운송사업자 법인카드,CRD,롯데카드,https://api.card-gorilla.com:8080/storage/card/2046/card_img/21953/2046card.png,https://api.card-gorilla.com:8080/storage/card/2046/card_img/21953/2046card.png,17,0,1,2
2002,일상의 기쁨 (주)자란다 제휴카드,CRD,IBK기업은행,https://api.card-gorilla.com:8080/storage/card/2047/card_img/21952/2047card.jpg,https://api.card-gorilla.com:8080/storage/card/2047/card_img/21952/2047card.jpg,38,0,1,9
2003,나의알파 국민연금안심 체크카드,CHK,IBK기업은행,https://api.card-gorilla.com:8080/storage/card/2048/card_img/21951/2048card.jpg,https://api.card-gorilla.com:8080/storage/card/2048/card_img/21951/2048card.jpg,43,0,1,10
2004,롯데렌터카 AUTO 카드,CRD,롯데카드,https://api.card-gorilla.com:8080/storage/card/2049/card_img/21950/2049card.jpg,https://api.card-gorilla.com:8080/storage/card/2049/card_img/21950/2049card.jpg,6,0,1,10
2005,한세대학교 나의알파 체크(TOP 포인트),CHK,IBK기업은행,https://api.card-gorilla.com:8080/storage/card/2050/card_img/21949/2050card.png,https://api.card-gorilla.com:8080/storage/card/2050/card_img/21949/2050card.png,0,0,1,6
2006,나의알파 체크카드,CRD,IBK기업은행,https://api.card-gorilla.com:8080/storage/card/2051/card_img/21948/2051card.jpg,https://api.card-gorilla.com:8080/storage/card/2051/card_img/21948/2051card.jpg,46,0,1,4
2007,나의 알파 행복지킴이 체크카드,CRD,IBK기업은행,https://api.card-gorilla.com:8080/storage/card/2052/card_img/21947/2052card.jpg,https://api.card-gorilla.com:8080/storage/card/2052/card_img/21947/2052card.jpg,11,0,1,3
2008,롯데백화점 LENITH 카드,CRD,롯데카드,https://api.card-gorilla.com:8080/storage/card/2053/card_img/21946/2053card.png,https://api.card-gorilla.com:8080/storage/card/2053/card_img/21946/2053card.png,8,0,1,4
2009,PLATINUM(플래티늄)카드(MULTI),CRD,NH농협카드,https://api.card-gorilla.com:8080/storage/card/2054/card_img/21945/2054card.png,https://api.card-gorilla.com:8080/storage/card/2054/card_img/21945/2054card.png,6,0,1,2
2010,THE Fine 플래티늄 카드(대한항공),CHK,IBK기업은행,https://api.card-gorilla.com:8080/storage/card/2055/card_img/21944/2055card.jpg,https://api.card-gorilla.com:8080/storage/card/2055/card_img/21944/2055card.jpg,27,0,1,7
2011,THE Fine 플래티늄 카드(아시아나클럽),CHK,IBK기업은행,https://api.card-gorilla.com:8080/storage/card/2056/card_img/21943/2056card.jpg,https://api.card-gorilla.com:8080/storage/card/2056/card_img/21943/2056card.jpg,42,0,1,6
2012,Business Sky 기업카드,CRD,IBK기업은행,https://api.card-gorilla.com:8080/storage/card/2057/card_img/21942/2057card.jpg,https://api.card-gorilla.com:8080/storage/card/2057/card_img/21942/2057card.jpg,7,0,1,0
2013,참! 좋은 다이소카드(체크),CRD,IBK기업은행,https://api.card-gorilla.com:8080/storage/card/2058/card_img/21941/2058card.png,https://api.card-gorilla.com:8080/storage/card/2058/card_img/21941/2058card.png,41,0,1,1
2014,롯데아울렛 롯데카드,CRD,롯데카드,https://api.card-gorilla.com:8080/storage/card/2059/card_img/21940/2059card.png,https://api.card-gorilla.com:8080/storage/card/2059/card_img/21940/2059card.png,38,0,1,5
2015,롯데체크카드,CHK,롯데카드,https://api.card-gorilla.com:8080/storage/card/2060/card_img/21939/2060card.png,https://api.card-gorilla.com:8080/storage/card/2060/card_img/21939/2060card.png,35,0,1,5
2016,AK IBK체크카드,CRD,IBK기업은행,https://api.card-gorilla.com:8080/storage/card/2061/card_img/21938/2061card.png,https://api.card-gorilla.com:8080/storage/card/2061/card_img/21938/2061card.png,33,0,1,6
2017,PLATINUM(플래티늄)카드(SKYPASS),CHK,NH농협카드,https://api.card-gorilla.com:8080/storage/card/2062/card_img/21937/2062card.png,https://api.card-gorilla.com:8080/storage/card/2062/card_img/21937/2062card.png,29,0,1,3
2018,PLATINUM(플래티늄)카드(Asiana Club),CHK,NH농협카드,https://api.card-gorilla.com:8080/storage/card/2063/card_img/21936/2063card.png,https://api.card-gorilla.com:8080/storage/card/2063/card_img/21936/2063card.png,17,0,1,0
2019,Premium Top(프리미엄탑)카드(비씨),CRD,NH농협카드,https://api.card-gorilla.com:8080/storage/card/2064/card_img/21935/2064card.png,https://api.card-gorilla.com:8080/storage/card/2064/card_img/21935/2064card.png,7,0,1,0
2020,롯데포인트플러스 하이브리드카드,CRD,롯데카드,https://api.card-gorilla.com:8080/storage/card/2065/card_img/21934/2065card.jpg,https://api.card-gorilla.com:8080/storage/card/2065/card_img/21934/2065card.jpg,47,0,1,3
2021,"""안녕""카드(체크)",CHK,IBK기업은행,https://api.card-gorilla.com:8080/storage/card/2066/card_img/21933/2066card.png,https://api.card-gorilla.com:8080/storage/card/2066/card_img/21933/2066card.png,3,0,1,6
2022,메가 멤버스 롯데카드,CHK,롯데카드,https://api.card-gorilla.com:8080/storage/card/2067/card_img/21932/2067card.png,https://api.card-gorilla.com:8080/storage/card/2067/card_img/21932/2067card.png,10,0,1,5
2023,공무원연금카드(재직)(비씨),CRD,NH농협카드,https://api.card-gorilla.com:8080/storage/card/2068/card_img/21931/2068card.png,https://api.card-gorilla.com:8080/storage/card/2068/card_img/21931/2068card.png,12,0,1,0
2024,반디앤루니스 롯데카드,CRD,롯데카드,https://api.card-gorilla.com:8080/storage/card/2069/card_img/21930/2069card.jpg,https://api.card-gorilla.com:8080/storage/card/2069/card_img/21930/2069card.jpg,11,0,1,5
2025,뱅크샐러드 빨대카드,CRD,롯데카드,https://api.card-gorilla.com:8080/storage/card/2070/card_img/21929/2070card.png,https://api.card-gorilla.com:8080/storage/card/2070/card_img/21929/2070card.png,41,0,1,4
2026,삼성페이 롯데카드,CHK,롯데카드,https://api.card-gorilla.com:8080/storage/card/2071/card_img/21928/2071card.jpg,https://api.card-gorilla.com:8080/storage/card/2071/card_img/21928/2071card.jpg,30,0,1,1
2027,시장愛 체크카드,CRD,MG새마을금고,https://api.card-gorilla.com:8080/storage/card/2072/card_img/21927/2072card.png,https://api.card-gorilla.com:8080/storage/card/2072/card_img/21927/2072card.png,6,0,1,4
2028,청춘날다 체크카드,CHK,MG새마을금고,https://api.card-gorilla.com:8080/storage/card/2073/card_img/21926/2073card.png,https://api.card-gorilla.com:8080/storage/card/2073/card_img/21926/2073card.png,19,0,1,10
2029,청춘날다 체크카드,CHK,MG새마을금고,https://api.card-gorilla.com:8080/storage/card/2073/card_img/21926/2073card.png,https://api.card-gorilla.com:8080/storage/card/2073/card_img/21926/2073card.png,10,0,1,2
2030,WITH 체크카드,CHK,MG새마을금고,https://api.card-gorilla.com:8080/storage/card/2075/card_img/21924/2075card.png,https://api.card-gorilla.com:8080/storage/card/2075/card_img/21924/2075card.png,15,0,1,0
2031,WITH 후불교통 체크카드,CHK,MG새마을금고,https://api.card-gorilla.com:8080/storage/card/2076/card_img/21923/2076card.png,https://api.card-gorilla.com:8080/storage/card/2076/card_img/21923/2076card.png,42,0,1,2
2032,ON 체크카드,CHK,MG새마을금고,https://api.card-gorilla.com:8080/storage/card/2077/card_img/21922/2077card.png,https://api.card-gorilla.com:8080/storage/card/2077/card_img/21922/2077card.png,42,0,1,10
2033,ON 후불교통 체크카드,CHK,MG새마을금고,https://api.card-gorilla.com:8080/storage/card/2078/card_img/21921/2078card.png,https://api.card-gorilla.com:8080/storage/card/2078/card_img/21921/2078card.png,24,0,1,3
2034,부자되세요 홈쇼핑 체크카드,CRD,MG새마을금고,https://api.card-gorilla.com:8080/storage/card/2079/card_img/21920/2079card.png,https://api.card-gorilla.com:8080/storage/card/2079/card_img/21920/2079card.png,20,0,1,9
2035,PEACH 체크카드,CHK,MG새마을금고,https://api.card-gorilla.com:8080/storage/card/2080/card_img/21919/2080card.png,https://api.card-gorilla.com:8080/storage/card/2080/card_img/21919/2080card.png,28,0,1,3
2036,MINT 체크카드,CHK,MG새마을금고,https://api.card-gorilla.com:8080/storage/card/2081/card_img/21918/2081card.png,https://api.card-gorilla.com:8080/storage/card/2081/card_img/21918/2081card.png,40,0,1,8
2037,IN 체크카드,CHK,MG새마을금고,https://api.card-gorilla.com:8080/storage/card/2082/card_img/21917/2082card.png,https://api.card-gorilla.com:8080/storage/card/2082/card_img/21917/2082card.png,2,0,1,4
2038,ForU(油) 체크카드,CHK,MG새마을금고,https://api.card-gorilla.com:8080/storage/card/2083/card_img/21916/2083card.png,https://api.card-gorilla.com:8080/storage/card/2083/card_img/21916/2083card.png,32,0,1,8
2039,MG Life 체크카드,CRD,MG새마을금고,https://api.card-gorilla.com:8080/storage/card/2084/card_img/21915/2084card.png,https://api.card-gorilla.com:8080/storage/card/2084/card_img/21915/2084card.png,36,0,1,0
2040,MG Point 체크카드,CRD,MG새마을금고,https://api.card-gorilla.com:8080/storage/card/2085/card_img/21914/2085card.png,https://api.card-gorilla.com:8080/storage/card/2085/card_img/21914/2085card.png,16,0,1,0
2041,MG Point2 체크카드,CRD,MG새마을금고,https://api.card-gorilla.com:8080/storage/card/2086/card_img/21913/2086card.png,https://api.card-gorilla.com:8080/storage/card/2086/card_img/21913/2086card.png,31,0,1,9
2042,롯데교통카드,CHK,롯데카드,https://api.card-gorilla.com:8080/storage/card/2088/card_img/21912/2088card.png,https://api.card-gorilla.com:8080/storage/card/2088/card_img/21912/2088card.png,29,0,1,6
2043,글로벌 페이(블루) 체크카드,CRD,하나카드,https://api.card-gorilla.com:8080/storage/card/2089/card_img/21911/2089card.png,https://api.card-gorilla.com:8080/storage/card/2089/card_img/21911/2089card.png,14,0,1,0
2044,신한카드 The PREMIER GOLD EDITION (스카이패스),CHK,신한카드,https://api.card-gorilla.com:8080/storage/card/2090/card_img/21910/2090card.png,https://api.card-gorilla.com:8080/storage/card/2090/card_img/21910/2090card.png,25,0,1,0
2045,CLUB1카드 200,CHK,하나카드,https://api.card-gorilla.com:8080/storage/card/2091/card_img/21909/2091card.png,https://api.card-gorilla.com:8080/storage/card/2091/card_img/21909/2091card.png,13,0,1,8
2046,다원 체크카드,CHK,MG새마을금고,https://api.card-gorilla.com:8080/storage/card/2092/card_img/21908/2092card.png,https://api.card-gorilla.com:8080/storage/card/2092/card_img/21908/2092card.png,36,0,1,1
2047,L.CLASS L60 (스카이패스형),CHK,롯데카드,https://api.card-gorilla.com:8080/storage/card/2093/card_img/21907/2093card.png,https://api.card-gorilla.com:8080/storage/card/2093/card_img/21907/2093card.png,20,0,1,5
2048,카카오페이 체크카드,CRD,MG새마을금고,https://api.card-gorilla.com:8080/storage/card/2094/card_img/21906/2094card.png,https://api.card-gorilla.com:8080/storage/card/2094/card_img/21906/2094card.png,48,0,1,7
2049,CREAM 체크카드,CRD,MG새마을금고,https://api.card-gorilla.com:8080/storage/card/2095/card_img/21905/2095card.png,https://api.card-gorilla.com:8080/storage/card/2095/card_img/21905/2095card.png,15,0,1,5
2050,CREAM Hybrid 체크카드,CRD,MG새마을금고,https://api.card-gorilla.com:8080/storage/card/2096/card_img/21904/2096card.png,https://api.card-gorilla.com:8080/storage/card/2096/card_img/21904/2096card.png,30,0,1,0
2051,신한카드 The PREMIER GOLD EDITION (아시아나클럽),CHK,신한카드,https://api.card-gorilla.com:8080/storage/card/2097/card_img/21903/2097card.png,https://api.card-gorilla.com:8080/storage/card/2097/card_img/21903/2097card.png,7,0,1,4
2052,공무원연금카드(퇴직)(비씨),CHK,NH농협카드,https://api.card-gorilla.com:8080/storage/card/2098/card_img/21902/2098card.png,https://api.card-gorilla.com:8080/storage/card/2098/card_img/21902/2098card.png,50,0,1,2
2053,에코마일리지카드(비씨),CHK,NH농협카드,https://api.card-gorilla.com:8080/storage/card/2099/card_img/21901/2099card.png,https://api.card-gorilla.com:8080/storage/card/2099/card_img/21901/2099card.png,29,0,1,3
2054,New 경기 i-PLUS카드(신용),CRD,NH농협카드,https://api.card-gorilla.com:8080/storage/card/2100/card_img/21900/2100card.png,https://api.card-gorilla.com:8080/storage/card/2100/card_img/21900/2100card.png,27,0,1,0
2055,경남 아이다누리카드(신용),CRD,NH농협카드,https://api.card-gorilla.com:8080/storage/card/2101/card_img/21899/2101card.png,https://api.card-gorilla.com:8080/storage/card/2101/card_img/21899/2101card.png,7,0,1,10
2056,경남 아이다누리카드(체크),CHK,NH농협카드,https://api.card-gorilla.com:8080/storage/card/2102/card_img/21898/2102card.png,https://api.card-gorilla.com:8080/storage/card/2102/card_img/21898/2102card.png,39,0,1,3
2057,인천New아이모아카드(신용),CRD,NH농협카드,https://api.card-gorilla.com:8080/storage/card/2103/card_img/21897/2103card.png,https://api.card-gorilla.com:8080/storage/card/2103/card_img/21897/2103card.png,0,0,1,9
2058,L.CLASS L60 (L.POINT형),CHK,롯데카드,https://api.card-gorilla.com:8080/storage/card/2104/card_img/21896/2104card.png,https://api.card-gorilla.com:8080/storage/card/2104/card_img/21896/2104card.png,3,0,1,9
2059,롯데면세점 롯데 아멕스 골드 카드,CRD,롯데카드,https://api.card-gorilla.com:8080/storage/card/2105/card_img/21895/2105card.jpg,https://api.card-gorilla.com:8080/storage/card/2105/card_img/21895/2105card.jpg,43,0,1,3
2060,L.CLASS L60 (아시아나클럽형),CRD,롯데카드,https://api.card-gorilla.com:8080/storage/card/2106/card_img/21890/2106card.png,https://api.card-gorilla.com:8080/storage/card/2106/card_img/21890/2106card.png,5,0,1,5
2061,인천New아이모아카드(체크),CHK,NH농협카드,https://api.card-gorilla.com:8080/storage/card/2107/card_img/21891/2107card.png,https://api.card-gorilla.com:8080/storage/card/2107/card_img/21891/2107card.png,45,0,1,4
2062,인스니즈 롯데하이패스카드,CHK,롯데카드,https://api.card-gorilla.com:8080/storage/card/2108/card_img/21892/2108card.jpg,https://api.card-gorilla.com:8080/storage/card/2108/card_img/21892/2108card.jpg,24,0,1,6
2063,롯데닷컴 Smart PLUS 카드,CRD,롯데카드,https://api.card-gorilla.com:8080/storage/card/2109/card_img/21893/2109card.jpg,https://api.card-gorilla.com:8080/storage/card/2109/card_img/21893/2109card.jpg,34,0,1,1
2064,롯데 플래티넘 법인카드,CRD,롯데카드,https://api.card-gorilla.com:8080/storage/card/2110/card_img/21894/2110card.png,https://api.card-gorilla.com:8080/storage/card/2110/card_img/21894/2110card.png,29,0,1,0
2065,New제주아이사랑행복카드(신용),CRD,NH농협카드,https://api.card-gorilla.com:8080/storage/card/2111/card_img/21886/2111card.png,https://api.card-gorilla.com:8080/storage/card/2111/card_img/21886/2111card.png,20,0,1,8
2066,New제주아이사랑행복카드(체크),CHK,NH농협카드,https://api.card-gorilla.com:8080/storage/card/2112/card_img/21885/2112card.png,https://api.card-gorilla.com:8080/storage/card/2112/card_img/21885/2112card.png,15,0,1,4
2067,인터파크 롯데포인트플러스 카드,CHK,롯데카드,https://api.card-gorilla.com:8080/storage/card/2113/card_img/21884/2113card.jpg,https://api.card-gorilla.com:8080/storage/card/2113/card_img/21884/2113card.jpg,41,0,1,9
2068,인터파크 멤버스 체크카드,CRD,롯데카드,https://api.card-gorilla.com:8080/storage/card/2114/card_img/21883/2114card.gif,https://api.card-gorilla.com:8080/storage/card/2114/card_img/21883/2114card.gif,47,0,1,1
2069,일동후디스 롯데 아이랑카드,CHK,롯데카드,https://api.card-gorilla.com:8080/storage/card/2115/card_img/21882/2115card.jpg,https://api.card-gorilla.com:8080/storage/card/2115/card_img/21882/2115card.jpg,37,0,1,9
2070,일동후디스 롯데 포인트플러스 카드,CRD,롯데카드,https://api.card-gorilla.com:8080/storage/card/2116/card_img/21881/2116card.jpg,https://api.card-gorilla.com:8080/storage/card/2116/card_img/21881/2116card.jpg,36,0,1,5
2071,롯데 SKYPASS 플래티넘 법인카드,CHK,롯데카드,https://api.card-gorilla.com:8080/storage/card/2117/card_img/21880/2117card.png,https://api.card-gorilla.com:8080/storage/card/2117/card_img/21880/2117card.png,48,0,1,8
2072,아시아나 마일리지카드,CHK,제주은행,https://api.card-gorilla.com:8080/storage/card/2118/card_img/21879/2118card.jpg,https://api.card-gorilla.com:8080/storage/card/2118/card_img/21879/2118card.jpg,33,0,1,10
2073,롯데 아시아나클럽 플래티넘 법인카드,CRD,롯데카드,https://api.card-gorilla.com:8080/storage/card/2119/card_img/21878/2119card.png,https://api.card-gorilla.com:8080/storage/card/2119/card_img/21878/2119card.png,34,0,1,10
2074,자유투어 롯데카드,CHK,롯데카드,https://api.card-gorilla.com:8080/storage/card/2120/card_img/21877/2120card.jpg,https://api.card-gorilla.com:8080/storage/card/2120/card_img/21877/2120card.jpg,21,0,1,10
2075,자이언츠 롯데카드,CHK,롯데카드,https://api.card-gorilla.com:8080/storage/card/2121/card_img/21876/2121card.jpg,https://api.card-gorilla.com:8080/storage/card/2121/card_img/21876/2121card.jpg,11,0,1,0
2076,J드라이빙카드,CHK,제주은행,https://api.card-gorilla.com:8080/storage/card/2122/card_img/22725/2122card.png,https://api.card-gorilla.com:8080/storage/card/2122/card_img/22725/2122card.png,35,0,1,2
2077,재미나라 맘&데디 롯데카드,CRD,롯데카드,https://api.card-gorilla.com:8080/storage/card/2123/card_img/22723/2123card.jpg,https://api.card-gorilla.com:8080/storage/card/2123/card_img/22723/2123card.jpg,11,0,1,5
2078,강원 청년 카드(채움),CRD,NH농협카드,https://api.card-gorilla.com:8080/storage/card/2124/card_img/21860/2124card.png,https://api.card-gorilla.com:8080/storage/card/2124/card_img/21860/2124card.png,17,0,1,5
2079,삼성화재 다이렉트 롯데카드,CRD,롯데카드,https://api.card-gorilla.com:8080/storage/card/2125/card_img/21861/2125card.jpg,https://api.card-gorilla.com:8080/storage/card/2125/card_img/21861/2125card.jpg,10,0,1,10
2080,경남 청년드림카드,CRD,NH농협카드,https://api.card-gorilla.com:8080/storage/card/2126/card_img/21862/2126card.png,https://api.card-gorilla.com:8080/storage/card/2126/card_img/21862/2126card.png,41,0,1,5
2081,JEJUJINI Air Money카드,CHK,제주은행,https://api.card-gorilla.com:8080/storage/card/2127/card_img/22724/2127card.png,https://api.card-gorilla.com:8080/storage/card/2127/card_img/22724/2127card.png,34,0,1,2
2082,ON PLATINUM카드(스카이패스),CHK,NH농협카드,https://api.card-gorilla.com:8080/storage/card/2128/card_img/21863/2128card.png,https://api.card-gorilla.com:8080/storage/card/2128/card_img/21863/2128card.png,28,0,1,4
2083,세계자연유산 I♡Jeju 카드,CRD,롯데카드,https://api.card-gorilla.com:8080/storage/card/2129/card_img/21864/2129card.jpg,https://api.card-gorilla.com:8080/storage/card/2129/card_img/21864/2129card.jpg,9,0,1,0
2084,ON PLATINUM카드(아시아나클럽),CRD,NH농협카드,https://api.card-gorilla.com:8080/storage/card/2130/card_img/21865/2130card.png,https://api.card-gorilla.com:8080/storage/card/2130/card_img/21865/2130card.png,22,0,1,0
2085,ON PLATINUM카드(포인트),CHK,NH농협카드,https://api.card-gorilla.com:8080/storage/card/2131/card_img/21866/2131card.png,https://api.card-gorilla.com:8080/storage/card/2131/card_img/21866/2131card.png,7,0,1,2
2086,제주 삼다수카드(신용),CRD,제주은행,https://api.card-gorilla.com:8080/storage/card/2132/card_img/21867/2132card.png,https://api.card-gorilla.com:8080/storage/card/2132/card_img/21867/2132card.png,43,0,1,4
2087,롯데 하이마트 카드,CRD,롯데카드,https://api.card-gorilla.com:8080/storage/card/2133/card_img/21868/2133card.jpg,https://api.card-gorilla.com:8080/storage/card/2133/card_img/21868/2133card.jpg,5,0,1,8
2088,롯데 트래블 패스 카드,CHK,롯데카드,https://api.card-gorilla.com:8080/storage/card/2135/card_img/21869/2135card.jpg,https://api.card-gorilla.com:8080/storage/card/2135/card_img/21869/2135card.jpg,17,0,1,5
2089,롯데 캐시비 플러스카드,CRD,롯데카드,https://api.card-gorilla.com:8080/storage/card/2136/card_img/21870/2136card.png,https://api.card-gorilla.com:8080/storage/card/2136/card_img/21870/2136card.png,3,0,1,0
2090,전북방송-롯데카드,CRD,롯데카드,https://api.card-gorilla.com:8080/storage/card/2137/card_img/21871/2137card.gif,https://api.card-gorilla.com:8080/storage/card/2137/card_img/21871/2137card.gif,19,0,1,10
2091,롯데 Smart Consumer 카드,CHK,롯데카드,https://api.card-gorilla.com:8080/storage/card/2138/card_img/21872/2138card.png,https://api.card-gorilla.com:8080/storage/card/2138/card_img/21872/2138card.png,5,0,1,10
2092,세븐일레븐 멤버쉽롯데카드,CHK,롯데카드,https://api.card-gorilla.com:8080/storage/card/2139/card_img/21873/2139card.png,https://api.card-gorilla.com:8080/storage/card/2139/card_img/21873/2139card.png,14,0,1,8
2093,쇼퍼홀릭 롯데홈쇼핑 롯데체크카드,CHK,롯데카드,https://api.card-gorilla.com:8080/storage/card/2140/card_img/21874/2140card.jpg,https://api.card-gorilla.com:8080/storage/card/2140/card_img/21874/2140card.jpg,35,0,1,10
2094,쇼퍼홀릭 롯데홈쇼핑 롯데카드,CRD,롯데카드,https://api.card-gorilla.com:8080/storage/card/2141/card_img/21875/2141card.jpg,https://api.card-gorilla.com:8080/storage/card/2141/card_img/21875/2141card.jpg,9,0,1,2
2095,쉐보레 오토 롯데카드,CHK,롯데카드,https://api.card-gorilla.com:8080/storage/card/2142/card_img/21824/2142card.jpg,https://api.card-gorilla.com:8080/storage/card/2142/card_img/21824/2142card.jpg,5,0,1,0
2096,쉐보레오토 체크카드,CHK,롯데카드,https://api.card-gorilla.com:8080/storage/card/2143/card_img/21825/2143card.jpg,https://api.card-gorilla.com:8080/storage/card/2143/card_img/21825/2143card.jpg,28,0,1,9
2097,쌍용자동차 AUTO 롯데카드,CRD,롯데카드,https://api.card-gorilla.com:8080/storage/card/2144/card_img/21826/2144card.jpg,https://api.card-gorilla.com:8080/storage/card/2144/card_img/21826/2144card.jpg,6,0,1,4
2098,에이스침대 스페셜 롯데카드,CHK,롯데카드,https://api.card-gorilla.com:8080/storage/card/2145/card_img/21827/2145card.jpg,https://api.card-gorilla.com:8080/storage/card/2145/card_img/21827/2145card.jpg,46,0,1,8
2099,웅진씽크빅 롯데카드,CHK,롯데카드,https://api.card-gorilla.com:8080/storage/card/2146/card_img/21828/2146card.png,https://api.card-gorilla.com:8080/storage/card/2146/card_img/21828/2146card.png,1,0,1,1
2100,위클리 VISA 롯데체크카드,CHK,롯데카드,https://api.card-gorilla.com:8080/storage/card/2147/card_img/21829/2147card.jpg,https://api.card-gorilla.com:8080/storage/card/2147/card_img/21829/2147card.jpg,49,0,1,7
2101,KCTV알뜰카드,CHK,제주은행,https://api.card-gorilla.com:8080/storage/card/2148/card_img/21830/2148card.gif,https://api.card-gorilla.com:8080/storage/card/2148/card_img/21830/2148card.gif,2,0,1,2
2102,이랜드리테일 롯데카드,CRD,롯데카드,https://api.card-gorilla.com:8080/storage/card/2149/card_img/21831/2149card.png,https://api.card-gorilla.com:8080/storage/card/2149/card_img/21831/2149card.png,15,0,1,5
2103,국민행복카드,CHK,제주은행,https://api.card-gorilla.com:8080/storage/card/2150/card_img/21832/2150card.gif,https://api.card-gorilla.com:8080/storage/card/2150/card_img/21832/2150card.gif,23,0,1,7
2104,제주그린카드,CRD,제주은행,https://api.card-gorilla.com:8080/storage/card/2151/card_img/21833/2151card.gif,https://api.card-gorilla.com:8080/storage/card/2151/card_img/21833/2151card.gif,11,0,1,4
2105,지금샵 롯데카드,CHK,롯데카드,https://api.card-gorilla.com:8080/storage/card/2152/card_img/21834/2152card.jpg,https://api.card-gorilla.com:8080/storage/card/2152/card_img/21834/2152card.jpg,15,0,1,9
2106,제주교통복지카드,CHK,제주은행,https://api.card-gorilla.com:8080/storage/card/2153/card_img/21835/2153card.gif,https://api.card-gorilla.com:8080/storage/card/2153/card_img/21835/2153card.gif,1,0,1,2
2107,캐시백 플러스 카드(교통+통신),CHK,롯데카드,https://api.card-gorilla.com:8080/storage/card/2154/card_img/21836/2154card.png,https://api.card-gorilla.com:8080/storage/card/2154/card_img/21836/2154card.png,26,0,1,8
2108,캐시백 플러스 카드(백화점+마트),CHK,롯데카드,https://api.card-gorilla.com:8080/storage/card/2155/card_img/21837/2155card.png,https://api.card-gorilla.com:8080/storage/card/2155/card_img/21837/2155card.png,26,0,1,9
2109,용인시민카드(체크),CHK,IBK기업은행,https://api.card-gorilla.com:8080/storage/card/2156/card_img/21838/2156card.png,https://api.card-gorilla.com:8080/storage/card/2156/card_img/21838/2156card.png,3,0,1,2
2110,전자랜드 롯데카드,CRD,롯데카드,https://api.card-gorilla.com:8080/storage/card/2157/card_img/21839/2157card.png,https://api.card-gorilla.com:8080/storage/card/2157/card_img/21839/2157card.png,29,0,1,6
2111,정원 e샵 롯데카드,CHK,롯데카드,https://api.card-gorilla.com:8080/storage/card/2158/card_img/21840/2158card.gif,https://api.card-gorilla.com:8080/storage/card/2158/card_img/21840/2158card.gif,32,0,1,5
2112,롯데 Touch카드(스틱형),CRD,롯데카드,https://api.card-gorilla.com:8080/storage/card/2159/card_img/21841/2159card.jpg,https://api.card-gorilla.com:8080/storage/card/2159/card_img/21841/2159card.jpg,1,0,1,3
2113,롯데 Touch카드(카드형),CRD,롯데카드,https://api.card-gorilla.com:8080/storage/card/2160/card_img/21842/2160card.jpg,https://api.card-gorilla.com:8080/storage/card/2160/card_img/21842/2160card.jpg,49,0,1,6
2114,IBK 나의알파에듀카드,CRD,IBK기업은행,https://api.card-gorilla.com:8080/storage/card/2161/card_img/21843/2161card.jpg,https://api.card-gorilla.com:8080/storage/card/2161/card_img/21843/2161card.jpg,14,0,1,10
2115,제주항공 롯데카드,CHK,롯데카드,https://api.card-gorilla.com:8080/storage/card/2162/card_img/21844/2162card.jpg,https://api.card-gorilla.com:8080/storage/card/2162/card_img/21844/2162card.jpg,5,0,1,4
2116,롯데 VEEX 카드,CHK,롯데카드,https://api.card-gorilla.com:8080/storage/card/2163/card_img/21845/2163card.png,https://api.card-gorilla.com:8080/storage/card/2163/card_img/21845/2163card.png,15,0,1,5
2117,종가푸드샵 DC플러스카드,CHK,롯데카드,https://api.card-gorilla.com:8080/storage/card/2164/card_img/21846/2164card.jpg,https://api.card-gorilla.com:8080/storage/card/2164/card_img/21846/2164card.jpg,15,0,1,8
2118,제주삼다수 체크카드,CHK,제주은행,https://api.card-gorilla.com:8080/storage/card/2165/card_img/21822/2165card.png,https://api.card-gorilla.com:8080/storage/card/2165/card_img/21822/2165card.png,26,0,1,7
2119,쥬비스 롯데포인트 플러스 카드,CHK,롯데카드,https://api.card-gorilla.com:8080/storage/card/2166/card_img/21821/2166card.jpg,https://api.card-gorilla.com:8080/storage/card/2166/card_img/21821/2166card.jpg,14,0,1,10
2120,천재교육 롯데카드,CRD,롯데카드,https://api.card-gorilla.com:8080/storage/card/2167/card_img/21820/2167card.jpg,https://api.card-gorilla.com:8080/storage/card/2167/card_img/21820/2167card.jpg,22,0,1,9
2121,청호나이스 롯데카드,CRD,롯데카드,https://api.card-gorilla.com:8080/storage/card/2168/card_img/21819/2168card.jpg,https://api.card-gorilla.com:8080/storage/card/2168/card_img/21819/2168card.jpg,34,0,1,2
2122,롯데 메가포인트 카드,CHK,롯데카드,https://api.card-gorilla.com:8080/storage/card/2169/card_img/21818/2169card.jpg,https://api.card-gorilla.com:8080/storage/card/2169/card_img/21818/2169card.jpg,17,0,1,7
2123,부자되세요 더마일리지카드,CHK,제주은행,https://api.card-gorilla.com:8080/storage/card/2170/card_img/21817/2170card.gif,https://api.card-gorilla.com:8080/storage/card/2170/card_img/21817/2170card.gif,7,0,1,8
2124,인피니트 카드,CHK,롯데카드,https://api.card-gorilla.com:8080/storage/card/2171/card_img/21816/2171card.png,https://api.card-gorilla.com:8080/storage/card/2171/card_img/21816/2171card.png,6,0,1,9
2125,탐나는J체크카드,CRD,제주은행,https://api.card-gorilla.com:8080/storage/card/2172/card_img/21786/2172card.gif,https://api.card-gorilla.com:8080/storage/card/2172/card_img/21786/2172card.gif,23,0,1,5
2126,국민행복체크카드,CRD,제주은행,https://api.card-gorilla.com:8080/storage/card/2173/card_img/21787/2173card.gif,https://api.card-gorilla.com:8080/storage/card/2173/card_img/21787/2173card.gif,6,0,1,1
2127,제주그린체크카드,CRD,제주은행,https://api.card-gorilla.com:8080/storage/card/2174/card_img/21788/2174card.gif,https://api.card-gorilla.com:8080/storage/card/2174/card_img/21788/2174card.gif,27,0,1,1
2128,SK OIL&LPG 카드,CHK,전북은행,https://api.card-gorilla.com:8080/storage/card/2175/card_img/21789/2175card.png,https://api.card-gorilla.com:8080/storage/card/2175/card_img/21789/2175card.png,47,0,1,4
2129,내사랑 전주 카드,CHK,전북은행,https://api.card-gorilla.com:8080/storage/card/2176/card_img/21790/2176card.png,https://api.card-gorilla.com:8080/storage/card/2176/card_img/21790/2176card.png,24,0,1,5
2130,1st Link On 카드,CHK,전북은행,https://api.card-gorilla.com:8080/storage/card/2177/card_img/21791/2177card.png,https://api.card-gorilla.com:8080/storage/card/2177/card_img/21791/2177card.png,32,0,1,5
2131,1st TRIPLE 카드,CHK,전북은행,https://api.card-gorilla.com:8080/storage/card/2178/card_img/21792/2178card.png,https://api.card-gorilla.com:8080/storage/card/2178/card_img/21792/2178card.png,33,0,1,10
2132,1st 카드(레드),CRD,전북은행,https://api.card-gorilla.com:8080/storage/card/2179/card_img/21793/2179card.png,https://api.card-gorilla.com:8080/storage/card/2179/card_img/21793/2179card.png,21,0,1,7
2133,1st TRIPLE Platinum 카드,CRD,전북은행,https://api.card-gorilla.com:8080/storage/card/2180/card_img/21794/2180card.png,https://api.card-gorilla.com:8080/storage/card/2180/card_img/21794/2180card.png,49,0,1,6
2134,1st 플래티늄 카드,CRD,전북은행,https://api.card-gorilla.com:8080/storage/card/2181/card_img/21795/2181card.png,https://api.card-gorilla.com:8080/storage/card/2181/card_img/21795/2181card.png,10,0,1,8
2135,롯데 모바일 플러스 카드,CHK,롯데카드,https://api.card-gorilla.com:8080/storage/card/2182/card_img/21796/2182card.png,https://api.card-gorilla.com:8080/storage/card/2182/card_img/21796/2182card.png,17,0,1,0
2136,1st 플래티늄+ 카드,CRD,전북은행,https://api.card-gorilla.com:8080/storage/card/2183/card_img/21797/2183card.png,https://api.card-gorilla.com:8080/storage/card/2183/card_img/21797/2183card.png,33,0,1,10
2137,둘과넷 카드,CRD,전북은행,https://api.card-gorilla.com:8080/storage/card/2184/card_img/21798/2184card.png,https://api.card-gorilla.com:8080/storage/card/2184/card_img/21798/2184card.png,23,0,1,5
2138,NEW AUTO+,CRD,전북은행,https://api.card-gorilla.com:8080/storage/card/2185/card_img/21799/2185card.png,https://api.card-gorilla.com:8080/storage/card/2185/card_img/21799/2185card.png,17,0,1,7
2139,롯데 비즈니스 카드,CHK,롯데카드,https://api.card-gorilla.com:8080/storage/card/2186/card_img/21800/2186card.png,https://api.card-gorilla.com:8080/storage/card/2186/card_img/21800/2186card.png,34,0,1,0
2140,롯데 야구사랑 체크카드,CRD,롯데카드,https://api.card-gorilla.com:8080/storage/card/2187/card_img/21801/2187card.jpg,https://api.card-gorilla.com:8080/storage/card/2187/card_img/21801/2187card.jpg,9,0,1,2
2141,롯데 야구사랑카드,CRD,롯데카드,https://api.card-gorilla.com:8080/storage/card/2188/card_img/21802/2188card.jpg,https://api.card-gorilla.com:8080/storage/card/2188/card_img/21802/2188card.jpg,40,0,1,7
2142,1st TRIPLE 체크카드,CHK,전북은행,https://api.card-gorilla.com:8080/storage/card/2189/card_img/21803/2189card.png,https://api.card-gorilla.com:8080/storage/card/2189/card_img/21803/2189card.png,43,0,1,9
2143,해피포인트 체크카드,CHK,전북은행,https://api.card-gorilla.com:8080/storage/card/2190/card_img/21804/2190card.png,https://api.card-gorilla.com:8080/storage/card/2190/card_img/21804/2190card.png,9,0,1,0
2144,Smart Cashback 체크카드,CHK,전북은행,https://api.card-gorilla.com:8080/storage/card/2191/card_img/21805/2191card.png,https://api.card-gorilla.com:8080/storage/card/2191/card_img/21805/2191card.png,50,0,1,1
2145,국민행복 체크카드,CHK,전북은행,https://api.card-gorilla.com:8080/storage/card/2192/card_img/21806/2192card.png,https://api.card-gorilla.com:8080/storage/card/2192/card_img/21806/2192card.png,11,0,1,6
2146,유안타 CMA+ 체크카드,CHK,유안타증권,https://api.card-gorilla.com:8080/storage/card/2193/card_img/21807/2193card.png,https://api.card-gorilla.com:8080/storage/card/2193/card_img/21807/2193card.png,42,0,1,3
2147,유안타 Daily+ 체크카드,CHK,유안타증권,https://api.card-gorilla.com:8080/storage/card/2194/card_img/21808/2194card.png,https://api.card-gorilla.com:8080/storage/card/2194/card_img/21808/2194card.png,42,0,1,10
2148,Kia Members 신용카드 Edition2,CHK,현대카드,https://api.card-gorilla.com:8080/storage/card/2195/card_img/21809/2195card.png,https://api.card-gorilla.com:8080/storage/card/2195/card_img/21809/2195card.png,17,0,1,0
2149,Kia Members 전기차 신용카드,CHK,현대카드,https://api.card-gorilla.com:8080/storage/card/2196/card_img/21810/2196card.png,https://api.card-gorilla.com:8080/storage/card/2196/card_img/21810/2196card.png,32,0,1,5
2150,현대카드M CHECK-경차전용카드(유류세 환급),CHK,현대카드,https://api.card-gorilla.com:8080/storage/card/2197/card_img/21811/2197card.png,https://api.card-gorilla.com:8080/storage/card/2197/card_img/21811/2197card.png,50,0,1,10
2151,캐롯손해보험-현대카드M Edition3,CRD,현대카드,https://api.card-gorilla.com:8080/storage/card/2198/card_img/21812/2198card.png,https://api.card-gorilla.com:8080/storage/card/2198/card_img/21812/2198card.png,20,0,1,2
2152,산림조합-현대카드M(청구할인형),CHK,현대카드,https://api.card-gorilla.com:8080/storage/card/2199/card_img/21813/2199card.png,https://api.card-gorilla.com:8080/storage/card/2199/card_img/21813/2199card.png,46,0,1,0
2153,카카오페이카드2,CHK,카카오페이,https://api.card-gorilla.com:8080/storage/card/2200/card_img/21814/2200card.png,https://api.card-gorilla.com:8080/storage/card/2200/card_img/21814/2200card.png,14,0,1,6
2154,롯데 야구사랑카드(LG트윈스),CRD,롯데카드,https://api.card-gorilla.com:8080/storage/card/2201/card_img/21815/2201card.jpg,https://api.card-gorilla.com:8080/storage/card/2201/card_img/21815/2201card.jpg,14,0,1,1
2155,롯데 야구사랑카드(SK와이번스),CRD,롯데카드,https://api.card-gorilla.com:8080/storage/card/2202/card_img/21783/2202card.jpg,https://api.card-gorilla.com:8080/storage/card/2202/card_img/21783/2202card.jpg,44,0,1,10
2156,롯데 야구사랑카드(기아타이거즈),CRD,롯데카드,https://api.card-gorilla.com:8080/storage/card/2203/card_img/21782/2203card.jpg,https://api.card-gorilla.com:8080/storage/card/2203/card_img/21782/2203card.jpg,24,0,1,2
2157,롯데 야구사랑카드(넥센히어로즈),CHK,롯데카드,https://api.card-gorilla.com:8080/storage/card/2204/card_img/21781/2204card.jpg,https://api.card-gorilla.com:8080/storage/card/2204/card_img/21781/2204card.jpg,19,0,1,0
2158,롯데 야구사랑카드(삼성라이온즈),CRD,롯데카드,https://api.card-gorilla.com:8080/storage/card/2205/card_img/21780/2205card.jpg,https://api.card-gorilla.com:8080/storage/card/2205/card_img/21780/2205card.jpg,42,0,1,1
2159,롯데 야구사랑카드(한화이글스),CHK,롯데카드,https://api.card-gorilla.com:8080/storage/card/2206/card_img/21779/2206card.jpg,https://api.card-gorilla.com:8080/storage/card/2206/card_img/21779/2206card.jpg,47,0,1,3
2160,롯데 엔크린 카드,CRD,롯데카드,https://api.card-gorilla.com:8080/storage/card/2207/card_img/21778/2207card.jpg,https://api.card-gorilla.com:8080/storage/card/2207/card_img/21778/2207card.jpg,33,0,1,9
2161,롯데 영플 체크 후불 교통카드,CHK,롯데카드,https://api.card-gorilla.com:8080/storage/card/2208/card_img/21777/2208card.jpg,https://api.card-gorilla.com:8080/storage/card/2208/card_img/21777/2208card.jpg,26,0,1,8
2162,롯데 캐시비 체크카드,CRD,롯데카드,https://api.card-gorilla.com:8080/storage/card/2209/card_img/21776/2209card.jpg,https://api.card-gorilla.com:8080/storage/card/2209/card_img/21776/2209card.jpg,32,0,1,4
2163,블랙핑크 카드,CHK,BC 바로카드,https://api.card-gorilla.com:8080/storage/card/2210/card_img/21775/2210card.png,https://api.card-gorilla.com:8080/storage/card/2210/card_img/21775/2210card.png,1,0,1,10
2164,케이뱅크 SIMPLE 카드,CHK,케이뱅크,https://api.card-gorilla.com:8080/storage/card/2211/card_img/21774/2211card.png,https://api.card-gorilla.com:8080/storage/card/2211/card_img/21774/2211card.png,17,0,1,2
2165,챔피언 체크카드,CRD,유진투자증권,https://api.card-gorilla.com:8080/storage/card/2212/card_img/21773/2212card.png,https://api.card-gorilla.com:8080/storage/card/2212/card_img/21773/2212card.png,27,0,1,9
2166,쏙쏙 체크카드,CHK,유진투자증권,https://api.card-gorilla.com:8080/storage/card/2213/card_img/21772/2213card.png,https://api.card-gorilla.com:8080/storage/card/2213/card_img/21772/2213card.png,6,0,1,3
2167,Syrup Membership Wealth 마이카드(체크),CHK,SK증권,https://api.card-gorilla.com:8080/storage/card/2214/card_img/21771/2214card.png,https://api.card-gorilla.com:8080/storage/card/2214/card_img/21771/2214card.png,49,0,1,0
2168,LUNCH 체크카드,CHK,SK증권,https://api.card-gorilla.com:8080/storage/card/2215/card_img/21770/2215card.png,https://api.card-gorilla.com:8080/storage/card/2215/card_img/21770/2215card.png,3,0,1,0
2169,미래에셋증권 체크카드(할인 2),CHK,미래에셋증권,https://api.card-gorilla.com:8080/storage/card/2216/card_img/21769/2216card.png,https://api.card-gorilla.com:8080/storage/card/2216/card_img/21769/2216card.png,42,0,1,5
2170,미래에셋증권 체크카드 (캐시백 2),CHK,미래에셋증권,https://api.card-gorilla.com:8080/storage/card/2217/card_img/21768/2217card.png,https://api.card-gorilla.com:8080/storage/card/2217/card_img/21768/2217card.png,25,0,1,4
2171,NAMUH 체크카드,CRD,NH투자증권,https://api.card-gorilla.com:8080/storage/card/2218/card_img/21767/2218card.png,https://api.card-gorilla.com:8080/storage/card/2218/card_img/21767/2218card.png,26,0,1,0
2172,able 카드 Ⅱ,CRD,KB증권,https://api.card-gorilla.com:8080/storage/card/2219/card_img/21765/2219card.png,https://api.card-gorilla.com:8080/storage/card/2219/card_img/21765/2219card.png,28,0,1,7
2173,DB금융투자 해피플러스 체크카드,CRD,DB금융투자,https://api.card-gorilla.com:8080/storage/card/2220/card_img/21764/2220card.png,https://api.card-gorilla.com:8080/storage/card/2220/card_img/21764/2220card.png,31,0,1,4
2174,DB 캐쉬백 3.1 체크카드,CRD,DB금융투자,https://api.card-gorilla.com:8080/storage/card/2221/card_img/21763/2221card.png,https://api.card-gorilla.com:8080/storage/card/2221/card_img/21763/2221card.png,37,0,1,1
2175,한국투자 the More 체크카드,CRD,한국투자증권,https://api.card-gorilla.com:8080/storage/card/2222/card_img/21762/2222card.jpg,https://api.card-gorilla.com:8080/storage/card/2222/card_img/21762/2222card.jpg,17,0,1,10
2176,able 아이맥스카드,CHK,KB증권,https://api.card-gorilla.com:8080/storage/card/2223/card_img/21358/2223card.png,https://api.card-gorilla.com:8080/storage/card/2223/card_img/21358/2223card.png,47,0,1,9
2177,able 시럽카드,CRD,KB증권,https://api.card-gorilla.com:8080/storage/card/2224/card_img/21357/2224card.png,https://api.card-gorilla.com:8080/storage/card/2224/card_img/21357/2224card.png,7,0,1,8
2178,able Premier Members 카드,CRD,KB증권,https://api.card-gorilla.com:8080/storage/card/2225/card_img/21356/2225card.png,https://api.card-gorilla.com:8080/storage/card/2225/card_img/21356/2225card.png,45,0,1,10
2179,카카오뱅크 롯데카드,CHK,롯데카드,https://api.card-gorilla.com:8080/storage/card/2226/card_img/21355/2226card.png,https://api.card-gorilla.com:8080/storage/card/2226/card_img/21355/2226card.png,46,0,1,7
2180,영리한 PLUS 체크카드,CHK,우체국,https://api.card-gorilla.com:8080/storage/card/2227/card_img/21354/2227card.png,https://api.card-gorilla.com:8080/storage/card/2227/card_img/21354/2227card.png,39,0,1,10
2181,LOCA LIKIT - Manhattan Yellow,CHK,롯데카드,https://api.card-gorilla.com:8080/storage/card/2228/card_img/21353/2228card.png,https://api.card-gorilla.com:8080/storage/card/2228/card_img/21353/2228card.png,29,0,1,7
2182,LOCA LIKIT - New York Blue,CRD,롯데카드,https://api.card-gorilla.com:8080/storage/card/2229/card_img/21352/2229card.png,https://api.card-gorilla.com:8080/storage/card/2229/card_img/21352/2229card.png,28,0,1,6
2183,LOCA 100 Life,CRD,롯데카드,https://api.card-gorilla.com:8080/storage/card/2230/card_img/21351/2230card.png,https://api.card-gorilla.com:8080/storage/card/2230/card_img/21351/2230card.png,15,0,1,3
2184,신한카드 Puzzle,CRD,신한카드,https://api.card-gorilla.com:8080/storage/card/2231/card_img/21350/2231card.png,https://api.card-gorilla.com:8080/storage/card/2231/card_img/21350/2231card.png,25,0,1,9
2185,1Q Daily+[40주년 에디션],CRD,하나카드,https://api.card-gorilla.com:8080/storage/card/2232/card_img/20931/2232card.png,https://api.card-gorilla.com:8080/storage/card/2232/card_img/20931/2232card.png,6,0,1,1
2186,네이버 현대카드,CHK,현대카드,https://api.card-gorilla.com:8080/storage/card/2233/card_img/20932/2233card.png,https://api.card-gorilla.com:8080/storage/card/2233/card_img/20932/2233card.png,49,0,1,8
2187,삼성 iD ALL 카드,CHK,삼성카드,https://api.card-gorilla.com:8080/storage/card/2234/card_img/20934/2234card.png,https://api.card-gorilla.com:8080/storage/card/2234/card_img/20934/2234card.png,16,0,1,0
2188,삼성 iD ON 카드,CHK,삼성카드,https://api.card-gorilla.com:8080/storage/card/2235/card_img/20936/2235card.png,https://api.card-gorilla.com:8080/storage/card/2235/card_img/20936/2235card.png,18,0,1,5
2189,신한카드 My TeenS,CRD,신한카드,https://api.card-gorilla.com:8080/storage/card/2236/card_img/20938/2236card.png,https://api.card-gorilla.com:8080/storage/card/2236/card_img/20938/2236card.png,15,0,1,5
2190,하나 스카이패스 아멕스 플래티늄 카드,CHK,하나카드,https://api.card-gorilla.com:8080/storage/card/2237/card_img/20939/2237card.png,https://api.card-gorilla.com:8080/storage/card/2237/card_img/20939/2237card.png,23,0,1,3
2191,롯데월드카드,CHK,삼성카드,https://api.card-gorilla.com:8080/storage/card/2238/card_img/20942/2238card.png,https://api.card-gorilla.com:8080/storage/card/2238/card_img/20942/2238card.png,8,0,1,5
2192,위버스 신한카드(BTS),CHK,신한카드,https://api.card-gorilla.com:8080/storage/card/2240/card_img/20944/2240card.png,https://api.card-gorilla.com:8080/storage/card/2240/card_img/20944/2240card.png,31,0,1,4
2193,Kakaopage 롯데카드,CRD,롯데카드,https://api.card-gorilla.com:8080/storage/card/2241/card_img/20990/2241card.png,https://api.card-gorilla.com:8080/storage/card/2241/card_img/20990/2241card.png,32,0,1,8
2194,에너지플러스카드 Edition2,CHK,현대카드,https://api.card-gorilla.com:8080/storage/card/2242/card_img/20991/2242card.png,https://api.card-gorilla.com:8080/storage/card/2242/card_img/20991/2242card.png,30,0,1,10
2195,GS Prime 신한카드,CHK,신한카드,https://api.card-gorilla.com:8080/storage/card/2243/card_img/20992/2243card.png,https://api.card-gorilla.com:8080/storage/card/2243/card_img/20992/2243card.png,4,0,1,8
2196,위버스 신한카드 체크(BTS),CHK,신한카드,https://api.card-gorilla.com:8080/storage/card/2244/card_img/20993/2244card.png,https://api.card-gorilla.com:8080/storage/card/2244/card_img/20993/2244card.png,39,0,1,6
2197,위버스 신한카드 체크(TXT),CHK,신한카드,https://api.card-gorilla.com:8080/storage/card/2245/card_img/20994/2245card.png,https://api.card-gorilla.com:8080/storage/card/2245/card_img/20994/2245card.png,14,0,1,0
2198,위버스 신한카드 체크(ENHYPEN),CRD,신한카드,https://api.card-gorilla.com:8080/storage/card/2246/card_img/20996/2246card.png,https://api.card-gorilla.com:8080/storage/card/2246/card_img/20996/2246card.png,49,0,1,1
2199,위버스 신한카드 체크(SEVENTEEN),CRD,신한카드,https://api.card-gorilla.com:8080/storage/card/2247/card_img/20997/2247card.png,https://api.card-gorilla.com:8080/storage/card/2247/card_img/20997/2247card.png,27,0,1,9
2200,위버스 신한카드(ENHYPEN),CRD,신한카드,https://api.card-gorilla.com:8080/storage/card/2248/card_img/20998/2248card.png,https://api.card-gorilla.com:8080/storage/card/2248/card_img/20998/2248card.png,8,0,1,3
2201,위버스 신한카드(SEVENTEEN),CRD,신한카드,https://api.card-gorilla.com:8080/storage/card/2249/card_img/20999/2249card.png,https://api.card-gorilla.com:8080/storage/card/2249/card_img/20999/2249card.png,25,0,1,1
2202,위버스 신한카드(TXT),CRD,신한카드,https://api.card-gorilla.com:8080/storage/card/2250/card_img/21000/2250card.png,https://api.card-gorilla.com:8080/storage/card/2250/card_img/21000/2250card.png,49,0,1,7
2203,오케이몰 우리카드,CHK,우리카드,https://api.card-gorilla.com:8080/storage/card/2251/card_img/21001/2251card.png,https://api.card-gorilla.com:8080/storage/card/2251/card_img/21001/2251card.png,18,0,1,7
2204,NH1961카드,CHK,NH농협카드,https://api.card-gorilla.com:8080/storage/card/2252/card_img/21002/2252card.png,https://api.card-gorilla.com:8080/storage/card/2252/card_img/21002/2252card.png,37,0,1,8
2205,SOHO 다사로이카드,CRD,NH농협카드,https://api.card-gorilla.com:8080/storage/card/2253/card_img/21003/2253card.png,https://api.card-gorilla.com:8080/storage/card/2253/card_img/21003/2253card.png,11,0,1,3
2206,SOHO 다사로이+카드,CHK,NH농협카드,https://api.card-gorilla.com:8080/storage/card/2254/card_img/21004/2254card.png,https://api.card-gorilla.com:8080/storage/card/2254/card_img/21004/2254card.png,42,0,1,2
2207,KB Pay 챌린지카드,CHK,국민카드,https://api.card-gorilla.com:8080/storage/card/2255/card_img/21005/2255card.png,https://api.card-gorilla.com:8080/storage/card/2255/card_img/21005/2255card.png,5,0,1,8
2208,KB Pay 챌린지+카드,CRD,국민카드,https://api.card-gorilla.com:8080/storage/card/2256/card_img/21006/2256card.png,https://api.card-gorilla.com:8080/storage/card/2256/card_img/21006/2256card.png,4,0,1,4
2209,삼성 모바일플러스카드,CRD,삼성카드,https://api.card-gorilla.com:8080/storage/card/2257/card_img/21007/2257card.png,https://api.card-gorilla.com:8080/storage/card/2257/card_img/21007/2257card.png,43,0,1,9
2210,#Pay 신한카드,CHK,신한카드,https://api.card-gorilla.com:8080/storage/card/2258/card_img/21008/2258card.png,https://api.card-gorilla.com:8080/storage/card/2258/card_img/21008/2258card.png,40,0,1,8
2211,the Red Edition5,CHK,현대카드,https://api.card-gorilla.com:8080/storage/card/2259/card_img/21009/2259card.png,https://api.card-gorilla.com:8080/storage/card/2259/card_img/21009/2259card.png,11,0,1,1
2212,the Green Edition2,CHK,현대카드,https://api.card-gorilla.com:8080/storage/card/2260/card_img/24764/2260card.png,https://api.card-gorilla.com:8080/storage/card/2260/card_img/24764/2260card.png,29,0,1,9
2213,LOCA LIKIT 1.2,CRD,롯데카드,https://api.card-gorilla.com:8080/storage/card/2261/card_img/21011/2261card.png,https://api.card-gorilla.com:8080/storage/card/2261/card_img/21011/2261card.png,23,0,1,6
2214,LOCA LIKIT Eat,CRD,롯데카드,https://api.card-gorilla.com:8080/storage/card/2262/card_img/20704/2262card.png,https://api.card-gorilla.com:8080/storage/card/2262/card_img/20704/2262card.png,46,0,1,10
2215,LOCA LIKIT Play,CRD,롯데카드,https://api.card-gorilla.com:8080/storage/card/2263/card_img/20703/2263card.png,https://api.card-gorilla.com:8080/storage/card/2263/card_img/20703/2263card.png,36,0,1,9
2216,LOCA LIKIT Shop,CHK,롯데카드,https://api.card-gorilla.com:8080/storage/card/2264/card_img/20702/2264card.png,https://api.card-gorilla.com:8080/storage/card/2264/card_img/20702/2264card.png,24,0,1,4
2217,롯데홈쇼핑 벨리곰 카드,CRD,롯데카드,https://api.card-gorilla.com:8080/storage/card/2265/card_img/20701/2265card.png,https://api.card-gorilla.com:8080/storage/card/2265/card_img/20701/2265card.png,22,0,1,1
2218,NU Biz,CRD,우리카드,https://api.card-gorilla.com:8080/storage/card/2266/card_img/25452/2266card.png,https://api.card-gorilla.com:8080/storage/card/2266/card_img/25452/2266card.png,44,0,1,3
2219,L.PAY 신한카드,CRD,신한카드,https://api.card-gorilla.com:8080/storage/card/2267/card_img/20699/2267card.png,https://api.card-gorilla.com:8080/storage/card/2267/card_img/20699/2267card.png,47,0,1,9
2220,네이버페이 신한카드 체크 S2,CHK,신한카드,https://api.card-gorilla.com:8080/storage/card/2268/card_img/20698/2268card.png,https://api.card-gorilla.com:8080/storage/card/2268/card_img/20698/2268card.png,9,0,1,8
2221,토스뱅크카드,CRD,토스뱅크,https://api.card-gorilla.com:8080/storage/card/2269/card_img/20697/2269card.png,https://api.card-gorilla.com:8080/storage/card/2269/card_img/20697/2269card.png,44,0,1,5
2222,하나은행 밀리언달러 카드,CHK,롯데카드,https://api.card-gorilla.com:8080/storage/card/2270/card_img/20696/2270card.png,https://api.card-gorilla.com:8080/storage/card/2270/card_img/20696/2270card.png,38,0,1,9
2223,밸런스 카드,CHK,BC 바로카드,https://api.card-gorilla.com:8080/storage/card/2271/card_img/20695/2271card.png,https://api.card-gorilla.com:8080/storage/card/2271/card_img/20695/2271card.png,24,0,1,6
2224,신한 Meme(밈) 카드,CRD,신한카드,https://api.card-gorilla.com:8080/storage/card/2272/card_img/20694/2272card.png,https://api.card-gorilla.com:8080/storage/card/2272/card_img/20694/2272card.png,48,0,1,5
2225,Indi-visual 카드(김계란카드),CRD,BC 바로카드,https://api.card-gorilla.com:8080/storage/card/2273/card_img/20693/2273card.png,https://api.card-gorilla.com:8080/storage/card/2273/card_img/20693/2273card.png,19,0,1,6
2226,Indi-visual 카드(오은영카드),CHK,BC 바로카드,https://api.card-gorilla.com:8080/storage/card/2274/card_img/20692/2274card.png,https://api.card-gorilla.com:8080/storage/card/2274/card_img/20692/2274card.png,19,0,1,9
2227,Indi-visual 카드(강형욱카드),CHK,BC 바로카드,https://api.card-gorilla.com:8080/storage/card/2275/card_img/20691/2275card.png,https://api.card-gorilla.com:8080/storage/card/2275/card_img/20691/2275card.png,28,0,1,7
2228,Indi-visual 카드(임블리카드),CRD,BC 바로카드,https://api.card-gorilla.com:8080/storage/card/2276/card_img/20690/2276card.png,https://api.card-gorilla.com:8080/storage/card/2276/card_img/20690/2276card.png,44,0,1,3
2229,요기패스 신용카드,CRD,국민카드,https://api.card-gorilla.com:8080/storage/card/2277/card_img/20689/2277card.png,https://api.card-gorilla.com:8080/storage/card/2277/card_img/20689/2277card.png,32,0,1,5
2230,NS홈쇼핑 삼성카드,CHK,삼성카드,https://api.card-gorilla.com:8080/storage/card/2278/card_img/20688/2278card.png,https://api.card-gorilla.com:8080/storage/card/2278/card_img/20688/2278card.png,48,0,1,4
2231,신세계 아울렛 BENEFIT 삼성카드,CHK,삼성카드,https://api.card-gorilla.com:8080/storage/card/2279/card_img/20687/2279card.png,https://api.card-gorilla.com:8080/storage/card/2279/card_img/20687/2279card.png,30,0,1,6
2232,American Express The Platinum Card?,CHK,현대카드,https://api.card-gorilla.com:8080/storage/card/2280/card_img/20686/2280card.png,https://api.card-gorilla.com:8080/storage/card/2280/card_img/20686/2280card.png,29,0,1,8
2233,American Express? Gold Card,CRD,현대카드,https://api.card-gorilla.com:8080/storage/card/2281/card_img/20685/2281card.png,https://api.card-gorilla.com:8080/storage/card/2281/card_img/20685/2281card.png,14,0,1,4
2234,American Express? Green Card,CHK,현대카드,https://api.card-gorilla.com:8080/storage/card/2282/card_img/20684/2282card.png,https://api.card-gorilla.com:8080/storage/card/2282/card_img/20684/2282card.png,49,0,1,5
2235,롯데렌터카 신차장 EV+ 우리카드,CRD,우리카드,https://api.card-gorilla.com:8080/storage/card/2283/card_img/20683/2283card.png,https://api.card-gorilla.com:8080/storage/card/2283/card_img/20683/2283card.png,46,0,1,4
2236,EV카드,CHK,IBK기업은행,https://api.card-gorilla.com:8080/storage/card/2284/card_img/20682/2284card.png,https://api.card-gorilla.com:8080/storage/card/2284/card_img/20682/2284card.png,25,0,1,10
2237,Voluntas 자원봉사자 우리체크,CRD,우리카드,https://api.card-gorilla.com:8080/storage/card/2285/card_img/20681/2285card.png,https://api.card-gorilla.com:8080/storage/card/2285/card_img/20681/2285card.png,50,0,1,6
2238,NU Uniq point,CHK,우리카드,https://api.card-gorilla.com:8080/storage/card/2286/card_img/25532/2286card.png,https://api.card-gorilla.com:8080/storage/card/2286/card_img/25532/2286card.png,19,0,1,0
2239,현대카드 MX Black,CRD,현대카드,https://api.card-gorilla.com:8080/storage/card/2287/card_img/20679/2287card.png,https://api.card-gorilla.com:8080/storage/card/2287/card_img/20679/2287card.png,20,0,1,3
2240,모두의 신세계 하나카드,CHK,하나카드,https://api.card-gorilla.com:8080/storage/card/2288/card_img/22720/2288card.png,https://api.card-gorilla.com:8080/storage/card/2288/card_img/22720/2288card.png,11,0,1,9
2241,삼성 iD EV 카드,CRD,삼성카드,https://api.card-gorilla.com:8080/storage/card/2289/card_img/20678/2289card.png,https://api.card-gorilla.com:8080/storage/card/2289/card_img/20678/2289card.png,43,0,1,9
2242,삼성 iD ENERGY 카드,CHK,삼성카드,https://api.card-gorilla.com:8080/storage/card/2290/card_img/20677/2290card.png,https://api.card-gorilla.com:8080/storage/card/2290/card_img/20677/2290card.png,20,0,1,7
2243,메리어트 본보이™ 더 클래식 신한카드,CRD,신한카드,https://api.card-gorilla.com:8080/storage/card/2291/card_img/20676/2291card.png,https://api.card-gorilla.com:8080/storage/card/2291/card_img/20676/2291card.png,45,0,1,7
2244,현대카드 MY BUSINESS ZERO Food&Drink,CRD,현대카드,https://api.card-gorilla.com:8080/storage/card/2292/card_img/22779/2292card.png,https://api.card-gorilla.com:8080/storage/card/2292/card_img/22779/2292card.png,12,0,1,3
2245,현대카드 MY BUSINESS ZERO Retail&Service,CHK,현대카드,https://api.card-gorilla.com:8080/storage/card/2293/card_img/23896/2293card.png,https://api.card-gorilla.com:8080/storage/card/2293/card_img/23896/2293card.png,12,0,1,5
2246,현대카드 MY BUSINESS ZERO Online Seller,CRD,현대카드,https://api.card-gorilla.com:8080/storage/card/2294/card_img/23897/2294card.png,https://api.card-gorilla.com:8080/storage/card/2294/card_img/23897/2294card.png,32,0,1,0
2247,신한카드 Deep Dream(모베러웍스),CRD,신한카드,https://api.card-gorilla.com:8080/storage/card/2295/card_img/22902/2295card.png,https://api.card-gorilla.com:8080/storage/card/2295/card_img/22902/2295card.png,13,0,1,4
2248,톡톡M 카드,CHK,국민카드,https://api.card-gorilla.com:8080/storage/card/2296/card_img/22992/2296card.png,https://api.card-gorilla.com:8080/storage/card/2296/card_img/22992/2296card.png,31,0,1,4
2249,톡톡F 카드,CHK,국민카드,https://api.card-gorilla.com:8080/storage/card/2297/card_img/22991/2297card.png,https://api.card-gorilla.com:8080/storage/card/2297/card_img/22991/2297card.png,26,0,1,0
2250,톡톡O 카드,CRD,국민카드,https://api.card-gorilla.com:8080/storage/card/2298/card_img/22990/2298card.png,https://api.card-gorilla.com:8080/storage/card/2298/card_img/22990/2298card.png,2,0,1,4
2251,톡톡D 카드,CHK,국민카드,https://api.card-gorilla.com:8080/storage/card/2299/card_img/22989/2299card.png,https://api.card-gorilla.com:8080/storage/card/2299/card_img/22989/2299card.png,28,0,1,2
2252,내맘대로 쁨 카드,CHK,하나카드,https://api.card-gorilla.com:8080/storage/card/2300/card_img/25153/2300card.png,https://api.card-gorilla.com:8080/storage/card/2300/card_img/25153/2300card.png,2,0,1,6
2253,원스토어 1 하나카드,CRD,하나카드,https://api.card-gorilla.com:8080/storage/card/2301/card_img/23131/2301card.png,https://api.card-gorilla.com:8080/storage/card/2301/card_img/23131/2301card.png,26,0,1,0
2254,T우주 신한카드,CHK,신한카드,https://api.card-gorilla.com:8080/storage/card/2302/card_img/23140/2302card.png,https://api.card-gorilla.com:8080/storage/card/2302/card_img/23140/2302card.png,35,0,1,9
2255,카카오페이카드3,CHK,카카오페이,https://api.card-gorilla.com:8080/storage/card/2303/card_img/23334/2303card.png,https://api.card-gorilla.com:8080/storage/card/2303/card_img/23334/2303card.png,35,0,1,9
2256,신한카드 Eats More(이츠모아),CHK,신한카드,https://api.card-gorilla.com:8080/storage/card/2304/card_img/23588/2304card.png,https://api.card-gorilla.com:8080/storage/card/2304/card_img/23588/2304card.png,24,0,1,9
2257,별다줄카드,CHK,NH농협카드,https://api.card-gorilla.com:8080/storage/card/2305/card_img/23590/2305card.png,https://api.card-gorilla.com:8080/storage/card/2305/card_img/23590/2305card.png,1,0,1,5
2258,L.PAY by 롤라카드(신용),CRD,롯데카드,https://api.card-gorilla.com:8080/storage/card/2306/card_img/23706/2306card.png,https://api.card-gorilla.com:8080/storage/card/2306/card_img/23706/2306card.png,8,0,1,4
2259,L.PAY by 롤라카드(체크),CRD,롯데카드,https://api.card-gorilla.com:8080/storage/card/2307/card_img/23707/2307card.png,https://api.card-gorilla.com:8080/storage/card/2307/card_img/23707/2307card.png,23,0,1,7
2260,로스트아크 카드,CRD,BC 바로카드,https://api.card-gorilla.com:8080/storage/card/2308/card_img/23708/2308card.png,https://api.card-gorilla.com:8080/storage/card/2308/card_img/23708/2308card.png,11,0,1,1
2261,톡톡 구독카드,CHK,국민카드,https://api.card-gorilla.com:8080/storage/card/2309/card_img/23690/2309card.png,https://api.card-gorilla.com:8080/storage/card/2309/card_img/23690/2309card.png,29,0,1,8
2262,PAYCO 포인트 카드,CRD,엔에이치엔페이코,https://api.card-gorilla.com:8080/storage/card/2310/card_img/23676/2310card.png,https://api.card-gorilla.com:8080/storage/card/2310/card_img/23676/2310card.png,44,0,1,8
2263,럭키 더블카드,CRD,코나카드,https://api.card-gorilla.com:8080/storage/card/2311/card_img/23717/2311card.png,https://api.card-gorilla.com:8080/storage/card/2311/card_img/23717/2311card.png,2,0,1,10
2264,럭키 유카드,CRD,코나카드,https://api.card-gorilla.com:8080/storage/card/2312/card_img/23718/2312card.png,https://api.card-gorilla.com:8080/storage/card/2312/card_img/23718/2312card.png,33,0,1,4
2265,나마네카드,CRD,아이오로라,https://api.card-gorilla.com:8080/storage/card/2313/card_img/23842/2313card.png,https://api.card-gorilla.com:8080/storage/card/2313/card_img/23842/2313card.png,49,0,1,10
2266,토스유스카드(USS),CHK,토스,https://api.card-gorilla.com:8080/storage/card/2314/card_img/23843/2314card.png,https://api.card-gorilla.com:8080/storage/card/2314/card_img/23843/2314card.png,41,0,1,1
2267,한패스카드,CRD,한패스,https://api.card-gorilla.com:8080/storage/card/2315/card_img/23844/2315card.png,https://api.card-gorilla.com:8080/storage/card/2315/card_img/23844/2315card.png,32,0,1,1
2268,차이 신용카드,CRD,차이,https://api.card-gorilla.com:8080/storage/card/2316/card_img/23743/2316card.png,https://api.card-gorilla.com:8080/storage/card/2316/card_img/23743/2316card.png,31,0,1,1
2269,차이 체크카드,CRD,차이,https://api.card-gorilla.com:8080/storage/card/2317/card_img/23742/2317card.png,https://api.card-gorilla.com:8080/storage/card/2317/card_img/23742/2317card.png,48,0,1,10
2270,핀크카드,CHK,핀크카드,https://api.card-gorilla.com:8080/storage/card/2318/card_img/23895/2318card.png,https://api.card-gorilla.com:8080/storage/card/2318/card_img/23895/2318card.png,5,0,1,0
2271,다날-유니온페이 모바일카드,CHK,다날,https://api.card-gorilla.com:8080/storage/card/2319/card_img/23847/2319card.png,https://api.card-gorilla.com:8080/storage/card/2319/card_img/23847/2319card.png,41,0,1,4
2272,트래블페이 충전카드,CRD,트래블월렛,https://api.card-gorilla.com:8080/storage/card/2320/card_img/23848/2320card.png,https://api.card-gorilla.com:8080/storage/card/2320/card_img/23848/2320card.png,21,0,1,8
2273,모빌리언스카드,CHK,KG모빌리언스,https://api.card-gorilla.com:8080/storage/card/2321/card_img/23849/2321card.png,https://api.card-gorilla.com:8080/storage/card/2321/card_img/23849/2321card.png,10,0,1,6
2274,티니패스 카드,CRD,롯데카드,https://api.card-gorilla.com:8080/storage/card/2322/card_img/23851/2322card.png,https://api.card-gorilla.com:8080/storage/card/2322/card_img/23851/2322card.png,39,0,1,1
2275,아이부자 카드,CRD,하나카드,https://api.card-gorilla.com:8080/storage/card/2323/card_img/23852/2323card.png,https://api.card-gorilla.com:8080/storage/card/2323/card_img/23852/2323card.png,13,0,1,7
2276,삼성 BIZ iD BENEFIT카드,CRD,삼성카드,https://api.card-gorilla.com:8080/storage/card/2324/card_img/23877/2324card.png,https://api.card-gorilla.com:8080/storage/card/2324/card_img/23877/2324card.png,14,0,1,7
2277,프레딧 하나카드,CHK,하나카드,https://api.card-gorilla.com:8080/storage/card/2325/card_img/23879/2325card.png,https://api.card-gorilla.com:8080/storage/card/2325/card_img/23879/2325card.png,14,0,1,9
2278,해피포인트 해피리워드 카드,CRD,국민카드,https://api.card-gorilla.com:8080/storage/card/2326/card_img/23881/2326card.png,https://api.card-gorilla.com:8080/storage/card/2326/card_img/23881/2326card.png,28,0,1,2
2279,스카이패스 티타늄 카드,CRD,국민카드,https://api.card-gorilla.com:8080/storage/card/2327/card_img/24806/2327card.png,https://api.card-gorilla.com:8080/storage/card/2327/card_img/24806/2327card.png,20,0,1,9
2280,Paydays 신한카드,CRD,신한카드,https://api.card-gorilla.com:8080/storage/card/2328/card_img/23889/2328card.png,https://api.card-gorilla.com:8080/storage/card/2328/card_img/23889/2328card.png,24,0,1,8
2281,핀트 카드,CRD,핀트,https://api.card-gorilla.com:8080/storage/card/2329/card_img/23898/2329card.png,https://api.card-gorilla.com:8080/storage/card/2329/card_img/23898/2329card.png,50,0,1,1
2282,LOCA 365 카드,CRD,롯데카드,https://api.card-gorilla.com:8080/storage/card/2330/card_img/24131/2330card.png,https://api.card-gorilla.com:8080/storage/card/2330/card_img/24131/2330card.png,10,0,1,0
2283,땡겨요 신한카드,CRD,신한카드,https://api.card-gorilla.com:8080/storage/card/2331/card_img/24277/2331card.png,https://api.card-gorilla.com:8080/storage/card/2331/card_img/24277/2331card.png,18,0,1,5
2284,KB국민 우리동네 체크카드,CRD,국민카드,https://api.card-gorilla.com:8080/storage/card/2332/card_img/24588/2332card.png,https://api.card-gorilla.com:8080/storage/card/2332/card_img/24588/2332card.png,28,0,1,2
2285,땡겨요 신한카드 체크,CHK,신한카드,https://api.card-gorilla.com:8080/storage/card/2333/card_img/24278/2333card.png,https://api.card-gorilla.com:8080/storage/card/2333/card_img/24278/2333card.png,46,0,1,3
2286,땡겨요 신한카드 체크(라이더형),CRD,신한카드,https://api.card-gorilla.com:8080/storage/card/2334/card_img/24279/2334card.png,https://api.card-gorilla.com:8080/storage/card/2334/card_img/24279/2334card.png,47,0,1,9
2287,해피리워드 체크카드,CRD,국민카드,https://api.card-gorilla.com:8080/storage/card/2335/card_img/24225/2235card.png,https://api.card-gorilla.com:8080/storage/card/2335/card_img/24225/2235card.png,18,0,1,8
2288,올바른지구 카드,CRD,NH농협카드,https://api.card-gorilla.com:8080/storage/card/2336/card_img/24298/2336card.png,https://api.card-gorilla.com:8080/storage/card/2336/card_img/24298/2336card.png,50,0,1,3
2289,Paydays 신한카드 체크,CHK,신한카드,https://api.card-gorilla.com:8080/storage/card/2337/card_img/24299/2337card.png,https://api.card-gorilla.com:8080/storage/card/2337/card_img/24299/2337card.png,18,0,1,6
2290,신한카드 Way 체크,CRD,신한카드,https://api.card-gorilla.com:8080/storage/card/2338/card_img/24301/2338card.png,https://api.card-gorilla.com:8080/storage/card/2338/card_img/24301/2338card.png,34,0,1,3
2291,CEO카드,CHK,IBK기업은행,https://api.card-gorilla.com:8080/storage/card/2339/card_img/24303/2339card.png,https://api.card-gorilla.com:8080/storage/card/2339/card_img/24303/2339card.png,16,0,1,9
2292,쇼핑& 카드,CHK,BC 바로카드,https://api.card-gorilla.com:8080/storage/card/2340/card_img/24315/2340card.png,https://api.card-gorilla.com:8080/storage/card/2340/card_img/24315/2340card.png,24,0,1,1
2293,아모레퍼시픽 신한카드 체크,CRD,신한카드,https://api.card-gorilla.com:8080/storage/card/2341/card_img/24316/2341card.png,https://api.card-gorilla.com:8080/storage/card/2341/card_img/24316/2341card.png,40,0,1,5
2294,투썸플레이스 신한카드 체크,CRD,신한카드,https://api.card-gorilla.com:8080/storage/card/2342/card_img/24328/2342card.png,https://api.card-gorilla.com:8080/storage/card/2342/card_img/24328/2342card.png,14,0,1,9
2295,신한카드 On 체크,CRD,신한카드,https://api.card-gorilla.com:8080/storage/card/2343/card_img/24358/2343card.png,https://api.card-gorilla.com:8080/storage/card/2343/card_img/24358/2343card.png,5,0,1,10
2296,현대백화점카드,CRD,현대백화점,https://api.card-gorilla.com:8080/storage/card/2344/card_img/24463/2344card.png,https://api.card-gorilla.com:8080/storage/card/2344/card_img/24463/2344card.png,41,0,1,4
2297,현대백화점 Fit카드,CHK,현대백화점,https://api.card-gorilla.com:8080/storage/card/2345/card_img/24462/2345card.png,https://api.card-gorilla.com:8080/storage/card/2345/card_img/24462/2345card.png,43,0,1,3
2298,BC 바로 클리어 플러스,CHK,BC 바로카드,https://api.card-gorilla.com:8080/storage/card/2346/card_img/25293/2346card.png,https://api.card-gorilla.com:8080/storage/card/2346/card_img/25293/2346card.png,11,0,1,3
2299,BC 바로 리워드 플러스,CRD,BC 바로카드,https://api.card-gorilla.com:8080/storage/card/2347/card_img/25291/2347card.png,https://api.card-gorilla.com:8080/storage/card/2347/card_img/25291/2347card.png,39,0,1,4
2300,BC 바로 페이백 플러스,CRD,BC 바로카드,https://api.card-gorilla.com:8080/storage/card/2348/card_img/25292/2348card.png,https://api.card-gorilla.com:8080/storage/card/2348/card_img/25292/2348card.png,12,0,1,2
2301,모니모카드,CHK,삼성카드,https://api.card-gorilla.com:8080/storage/card/2349/card_img/24700/2349card.png,https://api.card-gorilla.com:8080/storage/card/2349/card_img/24700/2349card.png,11,0,1,1
2302,부자되세요 덤카드,CRD,BC 바로카드,https://api.card-gorilla.com:8080/storage/card/2350/card_img/24714/2350card.png,https://api.card-gorilla.com:8080/storage/card/2350/card_img/24714/2350card.png,17,0,1,4
2303,부자되세요 홈쇼핑카드,CRD,BC 바로카드,https://api.card-gorilla.com:8080/storage/card/2351/card_img/24715/2351card.png,https://api.card-gorilla.com:8080/storage/card/2351/card_img/24715/2351card.png,7,0,1,0
2304,&POP 카드,CHK,BC 바로카드,https://api.card-gorilla.com:8080/storage/card/2352/card_img/24716/2352card.png,https://api.card-gorilla.com:8080/storage/card/2352/card_img/24716/2352card.png,46,0,1,4
2305,NU Blanc,CHK,우리카드,https://api.card-gorilla.com:8080/storage/card/2353/card_img/24773/2353card.png,https://api.card-gorilla.com:8080/storage/card/2353/card_img/24773/2353card.png,31,0,1,4
2306,NU Uniq,CRD,우리카드,https://api.card-gorilla.com:8080/storage/card/2354/card_img/24965/2354card.png,https://api.card-gorilla.com:8080/storage/card/2354/card_img/24965/2354card.png,20,0,1,7
2307,레고랜드카드,CRD,국민카드,https://api.card-gorilla.com:8080/storage/card/2355/card_img/24768/2355card.png,https://api.card-gorilla.com:8080/storage/card/2355/card_img/24768/2355card.png,27,0,1,7
2308,레고랜드 체크카드,CRD,국민카드,https://api.card-gorilla.com:8080/storage/card/2356/card_img/24769/2356card.png,https://api.card-gorilla.com:8080/storage/card/2356/card_img/24769/2356card.png,6,0,1,6
2309,레고랜드매니아카드,CHK,국민카드,https://api.card-gorilla.com:8080/storage/card/2357/card_img/24771/2357card.png,https://api.card-gorilla.com:8080/storage/card/2357/card_img/24771/2357card.png,50,0,1,7
2310,삼성 iD EDU 카드,CRD,삼성카드,https://api.card-gorilla.com:8080/storage/card/2358/card_img/24778/2358card.png,https://api.card-gorilla.com:8080/storage/card/2358/card_img/24778/2358card.png,5,0,1,4
2311,Hyundai Mobilty카드(상용차),CRD,현대카드,https://api.card-gorilla.com:8080/storage/card/2359/card_img/24780/2359card.png,https://api.card-gorilla.com:8080/storage/card/2359/card_img/24780/2359card.png,0,0,1,8
2312,LOCA in MEGACITY,CHK,롯데카드,https://api.card-gorilla.com:8080/storage/card/2360/card_img/24781/2360card.png,https://api.card-gorilla.com:8080/storage/card/2360/card_img/24781/2360card.png,14,0,1,0
2313,케이뱅크 롯데카드,CRD,롯데카드,https://api.card-gorilla.com:8080/storage/card/2361/card_img/24783/2361card.png,https://api.card-gorilla.com:8080/storage/card/2361/card_img/24783/2361card.png,20,0,1,2
2314,페이북 머니 체크카드,CHK,BC 바로카드,https://api.card-gorilla.com:8080/storage/card/2362/card_img/24883/2362card.png,https://api.card-gorilla.com:8080/storage/card/2362/card_img/24883/2362card.png,35,0,1,1
2315,wavve카드,CHK,국민카드,https://api.card-gorilla.com:8080/storage/card/2363/card_img/24884/2363card.png,https://api.card-gorilla.com:8080/storage/card/2363/card_img/24884/2363card.png,45,0,1,3
2316,iD MOVE카드,CRD,삼성카드,https://api.card-gorilla.com:8080/storage/card/2364/card_img/24972/2364card.png,https://api.card-gorilla.com:8080/storage/card/2364/card_img/24972/2364card.png,10,0,1,2
2317,닥터구디 T&R(티앤알) 카드,CRD,하나카드,https://api.card-gorilla.com:8080/storage/card/2365/card_img/25019/2365card.png,https://api.card-gorilla.com:8080/storage/card/2365/card_img/25019/2365card.png,25,0,1,1
2318,SOHO 다사로이OIL카드,CRD,NH농협카드,https://api.card-gorilla.com:8080/storage/card/2366/card_img/25047/2366card.png,https://api.card-gorilla.com:8080/storage/card/2366/card_img/25047/2366card.png,24,0,1,4
2319,현대백화점 해피포인트카드,CHK,현대백화점,https://api.card-gorilla.com:8080/storage/card/2367/card_img/25074/2367card.jpg,https://api.card-gorilla.com:8080/storage/card/2367/card_img/25074/2367card.jpg,26,0,1,10
2320,현대백화점 현대오일뱅크카드,CHK,현대백화점,https://api.card-gorilla.com:8080/storage/card/2368/card_img/25075/2368card.png,https://api.card-gorilla.com:8080/storage/card/2368/card_img/25075/2368card.png,36,0,1,6
2321,Happy 디지털카드,CHK,롯데카드,https://api.card-gorilla.com:8080/storage/card/2369/card_img/25141/2369card.png,https://api.card-gorilla.com:8080/storage/card/2369/card_img/25141/2369card.png,50,0,1,9
2322,NU Uniq Check,CHK,우리카드,https://api.card-gorilla.com:8080/storage/card/2370/card_img/25307/2370card.png,https://api.card-gorilla.com:8080/storage/card/2370/card_img/25307/2370card.png,0,0,1,2
2323,신한카드 플리,CRD,신한카드,https://api.card-gorilla.com:8080/storage/card/2371/card_img/27195/2371card.png,https://api.card-gorilla.com:8080/storage/card/2371/card_img/27195/2371card.png,25,0,1,7
2324,신한카드 플리(체크),CRD,신한카드,https://api.card-gorilla.com:8080/storage/card/2372/card_img/25330/2372card.png,https://api.card-gorilla.com:8080/storage/card/2372/card_img/25330/2372card.png,4,0,1,4
2325,신한카드 On 체크(쥬라기),CHK,신한카드,https://api.card-gorilla.com:8080/storage/card/2373/card_img/25322/2374card.png,https://api.card-gorilla.com:8080/storage/card/2373/card_img/25322/2374card.png,7,0,1,8
2326,신한카드 Way 체크(쥬라기),CRD,신한카드,https://api.card-gorilla.com:8080/storage/card/2374/card_img/25323/2373card.png,https://api.card-gorilla.com:8080/storage/card/2374/card_img/25323/2373card.png,9,0,1,2
2327,ZEPETO 신한카드,CHK,신한카드,https://api.card-gorilla.com:8080/storage/card/2375/card_img/25324/2375card.png,https://api.card-gorilla.com:8080/storage/card/2375/card_img/25324/2375card.png,45,0,1,5
2328,삼성 iD SIMPLE 카드,CRD,삼성카드,https://api.card-gorilla.com:8080/storage/card/2376/card_img/25407/2376card.png,https://api.card-gorilla.com:8080/storage/card/2376/card_img/25407/2376card.png,44,0,1,10
2329,톡톡 my point카드,CRD,국민카드,https://api.card-gorilla.com:8080/storage/card/2377/card_img/25371/2377card.png,https://api.card-gorilla.com:8080/storage/card/2377/card_img/25371/2377card.png,16,0,1,2
2330,톡톡 my living카드,CRD,국민카드,https://api.card-gorilla.com:8080/storage/card/2378/card_img/25374/2378card.png,https://api.card-gorilla.com:8080/storage/card/2378/card_img/25374/2378card.png,16,0,1,7
2331,신한카드 On 체크(잔망루피),CRD,신한카드,https://api.card-gorilla.com:8080/storage/card/2379/card_img/25379/2379card.png,https://api.card-gorilla.com:8080/storage/card/2379/card_img/25379/2379card.png,4,0,1,6
2332,신세계 BC 콰트로 플러스,CRD,BC 바로카드,https://api.card-gorilla.com:8080/storage/card/2380/card_img/25482/2380card.png,https://api.card-gorilla.com:8080/storage/card/2380/card_img/25482/2380card.png,36,0,1,6
2333,신세계 BC 아시아나 플러스,CHK,BC 바로카드,https://api.card-gorilla.com:8080/storage/card/2381/card_img/25483/2381card.png,https://api.card-gorilla.com:8080/storage/card/2381/card_img/25483/2381card.png,41,0,1,6
2334,신세계 BC 바로 리워드 플러스,CRD,BC 바로카드,https://api.card-gorilla.com:8080/storage/card/2382/card_img/25484/2382card.png,https://api.card-gorilla.com:8080/storage/card/2382/card_img/25484/2382card.png,44,0,1,1
2335,신세계 BC 바로 SEVEN FLEX,CHK,BC 바로카드,https://api.card-gorilla.com:8080/storage/card/2383/card_img/25485/2383card.png,https://api.card-gorilla.com:8080/storage/card/2383/card_img/25485/2383card.png,32,0,1,10
2336,신세계 BC 바로 클리어 플러스,CHK,BC 바로카드,https://api.card-gorilla.com:8080/storage/card/2384/card_img/25486/2384card.png,https://api.card-gorilla.com:8080/storage/card/2384/card_img/25486/2384card.png,47,0,1,3
2337,Flex카드 몽블랑 에디션,CHK,롯데카드,https://api.card-gorilla.com:8080/storage/card/2385/card_img/25501/2385card.png,https://api.card-gorilla.com:8080/storage/card/2385/card_img/25501/2385card.png,33,0,1,6
2338,티머니 Pay & GO 신한카드,CHK,신한카드,https://api.card-gorilla.com:8080/storage/card/2386/card_img/25534/2386card.png,https://api.card-gorilla.com:8080/storage/card/2386/card_img/25534/2386card.png,2,0,1,10
2339,신한카드 래플(Raffle),CRD,신한카드,https://api.card-gorilla.com:8080/storage/card/2387/card_img/25536/2387card.png,https://api.card-gorilla.com:8080/storage/card/2387/card_img/25536/2387card.png,8,0,1,4
2340,넥슨 현대카드UNLIMITED,CRD,현대카드,https://api.card-gorilla.com:8080/storage/card/2388/card_img/25777/2388card.png,https://api.card-gorilla.com:8080/storage/card/2388/card_img/25777/2388card.png,15,0,1,8
2341,넥슨 현대카드,CHK,현대카드,https://api.card-gorilla.com:8080/storage/card/2389/card_img/25818/2389card.png,https://api.card-gorilla.com:8080/storage/card/2389/card_img/25818/2389card.png,15,0,1,0
2342,넥슨 현대카드Check,CRD,현대카드,https://api.card-gorilla.com:8080/storage/card/2390/card_img/25822/2390card.png,https://api.card-gorilla.com:8080/storage/card/2390/card_img/25822/2390card.png,16,0,1,3
2343,신한카드 Deep Dream 체크(모베러웍스),CRD,신한카드,https://api.card-gorilla.com:8080/storage/card/2391/card_img/25864/2391card.png,https://api.card-gorilla.com:8080/storage/card/2391/card_img/25864/2391card.png,24,0,1,9
2344,CJ 삼성 iD 카드,CRD,삼성카드,https://api.card-gorilla.com:8080/storage/card/2392/card_img/25908/2392card.png,https://api.card-gorilla.com:8080/storage/card/2392/card_img/25908/2392card.png,32,0,1,9
2345,SSG.COM 카드 Edition2,CRD,현대카드,https://api.card-gorilla.com:8080/storage/card/2393/card_img/25915/2393card.png,https://api.card-gorilla.com:8080/storage/card/2393/card_img/25915/2393card.png,20,0,1,3
2346,트래블로그 체크카드,CHK,하나카드,https://api.card-gorilla.com:8080/storage/card/2394/card_img/25975/2394card.png,https://api.card-gorilla.com:8080/storage/card/2394/card_img/25975/2394card.png,12,0,1,9
2347,LOCA 나누기 카드,CHK,롯데카드,https://api.card-gorilla.com:8080/storage/card/2395/card_img/26085/2395card.png,https://api.card-gorilla.com:8080/storage/card/2395/card_img/26085/2395card.png,3,0,1,10
2348,Diners Club POINT,CRD,우리카드,https://api.card-gorilla.com:8080/storage/card/2396/card_img/26137/2396card.png,https://api.card-gorilla.com:8080/storage/card/2396/card_img/26137/2396card.png,29,0,1,6
2349,Diners Club MILEAGE,CRD,우리카드,https://api.card-gorilla.com:8080/storage/card/2397/card_img/26138/2397card.png,https://api.card-gorilla.com:8080/storage/card/2397/card_img/26138/2397card.png,46,0,1,8
2350,신세계 더 마일리지 삼성카드 (스카이패스),CRD,삼성카드,https://api.card-gorilla.com:8080/storage/card/2398/card_img/26177/2398card.png,https://api.card-gorilla.com:8080/storage/card/2398/card_img/26177/2398card.png,36,0,1,8
2351,리브 NEXT카드,CRD,국민카드,https://api.card-gorilla.com:8080/storage/card/2399/card_img/26192/2399card.png,https://api.card-gorilla.com:8080/storage/card/2399/card_img/26192/2399card.png,34,0,1,10
2352,밥바라밥 페이북머니 체크카드,CHK,BC 바로카드,https://api.card-gorilla.com:8080/storage/card/2400/card_img/26209/2400card.png,https://api.card-gorilla.com:8080/storage/card/2400/card_img/26209/2400card.png,38,0,1,7
2353,NU Nature,CRD,우리카드,https://api.card-gorilla.com:8080/storage/card/2401/card_img/26210/2401card.png,https://api.card-gorilla.com:8080/storage/card/2401/card_img/26210/2401card.png,30,0,1,7
2354,GS리테일 NH농협카드,CHK,NH농협카드,https://api.card-gorilla.com:8080/storage/card/2402/card_img/26571/2402card.png,https://api.card-gorilla.com:8080/storage/card/2402/card_img/26571/2402card.png,44,0,1,10
2355,NU I&U,CHK,우리카드,https://api.card-gorilla.com:8080/storage/card/2403/card_img/26478/2403card.png,https://api.card-gorilla.com:8080/storage/card/2403/card_img/26478/2403card.png,5,0,1,4
2356,코오롱몰 우리카드,CHK,우리카드,https://api.card-gorilla.com:8080/storage/card/2404/card_img/26275/2404card.png,https://api.card-gorilla.com:8080/storage/card/2404/card_img/26275/2404card.png,37,0,1,3
2357,#any 하나카드,CHK,하나카드,https://api.card-gorilla.com:8080/storage/card/2405/card_img/26454/2405card.png,https://api.card-gorilla.com:8080/storage/card/2405/card_img/26454/2405card.png,2,0,1,7
2358,하나 CLUB H 아메리칸 익스프레스 리저브 카드,CHK,하나카드,https://api.card-gorilla.com:8080/storage/card/2406/card_img/26473/2406card.png,https://api.card-gorilla.com:8080/storage/card/2406/card_img/26473/2406card.png,4,0,1,5
2359,삼성 iD PET 카드,CHK,삼성카드,https://api.card-gorilla.com:8080/storage/card/2407/card_img/26843/2407card.png,https://api.card-gorilla.com:8080/storage/card/2407/card_img/26843/2407card.png,38,0,1,3
2360,올바른HOMETOWN카드,CRD,NH농협카드,https://api.card-gorilla.com:8080/storage/card/2408/card_img/26508/2408card.png,https://api.card-gorilla.com:8080/storage/card/2408/card_img/26508/2408card.png,0,0,1,9
2361,#MY WAY 카드,CHK,하나카드,https://api.card-gorilla.com:8080/storage/card/2409/card_img/26572/2409card.png,https://api.card-gorilla.com:8080/storage/card/2409/card_img/26572/2409card.png,1,0,1,7
2362,New 제주항공 하나카드,CRD,하나카드,https://api.card-gorilla.com:8080/storage/card/2410/card_img/26582/2410card.png,https://api.card-gorilla.com:8080/storage/card/2410/card_img/26582/2410card.png,11,0,1,4
2363,슈퍼쇼퍼카드,CRD,하나카드,https://api.card-gorilla.com:8080/storage/card/2411/card_img/26602/2411card.png,https://api.card-gorilla.com:8080/storage/card/2411/card_img/26602/2411card.png,30,0,1,6
2364,아멕스 플래티넘 아시아나클럽 롯데카드,CRD,롯데카드,https://api.card-gorilla.com:8080/storage/card/2412/card_img/26720/2412card.png,https://api.card-gorilla.com:8080/storage/card/2412/card_img/26720/2412card.png,18,0,1,0
2365,신한카드 핏(Fit),CRD,신한카드,https://api.card-gorilla.com:8080/storage/card/2413/card_img/26866/2413card.png,https://api.card-gorilla.com:8080/storage/card/2413/card_img/26866/2413card.png,30,0,1,5
2366,인플카 현대카드,CRD,현대카드,https://api.card-gorilla.com:8080/storage/card/2414/card_img/26903/2414card.png,https://api.card-gorilla.com:8080/storage/card/2414/card_img/26903/2414card.png,20,0,1,0
2367,신한카드 Eats More(곰표),CRD,신한카드,https://api.card-gorilla.com:8080/storage/card/2415/card_img/26914/2415card.png,https://api.card-gorilla.com:8080/storage/card/2415/card_img/26914/2415card.png,36,0,1,5
2368,이마트II KB국민카드(옐로우),CHK,국민카드,https://api.card-gorilla.com:8080/storage/card/2416/card_img/26998/2416card.png,https://api.card-gorilla.com:8080/storage/card/2416/card_img/26998/2416card.png,15,0,1,7
2369,인플카 현대카드 CHECK,CRD,현대카드,https://api.card-gorilla.com:8080/storage/card/2417/card_img/26967/2417card.png,https://api.card-gorilla.com:8080/storage/card/2417/card_img/26967/2417card.png,45,0,1,1
2370,始發(시발)카드,CRD,BC 바로카드,https://api.card-gorilla.com:8080/storage/card/2418/card_img/27018/2239card.png,https://api.card-gorilla.com:8080/storage/card/2418/card_img/27018/2239card.png,27,0,1,2
2371,삼성 iD POCKET 카드,CRD,삼성카드,https://api.card-gorilla.com:8080/storage/card/2419/card_img/27078/2419card.png,https://api.card-gorilla.com:8080/storage/card/2419/card_img/27078/2419card.png,25,0,1,9
2372,카카오뱅크 개인사업자 삼성카드,CHK,삼성카드,https://api.card-gorilla.com:8080/storage/card/2420/card_img/27090/2420card.png,https://api.card-gorilla.com:8080/storage/card/2420/card_img/27090/2420card.png,20,0,1,7
2373,카카오뱅크 개인사업자 체크카드,CHK,카카오뱅크,https://api.card-gorilla.com:8080/storage/card/2421/card_img/27093/2421card.png,https://api.card-gorilla.com:8080/storage/card/2421/card_img/27093/2421card.png,27,0,1,5
2374,노리2 체크카드(KB Pay),CHK,국민카드,https://api.card-gorilla.com:8080/storage/card/2422/card_img/27141/2422card.png,https://api.card-gorilla.com:8080/storage/card/2422/card_img/27141/2422card.png,17,0,1,0
2375,노리2 체크카드(Global),CHK,국민카드,https://api.card-gorilla.com:8080/storage/card/2423/card_img/27142/2423card.png,https://api.card-gorilla.com:8080/storage/card/2423/card_img/27142/2423card.png,48,0,1,2
2376,LOCA X 구독,CHK,롯데카드,https://api.card-gorilla.com:8080/storage/card/2424/card_img/27180/2424card.png,https://api.card-gorilla.com:8080/storage/card/2424/card_img/27180/2424card.png,8,0,1,2
2377,MY 체크카드,CHK,케이뱅크,https://api.card-gorilla.com:8080/storage/card/2425/card_img/27182/2425card.png,https://api.card-gorilla.com:8080/storage/card/2425/card_img/27182/2425card.png,48,0,1,10
2378,신한카드 FANtastic S 체크(LoL),CRD,신한카드,https://api.card-gorilla.com:8080/storage/card/2426/card_img/27197/2426card.png,https://api.card-gorilla.com:8080/storage/card/2426/card_img/27197/2426card.png,17,0,1,8
2379,zgm.the pay카드,CHK,NH농협카드,https://api.card-gorilla.com:8080/storage/card/2427/card_img/27201/2427card.png,https://api.card-gorilla.com:8080/storage/card/2427/card_img/27201/2427card.png,43,0,1,1
2380,zgm.streaming카드,CRD,NH농협카드,https://api.card-gorilla.com:8080/storage/card/2428/card_img/27226/2428card.png,https://api.card-gorilla.com:8080/storage/card/2428/card_img/27226/2428card.png,43,0,1,7
2381,삼프로TV 하나카드,CHK,하나카드,https://api.card-gorilla.com:8080/storage/card/2429/card_img/27228/2429card.png,https://api.card-gorilla.com:8080/storage/card/2429/card_img/27228/2429card.png,35,0,1,8
2382,SC제일은행-현대카드 M CHECK,CRD,현대카드,https://api.card-gorilla.com:8080/storage/card/2430/card_img/27293/2430card.png,https://api.card-gorilla.com:8080/storage/card/2430/card_img/27293/2430card.png,27,0,1,0
2383,SC제일은행-현대카드 X CHECK,CHK,현대카드,https://api.card-gorilla.com:8080/storage/card/2431/card_img/27294/2431card.png,https://api.card-gorilla.com:8080/storage/card/2431/card_img/27294/2431card.png,27,0,1,1
2384,네이버페이 머니 하나 체크카드,CHK,하나카드,https://api.card-gorilla.com:8080/storage/card/2432/card_img/27295/2432card.png,https://api.card-gorilla.com:8080/storage/card/2432/card_img/27295/2432card.png,19,0,1,6
2385,네이버페이 쇼핑엔로카,CRD,롯데카드,https://api.card-gorilla.com:8080/storage/card/2433/card_img/27297/2434card.png,https://api.card-gorilla.com:8080/storage/card/2433/card_img/27297/2434card.png,24,0,1,0
